File,Title
/home/sprice/coldspray_documents/documents/outputs/Article_8/auto/Article_8.md,Effects of processing on microstructure evolution and fatigue crack growth mechanisms in cold-spray 6061 aluminum alloy
/home/sprice/coldspray_documents/documents/outputs/Article_3082/auto/Article_3082.md,An overview of intermetallics research and application: Status of thermal spray coatings
/home/sprice/coldspray_documents/documents/outputs/Article_5357/auto/Article_5357.md,Investigation of the temperature-dependent failure processes in PVD Cr-coated ZIRLO nuclear fuel cladding using in situ X-ray micro-tomography imaging
/home/sprice/coldspray_documents/documents/outputs/Article_952/auto/Article_952.md,Cold sprayed Ta-Ag composites: Mechanistic insight into enhanced corrosion resistance and antibacterial ability
/home/sprice/coldspray_documents/documents/outputs/Article_2491/auto/Article_2491.md,AN OVERVIEW OF PROCESSING AND PROPERTIES OFCU/CNT NANO COMPOSITES
/home/sprice/coldspray_documents/documents/outputs/Article_1242/auto/Article_1242.md,Microstructural evolution and deposition mechanism of cold-sprayed Cr coatings on the Al and Ti substrates
/home/sprice/coldspray_documents/documents/outputs/Article_1691/auto/Article_1691.md,Comparative Evaluation of Titanium Feedstock Powder Derived from Recycled Battlefield Scrap vs. Virgin Powder for Cold Spray Processing
/home/sprice/coldspray_documents/documents/outputs/Article_2270/auto/Article_2270.md,Combined effect of hot extrusion and heat treatment on the mechanical behavior of 7055 AA processed via spray metal forming
/home/sprice/coldspray_documents/documents/outputs/Article_2552/auto/Article_2552.md,Advances in hydroxyapatite coatings on biodegradable magnesium and its alloys
/home/sprice/coldspray_documents/documents/outputs/Article_5054/auto/Article_5054.md,On the role of oxide film’s cleaning effect into the metallurgical bonding during cold spray
/home/sprice/coldspray_documents/documents/outputs/Article_2796/auto/Article_2796.md,Wear behaviour of ${ \bf A l } _ { 2 } { \bf O } _ { 3 }$ dispersion strengthened MCrAlY coating
/home/sprice/coldspray_documents/documents/outputs/Article_3128/auto/Article_3128.md,Fabrication of wear-resistant diamond/Ni-based composite coatings via induction brazing
/home/sprice/coldspray_documents/documents/outputs/Article_3097/auto/Article_3097.md,Additive manufacturing of metals: Microstructure evolution and multistage control
/home/sprice/coldspray_documents/documents/outputs/Article_3058/auto/Article_3058.md,Characterization of Copper Layers Produced by Cold Gas-Dynamic Spraying
/home/sprice/coldspray_documents/documents/outputs/Article_522/auto/Article_522.md,Fabrication of Ceramic Reinforcement Aluminium and Its Alloys Metal Matrix Composite Materials: A Review
/home/sprice/coldspray_documents/documents/outputs/Article_848/auto/Article_848.md,"Post-treatment technologies for high-speed additive manufacturing： Status, challenge and tendency"
/home/sprice/coldspray_documents/documents/outputs/Article_2561/auto/Article_2561.md,Decreased porosity and improved corrosion resistance of B4C-filled Al slabs via hot cross-rolling
/home/sprice/coldspray_documents/documents/outputs/Article_1482/auto/Article_1482.md,Cold Spray Forming of Inconel 718
/home/sprice/coldspray_documents/documents/outputs/Article_103/auto/Article_103.md,Microstructure Characteristics and Mechanical Properties of Al-12Si Coatings on AZ31 Magnesium Alloy Produced by Cold Spray Technique
/home/sprice/coldspray_documents/documents/outputs/Article_3381/auto/Article_3381.md,Neutronic evaluation of coating and cladding materials for accident tolerant fuels
/home/sprice/coldspray_documents/documents/outputs/Article_5192/auto/Article_5192.md,The behavior of plasma sprayed thermal barrier coating with laser microtextured bond coat under high temperature testing
/home/sprice/coldspray_documents/documents/outputs/Article_5519/auto/Article_5519.md,First attempt to print Co-based alloys with high glass forming ability by selective laser melting
/home/sprice/coldspray_documents/documents/outputs/Article_5533/auto/Article_5533.md,"Mechanical, tribological and corrosion physiognomies of CNT-Al metal matrix composite (MMC) coatings deposited by cold gas dynamic spray (CGDS) process"
/home/sprice/coldspray_documents/documents/outputs/Article_2211/auto/Article_2211.md,Creating in-situ polymeric layer based on photocuring for various construction applications
/home/sprice/coldspray_documents/documents/outputs/Article_1060/auto/Article_1060.md,Surface modification of WE43 Mg alloy via combination of cold spray and micro-arc oxidation for wear related applications at high temperatures
/home/sprice/coldspray_documents/documents/outputs/Article_3598/auto/Article_3598.md,铁基非晶合金涂层的制备及其耐磨防腐性能研究进展
/home/sprice/coldspray_documents/documents/outputs/Article_772/auto/Article_772.md,Mechanical performance of high strength steel under corrosion: A review study
/home/sprice/coldspray_documents/documents/outputs/Article_1068/auto/Article_1068.md,Cold Spray metal powder deposition with 9% Cr-steel applied for the HCPB First Wall fabrication: Proof of concept and options for ODS steel processing
/home/sprice/coldspray_documents/documents/outputs/Article_1507/auto/Article_1507.md,Influence of hot isostatic pressing on structure and properties of titanium cold-spray deposits
/home/sprice/coldspray_documents/documents/outputs/Article_1565/auto/Article_1565.md,Microstructure and mechanical properties of cold sprayed 7075 deposition during non-isothermal annealing
/home/sprice/coldspray_documents/documents/outputs/Article_3237/auto/Article_3237.md,Increasing the application fields of magnesium by ultraceramic®: Corrosion and wear protection by plasma electrolytical oxidation (PEO) of Mg alloys
/home/sprice/coldspray_documents/documents/outputs/Article_556/auto/Article_556.md,WROUGHT ALUMINIUM ALLOYS
/home/sprice/coldspray_documents/documents/outputs/Article_2475/auto/Article_2475.md,Beneficial Effects of Synchronous Laser Irradiation on the Characteristics of Cold-Sprayed Copper Coatings
/home/sprice/coldspray_documents/documents/outputs/Article_5749/auto/Article_5749.md,"A critical review of multifunctional titanium surfaces: New frontiers for improving osseointegration and host response, avoiding bacteria contamination"
/home/sprice/coldspray_documents/documents/outputs/Article_1898/auto/Article_1898.md,Modeling of extremely ductile behavior of Zr-based bulk metallic glasses under compressive strain paths for solid-state processing
/home/sprice/coldspray_documents/documents/outputs/Article_5476/auto/Article_5476.md,Research progress of residual stress determination in magnesium alloys
/home/sprice/coldspray_documents/documents/outputs/Article_3361/auto/Article_3361.md,Experimental Verification of Through-Process Modeling of Cold Spray Aluminum Alloys
/home/sprice/coldspray_documents/documents/outputs/Article_5791/auto/Article_5791.md,Aesthetic Surgery of the Periocular Region and Face
/home/sprice/coldspray_documents/documents/outputs/Article_1158/auto/Article_1158.md,Interface melding in cold spray titanium particle impact
/home/sprice/coldspray_documents/documents/outputs/Article_6034/auto/Article_6034.md,Functionally graded coatings for enhanced wear resistance in AA7075 via cold spray
/home/sprice/coldspray_documents/documents/outputs/Article_5685/auto/Article_5685.md,A facile method for fabrication of nano-structured ${ \mathrm { N i } } { - } { \mathrm { A l } } _ { 2 } { \mathrm { O } } _ { 3 }$ graded coatings: Structural characterization
/home/sprice/coldspray_documents/documents/outputs/Article_5195/auto/Article_5195.md,High speed impact behaviors of Al alloy particle onto mild steel substrate during kinetic deposition
/home/sprice/coldspray_documents/documents/outputs/Article_5492/auto/Article_5492.md,Tailoring the residual stress during two-step cold gas spraying and frictionstir surface integration of titanium coating
/home/sprice/coldspray_documents/documents/outputs/Article_2230/auto/Article_2230.md,Enhancement of tribological properties of pure copper through cold sprayed ${ \mathsf { M o S } } _ { 2 }$ coating
/home/sprice/coldspray_documents/documents/outputs/Article_2250/auto/Article_2250.md,Reactive friction-stir processing of an Al-Mg alloy with introducing multiwalled carbon nano-tubes (MW-CNTs): Microstructural characteristics and mechanical properties
/home/sprice/coldspray_documents/documents/outputs/Article_1849/auto/Article_1849.md,Effect of Particle Size on Ceramic Particle Content in Cold Sprayed Al-Based Metal Matrix Composite Coating
/home/sprice/coldspray_documents/documents/outputs/Article_119/auto/Article_119.md,Microstructural stability of ultrafine grained cold sprayed 6061 aluminum alloy
/home/sprice/coldspray_documents/documents/outputs/Article_1281/auto/Article_1281.md,Modelling and experimental testing of a novel focused infrared heater for use with cold spray
/home/sprice/coldspray_documents/documents/outputs/Article_5258/auto/Article_5258.md,Effects of microstructure and inherent stress on residual stress induced during powder bed fusion with roller burnishing
/home/sprice/coldspray_documents/documents/outputs/Article_3433/auto/Article_3433.md,Microstructural analysis of gas atomized Al-Cu alloy feedstock powders for cold spray deposition
/home/sprice/coldspray_documents/documents/outputs/Article_1042/auto/Article_1042.md,"Effect of WC-17Co content on microstructure, mechanical properties and tribological behavior of low-pressure cold sprayed tin bronze composite coating"
/home/sprice/coldspray_documents/documents/outputs/Article_6078/auto/Article_6078.md,"Hot corrosion behavior of YSZ, Gd₂Zr₂O₇ and YSZ/Gd₂Zr₂O₇ thermal barrier coatings exposed to molten sulfate and vanadate salt"
/home/sprice/coldspray_documents/documents/outputs/Article_2587/auto/Article_2587.md,Formation of Cold-Sprayed Ceramic Titanium Dioxide Layers on Metal Surfaces
/home/sprice/coldspray_documents/documents/outputs/Article_2215/auto/Article_2215.md,"Microstructure, microhardness and high-temperature tribological properties of CoCrFeNiMnTi0.3 high entropy alloy coating manufactured by powder-bed arc additive manufacturing"
/home/sprice/coldspray_documents/documents/outputs/Article_508/auto/Article_508.md,Effect of laser heating on microstructure and deposition properties of cold sprayed SS304L
/home/sprice/coldspray_documents/documents/outputs/Article_2754/auto/Article_2754.md,High-Pressure Cold Spray Coatings for Aircraft Brakes Application
/home/sprice/coldspray_documents/documents/outputs/Article_1031/auto/Article_1031.md,Mechanical property improvement induced by nanoscaled deformation twins in cold-sprayed Cu coatings
/home/sprice/coldspray_documents/documents/outputs/Article_942/auto/Article_942.md,Fatigue behavior of freestanding AA2024 and AA7075 cold spray deposits
/home/sprice/coldspray_documents/documents/outputs/Article_6065/auto/Article_6065.md,High-temperature CMAS resistance performance of Ti2AlC oxide scales
/home/sprice/coldspray_documents/documents/outputs/Article_1233/auto/Article_1233.md,Effects of interface microstructure on adhesion of polyetheretherketone metallized by titanium cold spray
/home/sprice/coldspray_documents/documents/outputs/Article_1282/auto/Article_1282.md,Structural integrity of additively manufactured stainless steel with cold sprayed barrier coating under combined cyclic loading
/home/sprice/coldspray_documents/documents/outputs/Article_5118/auto/Article_5118.md,Anti-Thermal-Fatigue Property of 8407 Steel With Surface Aluminization and Oxidation Treatment
/home/sprice/coldspray_documents/documents/outputs/Article_602/auto/Article_602.md,Strain rate-dependent behavior of cold-sprayed additively manufactured $\mathsf { A l { - } A l _ { 2 } O _ { 3 } }$ composites: Micromechanical modeling and experimentation
/home/sprice/coldspray_documents/documents/outputs/Article_806/auto/Article_806.md,"Metal powder atomization preparation, modification, and reuse for additive manufacturing: A review"
/home/sprice/coldspray_documents/documents/outputs/Article_3627/auto/Article_3627.md,Characteristics and Microstructural Development of Cold-Sprayed Copper Coating on Aluminum
/home/sprice/coldspray_documents/documents/outputs/Article_5098/auto/Article_5098.md,"Interfacial studies between cold-sprayed ${ \bf W } { \bf O } _ { 3 }$, ${ \bf Y } _ { 2 } { \bf O } _ { 3 }$ films and Si substrate"
/home/sprice/coldspray_documents/documents/outputs/Article_636/auto/Article_636.md,"Aluminium matrix composites reinforced with high entropy alloys: A comprehensive review on interfacial reactions, mechanical, corrosion, and tribological characteristics"
/home/sprice/coldspray_documents/documents/outputs/Article_6027/auto/Article_6027.md,Challenges of single-crystal CMSX-4 repair using cold spray
/home/sprice/coldspray_documents/documents/outputs/Article_1924/auto/Article_1924.md,High-temperature oxidation and quenching of chromium-coated zirconium alloy ATF cladding tubes with and w/o pre-damage
/home/sprice/coldspray_documents/documents/outputs/Article_3244/auto/Article_3244.md,Comparative Study of Selective Laser Melting and Direct Laser Metal Deposition of Ni3Al Intermetallic Alloy
/home/sprice/coldspray_documents/documents/outputs/Article_2556/auto/Article_2556.md,Prospects of laser welding technology in the automotive industry: A review
/home/sprice/coldspray_documents/documents/outputs/Article_271/auto/Article_271.md,Effect of substrate surface roughening and cold spray coating on the fatigue life of AA2024 specimens
/home/sprice/coldspray_documents/documents/outputs/Article_3468/auto/Article_3468.md,Interface structure and properties of spray-forming (SiCp + β-LiAlSiO4)/6092Al matrix composites
/home/sprice/coldspray_documents/documents/outputs/Article_1667/auto/Article_1667.md,Evaluating the Application of Cold Spray Technology for the Deposition of Copper–Graphene Composite Coatings
/home/sprice/coldspray_documents/documents/outputs/Article_1057/auto/Article_1057.md,New insights on bonding mechanism of FCC and BCC high entropy alloy microparticles upon supersonic impact using micromechanical adhesion test
/home/sprice/coldspray_documents/documents/outputs/Article_5602/auto/Article_5602.md,"Microstructure, wear resistance, corrosion behavior, and cytotoxicity of Mg-Zn-Ca amorphous coatings fabricated by laser surface melting"
/home/sprice/coldspray_documents/documents/outputs/Article_1179/auto/Article_1179.md,Effects of subcooling on downward facing boiling heat transfer with micro-porous coating formed by Cold Spray technique
/home/sprice/coldspray_documents/documents/outputs/Article_5751/auto/Article_5751.md,Nanostructured and conventional YSZ coatings deposited using APS and TTPR techniques
/home/sprice/coldspray_documents/documents/outputs/Article_2217/auto/Article_2217.md,Additive manufacturing of copper-based alloys for high-temperature aerospace applications: A review
/home/sprice/coldspray_documents/documents/outputs/Article_3089/auto/Article_3089.md,Sinter formation during directed energy deposition of titanium alloy powders
/home/sprice/coldspray_documents/documents/outputs/Article_1255/auto/Article_1255.md,"Recent developments in CoCrFeNi-based high entropy alloy coatings: Design, synthesis, and properties"
/home/sprice/coldspray_documents/documents/outputs/Article_3144/auto/Article_3144.md,Towards highly durable bimodal composite claddings using microwave processing
/home/sprice/coldspray_documents/documents/outputs/Article_1356/auto/Article_1356.md,Erosion–corrosion behavior of cold-spray nanostructured Ni–20Cr coatings in actual boiler environment
/home/sprice/coldspray_documents/documents/outputs/Article_1524/auto/Article_1524.md,Hybrid additive manufacture of 316L stainless steel with cold spray and selective laser melting: Microstructure and mechanical properties
/home/sprice/coldspray_documents/documents/outputs/Article_2100/auto/Article_2100.md,Tribological behavior of the low-pressure cold sprayed (Cu-5Sn)/Al2O3-Ag solid-lubricating coating in artificial seawater
/home/sprice/coldspray_documents/documents/outputs/Article_3301/auto/Article_3301.md,Study of Stress Corrosion Cracking Resistance Of Copper Based Spinodal Alloys-Part 1
/home/sprice/coldspray_documents/documents/outputs/Article_1571/auto/Article_1571.md,The influence of Al₂O₃ particle morphology on the coating formation and dry sliding wear behavior of cold sprayed Al–Al₂O₃ composites
/home/sprice/coldspray_documents/documents/outputs/Article_2652/auto/Article_2652.md,Influence of V-containing species on formation and corrosion resistance of PEO coatings developed on AZ31B Mg alloy
/home/sprice/coldspray_documents/documents/outputs/Article_5468/auto/Article_5468.md,Additive manufacturing - welding composite repair of Q235 steel: interface microstructure control
/home/sprice/coldspray_documents/documents/outputs/Article_2777/auto/Article_2777.md,Biocompatible coatings for metallic biomaterials
/home/sprice/coldspray_documents/documents/outputs/Article_713/auto/Article_713.md,Effect of primary α phase fraction on deformation mechanism of Ti-1023 alloy at room temperature
/home/sprice/coldspray_documents/documents/outputs/Article_997/auto/Article_997.md,Experimental studies and numerical simulation of cold spray technique to investigate the effect of operating parameters on the thickness of Fe/TiO2 self-cleaning film
/home/sprice/coldspray_documents/documents/outputs/Article_2310/auto/Article_2310.md,Influence of Particle Velocity When Propelled Using N2 or N2-He Mixed Gas on the Properties of Cold-Sprayed Ti6Al4V Coatings
/home/sprice/coldspray_documents/documents/outputs/Article_2630/auto/Article_2630.md,Heat treatment of cold spray coatings to form protective intermetallic layers
/home/sprice/coldspray_documents/documents/outputs/Article_2385/auto/Article_2385.md,Local microstructure evolution and mechanical performance of friction stir additive manufactured 2195 Al-Li alloy
/home/sprice/coldspray_documents/documents/outputs/Article_1975/auto/Article_1975.md,Corrosion behavior of WC-Co coatings deposited by cold gas spray onto AA 7075-T6
/home/sprice/coldspray_documents/documents/outputs/Article_2483/auto/Article_2483.md,A computational analysis and suitability assessment of cold-gas dynamic spraying of glass-fiber-reinforced poly-amide 6 for use in direct-adhesion polymer metal hybrid components
/home/sprice/coldspray_documents/documents/outputs/Article_2143/auto/Article_2143.md,Surface nanocrystallization treatment of AZ91D magnesium alloy by cold spraying shot peening process
/home/sprice/coldspray_documents/documents/outputs/Article_3428/auto/Article_3428.md,"Structural repair using cold spray technology for enhanced esriunsgtSaoicnieatbyiIlnitterynaotifonhailgChonfvearelnuce 2a0s1s7e, tMs"
/home/sprice/coldspray_documents/documents/outputs/Article_5335/auto/Article_5335.md,Effects of laser shock peening post-treatment on microstructure and corrosion resistance of phosphate conversion coatings
/home/sprice/coldspray_documents/documents/outputs/Article_1319/auto/Article_1319.md,Effects of dispersed d-Al₂O₃ particles into a cold-sprayed aluminium coating on its subsequent oxidation by the PEO process
/home/sprice/coldspray_documents/documents/outputs/Article_1079/auto/Article_1079.md,Microstructure and properties of self-lubricating Cu-NiP-C coatings produced by high-pressure cold spray
/home/sprice/coldspray_documents/documents/outputs/Article_2996/auto/Article_2996.md,A molecular dynamics survey study of impact-induced amorphization in yttria nanoparticles
/home/sprice/coldspray_documents/documents/outputs/Article_3376/auto/Article_3376.md,Alleviating delamination of Ti2AlC coating upon oxidation at 600 °C with heavy incorporation of TiC
/home/sprice/coldspray_documents/documents/outputs/Article_1790/auto/Article_1790.md,Optimal design of a convergent-barrel cold spray nozzle by numerical method
/home/sprice/coldspray_documents/documents/outputs/Article_2793/auto/Article_2793.md,In-situ surface modification and bulk alloying of anti-bacterial Cu-bearing stainless steel using selective laser melting
/home/sprice/coldspray_documents/documents/outputs/Article_2843/auto/Article_2843.md,A non-melting additive approach to structural repair of aluminum aircraft fastener holes
/home/sprice/coldspray_documents/documents/outputs/Article_2922/auto/Article_2922.md,Laser cladding—a modern joining technique
/home/sprice/coldspray_documents/documents/outputs/Article_95/auto/Article_95.md,Effects of different heat treatments on anisotropy of cold sprayed 7075 Al deposits
/home/sprice/coldspray_documents/documents/outputs/Article_649/auto/Article_649.md,Multi-scale analysis of microstructural evolution and atomic bonding mechanisms in CoCrFeMnNi high-entropy alloys upon cold spray impact
/home/sprice/coldspray_documents/documents/outputs/Article_2368/auto/Article_2368.md,"Anisotropic microstructure, properties and molecular dynamics simulation of CoCrNi medium entropy alloy fabricated by laser directed energy deposition"
/home/sprice/coldspray_documents/documents/outputs/Article_2953/auto/Article_2953.md,Manufacturing of advanced smart tooling for metal forming
/home/sprice/coldspray_documents/documents/outputs/Article_5481/auto/Article_5481.md,Evaluation of air oxidation and internal stresses induced by quenching of partially Cr-coated and uncoated optimized ZIRLO part I: Materials characterization
/home/sprice/coldspray_documents/documents/outputs/Article_2002/auto/Article_2002.md,Radiation response of Ti2AlC MAX phase coated Zircaloy-4 for accident tolerant fuel cladding
/home/sprice/coldspray_documents/documents/outputs/Article_5193/auto/Article_5193.md,Investigation on microstructure and high-temperature wear properties of high-speed laser cladding Inconel 625 alloy
/home/sprice/coldspray_documents/documents/outputs/Article_3223/auto/Article_3223.md,Microstructure evolution of innovative thermal bridge composite (i-TBC) for power electronics during elaboration
/home/sprice/coldspray_documents/documents/outputs/Article_1185/auto/Article_1185.md,Tailoring the composite interface at lower temperature by the nanoscale interfacial active layer formed in cold sprayed cBN/ NiCrAl nanocomposite
/home/sprice/coldspray_documents/documents/outputs/Article_2841/auto/Article_2841.md,The thermal fatigue resistance of H13 steel repaired by a biomimetic laser remelting process
/home/sprice/coldspray_documents/documents/outputs/Article_2106/auto/Article_2106.md,A Through-Process Experimental Approach to Enable Optimization of Cold Sprayed Al 7075 Consolidation Performance
/home/sprice/coldspray_documents/documents/outputs/Article_5801/auto/Article_5801.md,"Strategic examination of the classical catalysis of formic acid decomposition for intermittent hydrogen production, storage and supply: A review"
/home/sprice/coldspray_documents/documents/outputs/Article_2679/auto/Article_2679.md,Anti-pathogen stainless steel combating COVID-19
/home/sprice/coldspray_documents/documents/outputs/Article_5361/auto/Article_5361.md,Normalized hardness prediction of L-DED metal matrix composite coatings for wear-resistant applications
/home/sprice/coldspray_documents/documents/outputs/Article_832/auto/Article_832.md,"Titanium-based materials: synthesis, properties, and applications"
/home/sprice/coldspray_documents/documents/outputs/Article_3637/auto/Article_3637.md,A predictive modeling approach for cold spray metallization on polymers
/home/sprice/coldspray_documents/documents/outputs/Article_2299/auto/Article_2299.md,"Design and optimization of rectangular cold spray nozzle: Radial injection angle, expansion ratio and traverse speed"
/home/sprice/coldspray_documents/documents/outputs/Article_3070/auto/Article_3070.md,Influence of substrate hardness on deposition behavior of single porous WC-12Co particle in cold spraying
/home/sprice/coldspray_documents/documents/outputs/Article_2873/auto/Article_2873.md,Effect of particle size on the microstructure and consolidation behavior of nickel coating fabricated by laser shockwave sintering
/home/sprice/coldspray_documents/documents/outputs/Article_961/auto/Article_961.md,Environmental impact of cold sprayed 3D-Printed aluminium metal parts
/home/sprice/coldspray_documents/documents/outputs/Article_652/auto/Article_652.md,A Critical Review on Heat Treatment of Aluminium Alloys
/home/sprice/coldspray_documents/documents/outputs/Article_1546/auto/Article_1546.md,Enhancing Mechanical Performance and Heat Treatment Response in AA2024 Alloys Through B4C and Alumina
/home/sprice/coldspray_documents/documents/outputs/Article_5021/auto/Article_5021.md,Cold spray for production of in-situ nanocrystalline MCrAlY coatings – Part II: Isothermal oxidation performance
/home/sprice/coldspray_documents/documents/outputs/Article_65/auto/Article_65.md,Fabrication of aluminum–alumina metal matrix composites via cold gas dynamic spraying at low pressure followed by friction stir processing
/home/sprice/coldspray_documents/documents/outputs/Article_590/auto/Article_590.md,Research progress of high entropy alloy: Surface treatment improves friction and wear properties
/home/sprice/coldspray_documents/documents/outputs/Article_2969/auto/Article_2969.md,Novel Fatigue Tester for Additively Manufactured Metals
/home/sprice/coldspray_documents/documents/outputs/Article_1047/auto/Article_1047.md,Effect of cold sprayed Al coating on mechanical property and corrosion behavior of friction stir welded AA2024-T351 joint
/home/sprice/coldspray_documents/documents/outputs/Article_3382/auto/Article_3382.md,Nickel aluminides
/home/sprice/coldspray_documents/documents/outputs/Article_1980/auto/Article_1980.md,"Performance evaluation of hybrid sisalana Agave fiber and carbon powder in polyester composites: A study on mechanical, thermal, and microstructural characteristics"
/home/sprice/coldspray_documents/documents/outputs/Article_3549/auto/Article_3549.md,Sinter-based additive manufacturing of hardmetals: Review
/home/sprice/coldspray_documents/documents/outputs/Article_3194/auto/Article_3194.md,Additive manufacturing applied to heat pipes
/home/sprice/coldspray_documents/documents/outputs/Article_1840/auto/Article_1840.md,Corrosion Behavior and Microstructure of Cu-Based Composite Coatings Deposited by Cold Spraying
/home/sprice/coldspray_documents/documents/outputs/Article_3352/auto/Article_3352.md,Laser-clad Al-Ti-Zr and Cr-Ti-Zr coatings on Zr alloy: composition-induced microstructural and hardness differences
/home/sprice/coldspray_documents/documents/outputs/Article_867/auto/Article_867.md,Mechanical properties and microstructures in zirconium deposited by injected powder laser additive manufacturing
/home/sprice/coldspray_documents/documents/outputs/Article_1471/auto/Article_1471.md,High-Strength Copper/Silver Alloys Processed by Cold Spraying for DC and Pulsed High Magnetic Fields
/home/sprice/coldspray_documents/documents/outputs/Article_1654/auto/Article_1654.md,Effect of heat treatment on the microstructure and property of cold-sprayed nanostructured FeAl/Al₂O₃ intermetallic composite coating
/home/sprice/coldspray_documents/documents/outputs/Article_2842/auto/Article_2842.md,"Roles of Al on microstructures, mechanical properties and oxidation resistances of FCC AlxCoCrNiFe high entropy alloy coatings prepared by laser directed energy deposition"
/home/sprice/coldspray_documents/documents/outputs/Article_6004/auto/Article_6004.md,Research on the fracture toughness of pipeline steel X80 in a hydrogen environment
/home/sprice/coldspray_documents/documents/outputs/Article_5169/auto/Article_5169.md,Thermomechanical behavior of amorphous alloys based on titanium at the temperature range of the glass transition and crystallization MACMIL 77
/home/sprice/coldspray_documents/documents/outputs/Article_2952/auto/Article_2952.md,"A brief review of modified conductive carbon/glass fibre reinforced composites for structural applications: Lightning strike protection, electromagnetic shielding, and strain sensing"
/home/sprice/coldspray_documents/documents/outputs/Article_949/auto/Article_949.md,Fatigue crack initiation in cold spray coated AZ31B-H24 with AA7075 powder
/home/sprice/coldspray_documents/documents/outputs/Article_5396/auto/Article_5396.md,"The effect of powder particle size on microstructure, mechanical and tribological properties of APS-IN718 coatings for repair applications"
/home/sprice/coldspray_documents/documents/outputs/Article_5358/auto/Article_5358.md,Microstructure and tribology behaviors of in-situ WC/Fe carbide coating fabricated by plasma transferred arc metallurgic reaction
/home/sprice/coldspray_documents/documents/outputs/Article_2319/auto/Article_2319.md,Characteristic study of N07718 superalloy surface prepared by cold spray
/home/sprice/coldspray_documents/documents/outputs/Article_5312/auto/Article_5312.md,Advances in polyvinylidene fluoride (PVDF) for self-powered wearable physiological monitoring and energy harvesting applications
/home/sprice/coldspray_documents/documents/outputs/Article_519/auto/Article_519.md,Cold gas dynamic spray technology: A comprehensive review of processing conditions for various technological developments till to date
/home/sprice/coldspray_documents/documents/outputs/Article_3427/auto/Article_3427.md,"Structural power, energy, actuation, and mobility in intelligently directed systems enabled from nanocrystalline metals"
/home/sprice/coldspray_documents/documents/outputs/Article_1349/auto/Article_1349.md,SiO2 and MoSi2 formation on Inconel 625 surface via SiC coating deposited by cold spray
/home/sprice/coldspray_documents/documents/outputs/Article_2062/auto/Article_2062.md,Current Research Status on Cold Sprayed Amorphous Alloy Coatings: A Review
/home/sprice/coldspray_documents/documents/outputs/Article_1928/auto/Article_1928.md,Influence of heating temperature and holding time on the formation sequence of iron aluminides at the interface of Fe/Al coatings
/home/sprice/coldspray_documents/documents/outputs/Article_3055/auto/Article_3055.md,The complex spectral analysis method (CSAM): a new approach to the analysis of spectral information
/home/sprice/coldspray_documents/documents/outputs/Article_1506/auto/Article_1506.md,Influence of hot isostatic pressing and forging on the microstructure and mechanical properties of Cu-3Ag-1Zr alloys
/home/sprice/coldspray_documents/documents/outputs/Article_2876/auto/Article_2876.md,Microstructure evolution and property regulation of $\mathsf{CoCrNiNb}_{\mathrm{x}}$ laser cladding coatings
/home/sprice/coldspray_documents/documents/outputs/Article_1159/auto/Article_1159.md,Understanding the microstructural evolution of cold sprayed Ti-6Al-4V coatings on Ti-6Al-4V substrates
/home/sprice/coldspray_documents/documents/outputs/Article_3618/auto/Article_3618.md,Effect of the substrate surface and coating powder hardness on the formation of a cold sprayed composite layer
/home/sprice/coldspray_documents/documents/outputs/Article_3245/auto/Article_3245.md,Dynamic recrystallization of Silver nanocubes during high-velocity impacts
/home/sprice/coldspray_documents/documents/outputs/Article_5785/auto/Article_5785.md,Comparison between shot peening and abrasive blasting processes as deposition methods for hydroxyapatite coatings onto a titanium alloy
/home/sprice/coldspray_documents/documents/outputs/Article_1905/auto/Article_1905.md,Investigation of microstructural and mechanical properties in AA2024-T351 multi-layer friction surfacing
/home/sprice/coldspray_documents/documents/outputs/Article_3322/auto/Article_3322.md,Theoretical study including physic-based material model to identify underlying effect of vibration amplitude on residual stress distribution of ultrasonic burnishing process
/home/sprice/coldspray_documents/documents/outputs/Article_1530/auto/Article_1530.md,Improving strength-ductility synchronously of Electron beam welded Ti600/Ti2AlNb joint through isothermal forging
/home/sprice/coldspray_documents/documents/outputs/Article_2603/auto/Article_2603.md,Deposition Mechanism and Microstructure of Laser-Assisted Cold-Sprayed (LACS) Al-12 wt.%Si Coatings: Effects of Laser Power
/home/sprice/coldspray_documents/documents/outputs/Article_1841/auto/Article_1841.md,"Microstructure, Mechanical Property and Corrosion Behavior of Cold-Sprayed Zn Coatings on Mg Alloy Substrate"
/home/sprice/coldspray_documents/documents/outputs/Article_5783/auto/Article_5783.md,SOME ASPECTS OF TREATMENT OF PAIN BY COUNTER IRRITATION
/home/sprice/coldspray_documents/documents/outputs/Article_2669/auto/Article_2669.md,Oxidation and thermal stress analysis of silicide-coated Nb30Mo30Ti20Co20 high entropy alloys under high-temperature flame
/home/sprice/coldspray_documents/documents/outputs/Article_2706/auto/Article_2706.md,Effect of carbon nanotube (CNT) content on the mechanical properties of CNT-reinforced aluminium composites
/home/sprice/coldspray_documents/documents/outputs/Article_5548/auto/Article_5548.md,In-situ synthesis of novel Al-Fe-Si metallic glass coating by arc spraying
/home/sprice/coldspray_documents/documents/outputs/Article_595/auto/Article_595.md,Recent progress in the development and properties of aluminum matrix composites reinforced with graphene: A review
/home/sprice/coldspray_documents/documents/outputs/Article_860/auto/Article_860.md,Life cycle comprehensive performance assessment of the TiAlN coated tool based on surface treatment
/home/sprice/coldspray_documents/documents/outputs/Article_5788/auto/Article_5788.md,Tribological properties of Ni–W–TiO₂–GO composites produced by ultrasonically–assisted pulse electro co–deposition
/home/sprice/coldspray_documents/documents/outputs/Article_5403/auto/Article_5403.md,Influence of laser shock peening on the fretting wear behaviour of CuNiIn coating☆
/home/sprice/coldspray_documents/documents/outputs/Article_3225/auto/Article_3225.md,Tracing plastic deformation path and concurrent grain refinement during additive friction stir deposition
/home/sprice/coldspray_documents/documents/outputs/Article_1675/auto/Article_1675.md,Microstructure and mechanical properties of AA1050/AA6061 multilayer composites via accumulative roll bonding and cryorolling and subsequent aging
/home/sprice/coldspray_documents/documents/outputs/Article_2306/auto/Article_2306.md,Novel cooling technology to reduce thermal impedance and thermomechanical stress for SiC application
/home/sprice/coldspray_documents/documents/outputs/Article_1739/auto/Article_1739.md,Influence of Feedstock Powder Characteristics on the Response to Heat Treatment of Cold-Sprayed Copper Coatings
/home/sprice/coldspray_documents/documents/outputs/Article_1370/auto/Article_1370.md,"Correlation between the macroscopic adhesion strength of cold spray coating and the microscopic single-particle bonding behaviour: Simulation, experiment and prediction"
/home/sprice/coldspray_documents/documents/outputs/Article_973/auto/Article_973.md,Exploring surface preparation for cold spraying on polymers
/home/sprice/coldspray_documents/documents/outputs/Article_16/auto/Article_16.md,Engineered Aluminum Powder Microstructure and Mechanical Properties by Heat Treatment for Optimized Cold Spray Deposition of High-Strength Coatings
/home/sprice/coldspray_documents/documents/outputs/Article_3139/auto/Article_3139.md,Ultrafast thermomechanical effects in aerosol deposition of hydroxyapatite nanoparticles on a titanium substrate
/home/sprice/coldspray_documents/documents/outputs/Article_3648/auto/Article_3648.md,Thermoplastic coating on fiber reinforced polymer composites by cold spray additive manufacturing
/home/sprice/coldspray_documents/documents/outputs/Article_790/auto/Article_790.md,Effect of $\boldsymbol { \mathrm { { z r C } } }$ particle on microstructure and corrosion behavior of CoCrNi medium-entropy alloy fabricated by powder plasma arc cladding
/home/sprice/coldspray_documents/documents/outputs/Article_89/auto/Article_89.md,Friction Stir Welding and Processing IX
/home/sprice/coldspray_documents/documents/outputs/Article_2323/auto/Article_2323.md,Microstructural Evolution in Solution Heat Treatment of Gas-Atomized Al Alloy (7075) Powder for Cold Spray
/home/sprice/coldspray_documents/documents/outputs/Article_3356/auto/Article_3356.md,Gas-Atomized Al 6061 Powder: Phase Identification and Evolution During Thermal Treatment
/home/sprice/coldspray_documents/documents/outputs/Article_1455/auto/Article_1455.md,INFLUENCE OF ADDITION $\tilde { \Pi } \tilde { \mathbf { O } _ { 2 } }$ NANOPARTIELCS ON THEMECHANICAL PROPERTIES OF WELDING JOINTS FOR LOWCARBON STEEL BASE PLATE BY ELECTRIC ARC WELDING
/home/sprice/coldspray_documents/documents/outputs/Article_2453/auto/Article_2453.md,Microstructure and mechanical properties of hybrid additive manufactured dissimilar 17-4 PH and 316L stainless steels
/home/sprice/coldspray_documents/documents/outputs/Article_5589/auto/Article_5589.md,DEVELOPMENT OF GEOLOGICAL DISPOSAL SYSTEMS FOR SPENT FUELS AND HIGH-LEVEL RADIOACTIVE WASTES IN KOREA
/home/sprice/coldspray_documents/documents/outputs/Article_1992/auto/Article_1992.md,Effect of the spraying process on the microstructure and tribological properties of bronze–alumina composite coatings
/home/sprice/coldspray_documents/documents/outputs/Article_5733/auto/Article_5733.md,Amorphous oxide film formed by dynamic oxidation during kinetic spraying of titanium at high temperature and its role in subsequent coating formation
/home/sprice/coldspray_documents/documents/outputs/Article_1523/auto/Article_1523.md,Unraveling the effects of hot rolling on microstructure and mechanical properties of cold sprayed Mg/Al clad plates
/home/sprice/coldspray_documents/documents/outputs/Article_5658/auto/Article_5658.md,Laser cladding [Cr–Fe4Co4Ni4]Cr2.6-xAlxMo0.4 high-entropy alloy coating to strong-acid erosion
/home/sprice/coldspray_documents/documents/outputs/Article_1921/auto/Article_1921.md,Filament extrusion-based additive manufacturing of 316L stainless steel: Effects of sintering conditions on the microstructure and mechanical properties
/home/sprice/coldspray_documents/documents/outputs/Article_3448/auto/Article_3448.md,Progress in Inorganic Thin Films
/home/sprice/coldspray_documents/documents/outputs/Article_3673/auto/Article_3673.md,High entropy alloy (HEA) coatings for tribological applications - a review
/home/sprice/coldspray_documents/documents/outputs/Article_1910/auto/Article_1910.md,"Microstructure, mechanical properties and corrosion performance of 7075 Al matrix ceramic particle reinforced composite coatings produced by the cold gas dynamic spraying process"
/home/sprice/coldspray_documents/documents/outputs/Article_307/auto/Article_307.md,Nanosecond-Pulse Laser Assisted Cold Spraying of Al-Cu Aluminum Alloy
/home/sprice/coldspray_documents/documents/outputs/Article_2970/auto/Article_2970.md,Hard ultralight systems by thermal spray deposition of WC-CoCr onto AZ31 magnesium alloy
/home/sprice/coldspray_documents/documents/outputs/Article_1563/auto/Article_1563.md,Influence of substrate roughness on bonding mechanism in cold spray
/home/sprice/coldspray_documents/documents/outputs/Article_1617/auto/Article_1617.md,"Coatings, Surface Modifications, Spray Techniques (Cold Spray, HVOF/HVAF)"
/home/sprice/coldspray_documents/documents/outputs/Article_5583/auto/Article_5583.md,Characterization of residual stresses in fiber metal laminate interfaces – A combined approach applying hole-drilling method and energy-dispersive X-ray diffraction
/home/sprice/coldspray_documents/documents/outputs/Article_3568/auto/Article_3568.md,Electron probe microanalysis: A review of recent developments and applications in materials science and engineering
/home/sprice/coldspray_documents/documents/outputs/Article_1854/auto/Article_1854.md,The Effect of Spraying Parameters of the Inner-Diameter HighVelocity Air–Fuel (ID-HVAF) Torch on Characteristics of Ti-6Al4V In-Flight Particles and Coatings Formed at Short Spraying Distances
/home/sprice/coldspray_documents/documents/outputs/Article_783/auto/Article_783.md,RELATING POROSITY AND MECHANICAL PROPERTIES IN SPRAY FORMED TUBULARS
/home/sprice/coldspray_documents/documents/outputs/Article_5735/auto/Article_5735.md,Control of cooling during spray forming of bearing steel billets
/home/sprice/coldspray_documents/documents/outputs/Article_2653/auto/Article_2653.md,Electrochemical and mechanical characteristics of Al-Π_{(x)}SiC composite fabricated by high energy compaction
/home/sprice/coldspray_documents/documents/outputs/Article_1705/auto/Article_1705.md,Structure and Deposition Characteristics of Cold-Sprayed AA5083 and Al-Mg Binary Alloys Using Gas-Atomized Al-Mg Powders
/home/sprice/coldspray_documents/documents/outputs/Article_3470/auto/Article_3470.md,Phase Transformations in Thermally Treated Gas-Atomized Al 7075 Powder
/home/sprice/coldspray_documents/documents/outputs/Article_1293/auto/Article_1293.md,Effect of impact-induced melting on interface microstructure and bonding of cold-sprayed zinc coating
/home/sprice/coldspray_documents/documents/outputs/Article_5350/auto/Article_5350.md,Assessment of microstructural characterization and Thermo-Kinetic simulations for producing strengthened and toughened martensitic steels
/home/sprice/coldspray_documents/documents/outputs/Article_3454/auto/Article_3454.md,Oxidation behavior of Fe-Cr-(Si)-Y
/home/sprice/coldspray_documents/documents/outputs/Article_6055/auto/Article_6055.md,In-situ preparation of Ti-Zr-Hf-Ta-Mo-Mg alloy films on an $\mathrm { { A l } } _ { 2 } \mathrm { { O } } _ { 3 }$ substrate by friction stirring
/home/sprice/coldspray_documents/documents/outputs/Article_5594/auto/Article_5594.md,"Polymer nanocomposite films and coatings: a general perspective on design configuration, processes, current applications, and future opportunities"
/home/sprice/coldspray_documents/documents/outputs/Article_5197/auto/Article_5197.md,A review of the application of inorganic non-metallic coatings on PEEK dental implants
/home/sprice/coldspray_documents/documents/outputs/Article_789/auto/Article_789.md,"Bond coat assisted enhancement in microstructural, mechanical and corrosion behavior of AZ91 magnesium alloy cold spray coated with aluminum alloys"
/home/sprice/coldspray_documents/documents/outputs/Article_2043/auto/Article_2043.md,Production of TiC – Co and TiC – NiCr Composite Powders and Study of Their Interaction with a Target under Cold Spray Conditions
/home/sprice/coldspray_documents/documents/outputs/Article_3513/auto/Article_3513.md,Tunable multifunctional corrosion-resistant metallic coatings containing rare earth elements
/home/sprice/coldspray_documents/documents/outputs/Article_603/auto/Article_603.md,Deformation of cold sprayed Ni-Sn coating under micro-pillar compression
/home/sprice/coldspray_documents/documents/outputs/Article_2834/auto/Article_2834.md,Multi-principal-element alloy coating by laser method for biomedical applications: A review
/home/sprice/coldspray_documents/documents/outputs/Article_2787/auto/Article_2787.md,Advances in the modification of magnesium-based biomaterials to address corrosion and corrosion-fatigue: A review of developments and prospects
/home/sprice/coldspray_documents/documents/outputs/Article_2571/auto/Article_2571.md,Characterizations of cold-sprayed Nickel–Alumina composite coating with relatively large Nickel-coated Alumina powder
/home/sprice/coldspray_documents/documents/outputs/Article_3291/auto/Article_3291.md,Plasma electrolytic fluorination on Al alloys: Coating growth and plasma discharge behavior
/home/sprice/coldspray_documents/documents/outputs/Article_2032/auto/Article_2032.md,Microstructure and Properties of Cold Spraying AlCoCrCuFeNix HEA Coatings Synthesized by Induction Remelting
/home/sprice/coldspray_documents/documents/outputs/Article_3209/auto/Article_3209.md,"A review on the steels, alloys/high entropy alloys, composites and coatings used in high temperature wear applications"
/home/sprice/coldspray_documents/documents/outputs/Article_1289/auto/Article_1289.md,Post-spray modification of cold-sprayed Ni-Ti coatings by high-temperature vacuum annealing and friction stir processing
/home/sprice/coldspray_documents/documents/outputs/Article_1457/auto/Article_1457.md,Designing a Virtual Reality Training Apprenticeship for Cold Spray Advanced Manufacturing
/home/sprice/coldspray_documents/documents/outputs/Article_3204/auto/Article_3204.md,Effect of high temperature annealing and subsequent hot rolling on microstructural evolution at the bond-interface of Al/Mg/Al alloy laminated composites
/home/sprice/coldspray_documents/documents/outputs/Article_6072/auto/Article_6072.md,Effects of sintering and mixed oxide growth on the interface cracking of air-plasma-sprayed thermal barrier coating system at high temperature
/home/sprice/coldspray_documents/documents/outputs/Article_2207/auto/Article_2207.md,"Microstructure, Mechanical Properties and Dry Sliding Wear Behavior of Cu-Al₂O₃-Graphite Solid-Lubricating Coatings Deposited by Low-Pressure Cold Spraying"
/home/sprice/coldspray_documents/documents/outputs/Article_3391/auto/Article_3391.md,Advanced surface engineering of titanium materials for biomedical applications: From static modification to dynamic responsive regulation
/home/sprice/coldspray_documents/documents/outputs/Article_769/auto/Article_769.md,Nickel aluminides
/home/sprice/coldspray_documents/documents/outputs/Article_6011/auto/Article_6011.md,Effect of solution treatment on hardness and tribological properties of micro-nano SiCp/6061Al coatings fabricated by cold spray
/home/sprice/coldspray_documents/documents/outputs/Article_3105/auto/Article_3105.md,"Design, preparation, microstructure and properties of novel wear-resistant stainless steel-base composites using laser melting deposition"
/home/sprice/coldspray_documents/documents/outputs/Article_1818/auto/Article_1818.md,Improved Deposition Efficiency of Low-Pressure Cold-Sprayed Tin Coating Through Powder Recycling
/home/sprice/coldspray_documents/documents/outputs/Article_1976/auto/Article_1976.md,Study of microstructure evolution and mechanical properties in friction stir based additive multi-layer manufacturing of Al 6061 alloy: Effect of feedstock material form and heat treatment
/home/sprice/coldspray_documents/documents/outputs/Article_1375/auto/Article_1375.md,Effects of Al₂O₃ on the microstructures and corrosion behavior of low-pressure cold gas sprayed Al2024·Al₂O₃ composite coatings on AA2024-T3 substrate
/home/sprice/coldspray_documents/documents/outputs/Article_2513/auto/Article_2513.md,Carbon nanotube toughened hydroxyapatite by spark plasma sintering: Microstructural evolution and multiscale tribological properties
/home/sprice/coldspray_documents/documents/outputs/Article_2362/auto/Article_2362.md,BIOINERT POLYMERS(POLYETHERETHERKETONE)
/home/sprice/coldspray_documents/documents/outputs/Article_6098/auto/Article_6098.md,Novel thermal protection coating based on Zr0.75Ce0.25O2/phosphate duplex system for polyimide matrix composites fabricated via a combined sol–gel/sealing treatment process
/home/sprice/coldspray_documents/documents/outputs/Article_3652/auto/Article_3652.md,Quantifying cracking and strain localisation in a cold spray chromium coating on a zirconium alloy substrate under tensile loading at room temperature
/home/sprice/coldspray_documents/documents/outputs/Article_2666/auto/Article_2666.md,"Processing conditions, microstructure and mechanical properties of hetero-nanostructured ODS FeAl alloys produced by spark plasma sintering"
/home/sprice/coldspray_documents/documents/outputs/Article_600/auto/Article_600.md,Closed-loop temperature controlled solid-state additive manufacturing of Ti-6Al-4V with forging standard out-of-plane tensile properties
/home/sprice/coldspray_documents/documents/outputs/Article_3668/auto/Article_3668.md,Microstructure and properties of mono-crystalline germanium enhanced by high-current pulsed electron beam
/home/sprice/coldspray_documents/documents/outputs/Article_2244/auto/Article_2244.md,"Open-cell ceramic foam filters for melt filtration: Processing, characterization, improvement and application"
/home/sprice/coldspray_documents/documents/outputs/Article_1470/auto/Article_1470.md,Tantalum Based High-Pressure Cold Spray Coatings on Stainless Steel Substrate
/home/sprice/coldspray_documents/documents/outputs/Article_2530/auto/Article_2530.md,Comparison of internal stresses and air oxidation induced by quenching of partially Cr-coated and uncoated optimized ZIRLO™ part II: Stress assessment
/home/sprice/coldspray_documents/documents/outputs/Article_3340/auto/Article_3340.md,Microstructure and properties of multicomponent silicide ceramic coatings on Ta substrate prepared by slurry sintering method
/home/sprice/coldspray_documents/documents/outputs/Article_1547/auto/Article_1547.md,The Effect of Deposition Conditions on Adhesion Strength of Ti and Ti6Al4V Cold Spray Splats
/home/sprice/coldspray_documents/documents/outputs/Article_3389/auto/Article_3389.md,Influence of sealing treatment on the corrosion behavior of HVAF sprayed Al-based amorphous/nanocrystalline coating
/home/sprice/coldspray_documents/documents/outputs/Article_6020/auto/Article_6020.md,"A comparative review on cold sprayed cermet coatings and their applications in high temperature corrosion, oxidation and wear resistance"
/home/sprice/coldspray_documents/documents/outputs/Article_1364/auto/Article_1364.md,Room and elevated temperature sliding wear behavior of cold sprayed NiWC composite coatings
/home/sprice/coldspray_documents/documents/outputs/Article_2252/auto/Article_2252.md,Wear and Corrosion Properties of Cold-Sprayed AISI 316L Coatings Treated by Combined Plasma Carburizing and Nitriding at Low Temperature
/home/sprice/coldspray_documents/documents/outputs/Article_2117/auto/Article_2117.md,Structure and corrosion behavior of cold-sprayed Cu/Ni composite coating post-treated by ultrasonic shot peening
/home/sprice/coldspray_documents/documents/outputs/Article_3471/auto/Article_3471.md,Deposition mechanism of graphene flakes directly from graphite particles in the kinetic spray process studied using molecular dynamics simulation
/home/sprice/coldspray_documents/documents/outputs/Article_1021/auto/Article_1021.md,Aluminium coating of lead zirconate titanate—A study of cold spray variables
/home/sprice/coldspray_documents/documents/outputs/Article_570/auto/Article_570.md,"Cold spray additive manufacturing of Invar 36 alloy: microstructure, thermal expansion and mechanical properties"
/home/sprice/coldspray_documents/documents/outputs/Article_2531/auto/Article_2531.md,"Recent advances in nanocellulose-based different biomaterials: types, properties, and emerging applications"
/home/sprice/coldspray_documents/documents/outputs/Article_1186/auto/Article_1186.md,Analysis of copper-tungsten cold spray coating: Kinetics of coating formation and its thermal properties
/home/sprice/coldspray_documents/documents/outputs/Article_1640/auto/Article_1640.md,Superhard nano WC–12%Co coating by cold spray deposition
/home/sprice/coldspray_documents/documents/outputs/Article_1631/auto/Article_1631.md,Preparation of metallic coatings on polymer matrix composites by cold spray
/home/sprice/coldspray_documents/documents/outputs/Article_629/auto/Article_629.md,Exploiting small punch test for mechanical characterization of cold sprayed deposits
/home/sprice/coldspray_documents/documents/outputs/Article_2638/auto/Article_2638.md,Cold-Sprayed Ni-Al2O3 Coatings for Applications in Power Generation Industry
/home/sprice/coldspray_documents/documents/outputs/Article_1556/auto/Article_1556.md,Microstructural evolution and high temperature oxidation characteristics of cold sprayed Ni-20Cr nanostructured alloy coating
/home/sprice/coldspray_documents/documents/outputs/Article_5437/auto/Article_5437.md,Microstructure and properties of WC-based detonation coatings with residual stresses of different types
/home/sprice/coldspray_documents/documents/outputs/Article_1726/auto/Article_1726.md,Scratch Properties of Nb Ion-Implanted WC-Ni Cold Sprayed Coatings
/home/sprice/coldspray_documents/documents/outputs/Article_2356/auto/Article_2356.md,Effect of Heat Treatment Temperature on Microstructure and Mechanical and Tribological Properties of Cold Sprayed Ti-6Al-4V Coatings
/home/sprice/coldspray_documents/documents/outputs/Article_668/auto/Article_668.md,"Effects of arc mode on morphology, microstructure and mechanical properties of titanium alloy wire arc additive manufacturing"
/home/sprice/coldspray_documents/documents/outputs/Article_5184/auto/Article_5184.md,Impact wear of the Co-based HVOF-sprayed coatings
/home/sprice/coldspray_documents/documents/outputs/Article_3121/auto/Article_3121.md,Improving Accident Tolerance of Nuclear Fuel with Coated Mo-alloy Cladding
/home/sprice/coldspray_documents/documents/outputs/Article_5529/auto/Article_5529.md,Microstructural characterization and wear analysis of AlTiVZrMoCr HEA coating on SS410 steel by atmospheric plasma spraying
/home/sprice/coldspray_documents/documents/outputs/Article_1297/auto/Article_1297.md,Physical theories of solid particle erosion and abrasive jet wear
/home/sprice/coldspray_documents/documents/outputs/Article_5535/auto/Article_5535.md,Status of maturation of critical technologies and systems design: Breeding blanket
/home/sprice/coldspray_documents/documents/outputs/Article_2790/auto/Article_2790.md,Development of the ENIGMA fuel performance code for LWR applications with chromium-coated cladding
/home/sprice/coldspray_documents/documents/outputs/Article_3392/auto/Article_3392.md,Tungsten/copper composite plates prepared by a modified powder-in-tube method
/home/sprice/coldspray_documents/documents/outputs/Article_524/auto/Article_524.md,Centrifugally cast functionally graded materials: Fabrication and challenges for probable automotive cylinder liner application
/home/sprice/coldspray_documents/documents/outputs/Article_3384/auto/Article_3384.md,A review on flow boiling enhancement and fabrication of enhanced microchannels of microchannel heat sinks
/home/sprice/coldspray_documents/documents/outputs/Article_1268/auto/Article_1268.md,A perspective on the future of titanium powder metallurgy
/home/sprice/coldspray_documents/documents/outputs/Article_2364/auto/Article_2364.md,Fuel performance modelling of Cr-coated Zircaloy cladding under DBA/ LOCA conditions
/home/sprice/coldspray_documents/documents/outputs/Article_3087/auto/Article_3087.md,TiC in-situ strengthening mechanism and crack initiation mechanism of SiC/TC4 composite coatings by laser cladding
/home/sprice/coldspray_documents/documents/outputs/Article_1475/auto/Article_1475.md,Probing trade-off between critical size and velocity in cold-spray: An atomistic simulation
/home/sprice/coldspray_documents/documents/outputs/Article_1277/auto/Article_1277.md,Current Status of the Cold Spray Process
/home/sprice/coldspray_documents/documents/outputs/Article_5459/auto/Article_5459.md,Lactose/tannin-based calcium aluminate coatings for carbon-bonded alumina foam filters: A novel approach in environment-friendly steel melt filtration
/home/sprice/coldspray_documents/documents/outputs/Article_672/auto/Article_672.md,Effect of carbon nanotubes on properties of cement mortars
/home/sprice/coldspray_documents/documents/outputs/Article_1779/auto/Article_1779.md,Transmission electron microscopy of cold sprayed 1100 aluminum coating
/home/sprice/coldspray_documents/documents/outputs/Article_3337/auto/Article_3337.md,New alternate bearing surfaces in total hip arthroplasty: A review of the current literature
/home/sprice/coldspray_documents/documents/outputs/Article_3485/auto/Article_3485.md,Synthesis and characterization of Ti2AlC coatings by magnetron sputtering from three elemental targets and ex-situ annealing
/home/sprice/coldspray_documents/documents/outputs/Article_2446/auto/Article_2446.md,Processing parameters affecting cold spay coatings performances
/home/sprice/coldspray_documents/documents/outputs/Article_5435/auto/Article_5435.md,Role of $\mathrm { C e O } _ { 2 }$ doping on tribological behavior of ${ \mathrm { A l } } _ { 2 } { \mathrm { O } } _ { 3 }$ coated AZ91 alloy
/home/sprice/coldspray_documents/documents/outputs/Article_1267/auto/Article_1267.md,On the search for producing intermetallics by diffusion reaction of cold spray bulk deposits
/home/sprice/coldspray_documents/documents/outputs/Article_1112/auto/Article_1112.md,Importance of feedstock powder selection for mechanical properties improvement of cold spray additively manufactured Ti6Al4V deposits
/home/sprice/coldspray_documents/documents/outputs/Article_2263/auto/Article_2263.md,INVESTIGATION ON MULTIPLE PARAMETRIC OPTIMIZATION OF COLD SPRAYED COATINGS PROCESS
/home/sprice/coldspray_documents/documents/outputs/Article_2792/auto/Article_2792.md,Introduction to neutron-shielding materials
/home/sprice/coldspray_documents/documents/outputs/Article_2471/auto/Article_2471.md,Aircraft Skin Restoration and Evaluation
/home/sprice/coldspray_documents/documents/outputs/Article_733/auto/Article_733.md,Defect Structure and Properties of Metal Matrix–Carbon Nanotube Composites
/home/sprice/coldspray_documents/documents/outputs/Article_1907/auto/Article_1907.md,Influence of the thermal treatment of a hydroxyapatite powder on the characteristics of coatings deposited by cold gas spraying
/home/sprice/coldspray_documents/documents/outputs/Article_73/auto/Article_73.md,"Towards high-strength cold spray additive manufactured metals: Methods, mechanisms, and properties"
/home/sprice/coldspray_documents/documents/outputs/Article_3206/auto/Article_3206.md,Oxidation and tribological properties of anodized Ti45Al8.5Nb alloy
/home/sprice/coldspray_documents/documents/outputs/Article_3022/auto/Article_3022.md,"Surface post-treatments for metal additive manufacturing: Progress, challenges, and opportunities"
/home/sprice/coldspray_documents/documents/outputs/Article_1222/auto/Article_1222.md,Preparation and tribological properties of novel cold–sprayed Ti–diamond composite coating
/home/sprice/coldspray_documents/documents/outputs/Article_6010/auto/Article_6010.md,Bi-modal structured cold spray copper deposits enabling high strength and ductility
/home/sprice/coldspray_documents/documents/outputs/Article_2619/auto/Article_2619.md,Influence of Powder Porous Structure on the Deposition Behavior of Cold-Sprayed WC-12Co Coatings
/home/sprice/coldspray_documents/documents/outputs/Article_1241/auto/Article_1241.md,Causes of failure and repairing options for dies and molds: A review
/home/sprice/coldspray_documents/documents/outputs/Article_5090/auto/Article_5090.md,A fractographic study of fatigue failures in combat aircraft trailing edge flap hinge lug bores in both test and service assets
/home/sprice/coldspray_documents/documents/outputs/Article_2515/auto/Article_2515.md,"Influence of CuO addition on the microstructure, exothermic characteristics and mechanical properties of Al/Ni/CuO energetic structural materials prepared by friction stir additive manufacturing"
/home/sprice/coldspray_documents/documents/outputs/Article_2808/auto/Article_2808.md,KEYWORD INDEX OF VOLUME 55
/home/sprice/coldspray_documents/documents/outputs/Article_5692/auto/Article_5692.md,Characterization of indigenously coated biodegradable magnesium alloy primed through novel additive manufacturing assisted investment casting
/home/sprice/coldspray_documents/documents/outputs/Article_720/auto/Article_720.md,Effect of induced pulse current on mechanical properties and microstructure of rolled 5052 aluminum alloy
/home/sprice/coldspray_documents/documents/outputs/Article_3524/auto/Article_3524.md,Magnesium alloys for biomedical application: Advanced corrosion control through surface coating
/home/sprice/coldspray_documents/documents/outputs/Article_2709/auto/Article_2709.md,Recent advances in ageing of 7xxx series aluminum alloys: A physical metallurgy perspective
/home/sprice/coldspray_documents/documents/outputs/Article_3037/auto/Article_3037.md,Cold-Spray Processing of a Nanocrystalline Al-Cu-Mg-Fe-Ni Alloy with Sc
/home/sprice/coldspray_documents/documents/outputs/Article_1335/auto/Article_1335.md,Effect of post weld heat treatment on the 6061 aluminum alloy produced by ultrasonic additive manufacturing☆
/home/sprice/coldspray_documents/documents/outputs/Article_1859/auto/Article_1859.md,Properties of Multilayered Metallic Coatings Deposited on Carbon Fiber-Reinforced Polymers (CFRPs) through Electrochemical and Cold Spray Processes
/home/sprice/coldspray_documents/documents/outputs/Article_6099/auto/Article_6099.md,Excellent wear performance of magnesium alloy from composite modified layer containing TiC coating and gradient microstructure
/home/sprice/coldspray_documents/documents/outputs/Article_1130/auto/Article_1130.md,Reducing complex microstructural heterogeneity in electrodeposited and cold sprayed copper coating junctions
/home/sprice/coldspray_documents/documents/outputs/Article_2077/auto/Article_2077.md,Heat Treatment of Recycled Battlefield Stainless-Steel Scrap for Cold Spray Applications
/home/sprice/coldspray_documents/documents/outputs/Article_2316/auto/Article_2316.md,"Creation of heterogeneous metal-ceramic structures based on Ti, Ni and WC, $\mathrm{B}_4\mathrm{C}$ by the combined method of laser cladding and cold gas-dynamic spraying"
/home/sprice/coldspray_documents/documents/outputs/Article_1584/auto/Article_1584.md,"The design, microstructure and mechanical properties of a novel Gd₂O₃/6061Al neutron shielding composite"
/home/sprice/coldspray_documents/documents/outputs/Article_5382/auto/Article_5382.md,Densification during the formation of WC-based coating prepared by electric contact strengthening
/home/sprice/coldspray_documents/documents/outputs/Article_2472/auto/Article_2472.md,Microstructural Analysis of Cold-Sprayed Ti-6Al-4V at the Micro- and Nano-Scale
/home/sprice/coldspray_documents/documents/outputs/Article_2053/auto/Article_2053.md,Review Influence of Cold Spray Parameters on Bonding Mechanisms: A Review
/home/sprice/coldspray_documents/documents/outputs/Article_296/auto/Article_296.md,Recent advances on bonding mechanism in cold spray process: A review of single-particle impact methods
/home/sprice/coldspray_documents/documents/outputs/Article_614/auto/Article_614.md,Effect of strain rate on compressive behavior and deformation mechanism of CoCrNi medium entropy alloy fabricated via cold spray additive manufacturing
/home/sprice/coldspray_documents/documents/outputs/Article_2157/auto/Article_2157.md,Preparation and application of 420 martensitic stainless steel wear resistant coating on magnesium alloy by cold spraying
/home/sprice/coldspray_documents/documents/outputs/Article_5794/auto/Article_5794.md,"Carbon Fibers, Nanofibers, and Nanotubes"
/home/sprice/coldspray_documents/documents/outputs/Article_1699/auto/Article_1699.md,"The Microstructure, Surface Topography and Wear Resistance of Cold-Sprayed $( \mathbf { C r } _ { 3 } \mathbf { C } _ { 2 } { \mathbf { - } } 2 5 ( \mathbf { N i } 2 \mathbf { 0 } \mathbf { C r } ) )$ -(Ni-graphite) Composite Coatings Modified by Diode Laser Treatment"
/home/sprice/coldspray_documents/documents/outputs/Article_5671/auto/Article_5671.md,Influence of coating parameters on oxidation behavior of Cr-coated zirconium alloy for accident tolerant fuel claddings
/home/sprice/coldspray_documents/documents/outputs/Article_2203/auto/Article_2203.md,Characteristic study of cold sprayed N06601 superalloy surface
/home/sprice/coldspray_documents/documents/outputs/Article_2604/auto/Article_2604.md,Influence of Helium and Nitrogen Gases on the Properties of Cold Gas Dynamic Sprayed Pure Titanium Coatings
/home/sprice/coldspray_documents/documents/outputs/Article_2650/auto/Article_2650.md,Research progress on the osteogenic properties of tantalum in the field of medical implant materials
/home/sprice/coldspray_documents/documents/outputs/Article_1796/auto/Article_1796.md,High performance ultrasonic vibration assisted Wire-arc directed energy deposition of Invar alloy
/home/sprice/coldspray_documents/documents/outputs/Article_1534/auto/Article_1534.md,The influence of powder morphology on the microstructure and mechanical properties of as-sprayed and heat-treated cold-sprayed CP Ti
/home/sprice/coldspray_documents/documents/outputs/Article_717/auto/Article_717.md,Titanium-Based alloys and composites for orthopedic implants Applications: A comprehensive review
/home/sprice/coldspray_documents/documents/outputs/Article_2284/auto/Article_2284.md,Corrosion behavior of $\mathrm { { A l } } _ { 2 } \mathrm { { O } } _ { 3 }$-reinforced graphene encapsulated Al composite coating fabricated by low pressure cold spraying
/home/sprice/coldspray_documents/documents/outputs/Article_1022/auto/Article_1022.md,Effect of laser remelting on microstructure and immersion corrosion of cold–sprayed aluminum coating on S355 structural steel
/home/sprice/coldspray_documents/documents/outputs/Article_5233/auto/Article_5233.md,Critical advances in the field of magnetron sputtered bioactive glass thin-films: An analytical review
/home/sprice/coldspray_documents/documents/outputs/Article_3353/auto/Article_3353.md,"Recent developments in techniques and technologies for analytical, spectroscopic, structural, and morphological characterization of modern materials of advanced applications"
/home/sprice/coldspray_documents/documents/outputs/Article_3297/auto/Article_3297.md,Progress in vat photopolymerisation additive manufacturing of ceramic lattice structures and applications
/home/sprice/coldspray_documents/documents/outputs/Article_1113/auto/Article_1113.md,Achieving strength-ductility synergy in cold spray additively manufactured Al/ $\mathtt{B_{4}C}$ composites through a hybrid post-deposition treatment
/home/sprice/coldspray_documents/documents/outputs/Article_1064/auto/Article_1064.md,Cold sprayed Cu-coated AlN reinforced copper matrix composite coatings with improved tribological and anticorrosion properties
/home/sprice/coldspray_documents/documents/outputs/Article_6124/auto/Article_6124.md,Development and analysis of thermal barrier coatings on gas turbine blades – A Review
/home/sprice/coldspray_documents/documents/outputs/Article_5675/auto/Article_5675.md,Hybrid Thermoset-Thermoplastic Structures: An in-depth study on plasma pretreated continuous fiber-reinforced epoxy specimens
/home/sprice/coldspray_documents/documents/outputs/Article_6121/auto/Article_6121.md,Recent developments in corrosion and wear resistance of protective coatings based on hexagonal boron nitride
/home/sprice/coldspray_documents/documents/outputs/Article_2166/auto/Article_2166.md,"Mechanical behavior of microstructurally stable nanocrystalline alloys: Processing, properties, performance, and prospects"
/home/sprice/coldspray_documents/documents/outputs/Article_565/auto/Article_565.md,Influence of annealing on mechanical and electrochemical properties of cold sprayed niobium coatings
/home/sprice/coldspray_documents/documents/outputs/Article_2981/auto/Article_2981.md,Erosion wear behaviour of plasma sprayed NiCrSiB/Al2O3 composite coating
/home/sprice/coldspray_documents/documents/outputs/Article_3343/auto/Article_3343.md,Deposition mechanism of alumina particles in aerosol deposition based on the kinetic energy of particles
/home/sprice/coldspray_documents/documents/outputs/Article_1702/auto/Article_1702.md,Microstructural Modification of Cold-Sprayed Ti-Cr3C2 Composite Coating by Laser Remelting
/home/sprice/coldspray_documents/documents/outputs/Article_3110/auto/Article_3110.md,Subject Index
/home/sprice/coldspray_documents/documents/outputs/Article_3269/auto/Article_3269.md,JOURNAL OF MATERIALS PROCESSING TECHNOLOGY
/home/sprice/coldspray_documents/documents/outputs/Article_2451/auto/Article_2451.md,A comparative investigation on wear behaviors of physical and chemical vapor deposited bronze coatings for hydraulic piston pump
/home/sprice/coldspray_documents/documents/outputs/Article_742/auto/Article_742.md,"Effect of laser surface remelting on Microstructure, mechanical properties and tribological properties of metals and alloys: A review"
/home/sprice/coldspray_documents/documents/outputs/Article_2925/auto/Article_2925.md,Dynamic experimental techniques and mechanical behavior of advanced materials in microscale: A comprehensive review
/home/sprice/coldspray_documents/documents/outputs/Article_3092/auto/Article_3092.md,A novel phosphate-ceramic coating for high temperature oxidation resistance of Ti65 alloys
/home/sprice/coldspray_documents/documents/outputs/Article_5374/auto/Article_5374.md,Enhancing the mechanical properties of 304 stainless steel brazed joint through thermomechanical treatment
/home/sprice/coldspray_documents/documents/outputs/Article_2233/auto/Article_2233.md,"Characteristics of kinetic sprayed Ta in terms of the deposition behavior, microstructural evolution and mechanical properties: Effect of strain-ratedependent response of Ta at high temperature"
/home/sprice/coldspray_documents/documents/outputs/Article_660/auto/Article_660.md,Dual skin effect and deep heterostructure of titanium alloy subjected to high-frequency electropulsing-assisted laser shock peening
/home/sprice/coldspray_documents/documents/outputs/Article_1336/auto/Article_1336.md,Erosive wear behavior of Cold-Sprayed Ni-WC composite coating
/home/sprice/coldspray_documents/documents/outputs/Article_906/auto/Article_906.md,Microstructural stability and precipitate evolution of thermally treated 7075 aluminum alloy fabricated by cold spray
/home/sprice/coldspray_documents/documents/outputs/Article_52/auto/Article_52.md,Different Cold Spray Deposition Strategies: Single- and Multi-layers to Repair Aluminium Alloy Components
/home/sprice/coldspray_documents/documents/outputs/Article_2946/auto/Article_2946.md,An engineering review of external fixators
/home/sprice/coldspray_documents/documents/outputs/Article_927/auto/Article_927.md,"Effect of nanodiamond reinforcement and heat-treatment on microstructure, mechanical and tribological properties of cold sprayed aluminum coating"
/home/sprice/coldspray_documents/documents/outputs/Article_1484/auto/Article_1484.md,The effects of heat treatment on the mechanical properties of cold-sprayed coatings
/home/sprice/coldspray_documents/documents/outputs/Article_5494/auto/Article_5494.md,Experimental study for the effective and sustainable repair and maintenance of bars made of Ti-6Al-4V alloy. Application to the aeronautic industry
/home/sprice/coldspray_documents/documents/outputs/Article_5340/auto/Article_5340.md,"Microstructures, hardness and bioactivity of hydroxyapatite coatings deposited by direct laser melting process"
/home/sprice/coldspray_documents/documents/outputs/Article_5313/auto/Article_5313.md,Exploring formation path of Cr₂AlC phase during plasma spraying Cr/Al/Cr₃C₂ agglomerates: Water quenching and droplet deposition
/home/sprice/coldspray_documents/documents/outputs/Article_1389/auto/Article_1389.md,A Comparative study on Annealing and phase transition effect in SS 304 and SSLNA from low Nickel Austenite to Martensite
/home/sprice/coldspray_documents/documents/outputs/Article_1725/auto/Article_1725.md,Enhancing the Microhardness of Coatings Produced by Cold Gas Dynamic Spraying through Multi-Reinforcement with Aluminum Powders Containing Fullerenes and Aluminum Nitride
/home/sprice/coldspray_documents/documents/outputs/Article_5150/auto/Article_5150.md,Synthesis and characterization of MAX phase $\mathrm { C r } _ { 2 } \mathrm { A l C }$ based composite coatings by plasma spraying and post annealing
/home/sprice/coldspray_documents/documents/outputs/Article_540/auto/Article_540.md,Characterization of SiCp/2024 aluminum alloy composites prepared by mechanical processing in a low energy ball mill
/home/sprice/coldspray_documents/documents/outputs/Article_6056/auto/Article_6056.md,Effect of Ti₂AlC on the microstructure and wear and friction properties of Ni–Ti₂AlC composites coatings for brake disc
/home/sprice/coldspray_documents/documents/outputs/Article_2224/auto/Article_2224.md,Physical mechanisms in hybrid additive manufacturing: A process design framework
/home/sprice/coldspray_documents/documents/outputs/Article_5508/auto/Article_5508.md,A newly designed Ni–P duplex coating on friction stir welding joint of 6061-T6 aluminum
/home/sprice/coldspray_documents/documents/outputs/Article_5234/auto/Article_5234.md,In-vitro study of hierarchical structures: Anodic oxidation and alkaline treatments onto highly rough titanium cold gas spray coatings for biomedical applications
/home/sprice/coldspray_documents/documents/outputs/Article_5711/auto/Article_5711.md,TiO2 coating on metal and polymer substrates by nano-particle deposition system (NPDS)
/home/sprice/coldspray_documents/documents/outputs/Article_1178/auto/Article_1178.md,Cold-sprayed copper and tantalum coatings — Detailed FESEM and TEM analysis
/home/sprice/coldspray_documents/documents/outputs/Article_3192/auto/Article_3192.md,Optimization and characterization of laser cladding of NiCr and NiCr–TiC composite coatings on AISI 420 stainless steel
/home/sprice/coldspray_documents/documents/outputs/Article_2907/auto/Article_2907.md,A review on protection of boiler tube steels with thermal spray coatings from hot corrosion
/home/sprice/coldspray_documents/documents/outputs/Article_1181/auto/Article_1181.md,Microstructure control of cold-sprayed pure iron coatings formed using mechanically milled powder
/home/sprice/coldspray_documents/documents/outputs/Article_5667/auto/Article_5667.md,Bonding mechanisms of thermally softened metallic powder particles and substrates impacted at high velocity
/home/sprice/coldspray_documents/documents/outputs/Article_1698/auto/Article_1698.md,Microstructure and Wear Resistance of WC-Ni/Al Coatings by Cold Spray Using WC Particle Electroplated Ni layer
/home/sprice/coldspray_documents/documents/outputs/Article_856/auto/Article_856.md,Effect of annealing treatment on microstructure and mechanical properties of cold sprayed $\mathrm { T i B } _ { 2 }$ /AlSi10Mg composites
/home/sprice/coldspray_documents/documents/outputs/Article_3542/auto/Article_3542.md,Recent advances in catalyst-modified Mg-based hydrogen storage materials
/home/sprice/coldspray_documents/documents/outputs/Article_1887/auto/Article_1887.md,Application of Mass Finishing for Surface Modification of Copper Cold Sprayed Material Consolidations
/home/sprice/coldspray_documents/documents/outputs/Article_3052/auto/Article_3052.md,Processing and Properties of Advanced Ceramics and Composites
/home/sprice/coldspray_documents/documents/outputs/Article_3587/auto/Article_3587.md,Functionally graded carbon nanotubes reinforced composite structures: An extensive review
/home/sprice/coldspray_documents/documents/outputs/Article_2298/auto/Article_2298.md,Effect of sintering on mechanical properties of cold sprayed thermal barrier coatings
/home/sprice/coldspray_documents/documents/outputs/Article_1160/auto/Article_1160.md,In vitro and in vivo evaluation of the bioactivity of hydroxyapatitecoated polyetheretherketone biocomposites created by cold spray technology
/home/sprice/coldspray_documents/documents/outputs/Article_5631/auto/Article_5631.md,Fabrication and property of novel double-layer coating deposited on polyimide matrix composites by atmospheric plasma spraying
/home/sprice/coldspray_documents/documents/outputs/Article_2438/auto/Article_2438.md,Mechanical Properties of Cold Gas DynamicSprayed Near-Net-Shaped Fin Arrays
/home/sprice/coldspray_documents/documents/outputs/Article_1236/auto/Article_1236.md,Microstructure and corrosion behavior of cold sprayed SiCp/Al 5056 composite coatings
/home/sprice/coldspray_documents/documents/outputs/Article_1001/auto/Article_1001.md,Evaluating the erosion resistance of Ti6Al4V coatings deposited by cold spray
/home/sprice/coldspray_documents/documents/outputs/Article_5369/auto/Article_5369.md,Awards
/home/sprice/coldspray_documents/documents/outputs/Article_264/auto/Article_264.md,Multiscale Simulation of Shot-Peening-Assisted Low-Pressure Cold Spraying Based on Al-Zn-Al₂O₃ Coatings
/home/sprice/coldspray_documents/documents/outputs/Article_2068/auto/Article_2068.md,Optimization of Mechanical Properties of $\bar { \mathbf { C r } _ { 3 } } \bar { \mathbf { C } _ { 2 } }$ -Ni20Cr/Graphite Cold Sprayed Coatings
/home/sprice/coldspray_documents/documents/outputs/Article_5644/auto/Article_5644.md,Design of fully-metallic phase change composites from thermodynamic calculations to experimental characterization of form-stable systems
/home/sprice/coldspray_documents/documents/outputs/Article_3174/auto/Article_3174.md,New materials development
/home/sprice/coldspray_documents/documents/outputs/Article_803/auto/Article_803.md,Orthopedical and biomedical applications of titanium and zirconium metals
/home/sprice/coldspray_documents/documents/outputs/Article_5549/auto/Article_5549.md,Effect of working parameters on the surface integrity in cryogenic diamond burnishing of 17-4 PH stainless steel with a novel diamond burnishing tool
/home/sprice/coldspray_documents/documents/outputs/Article_1317/auto/Article_1317.md,Interfacial structure between particles in an aluminum deposit produced by cold spray
/home/sprice/coldspray_documents/documents/outputs/Article_3363/auto/Article_3363.md,Plasma treatment for a sticky problem
/home/sprice/coldspray_documents/documents/outputs/Article_2887/auto/Article_2887.md,A review on the oxidation and wear behavior of the thermally sprayed high-entropy alloys
/home/sprice/coldspray_documents/documents/outputs/Article_3122/auto/Article_3122.md,In situ preparation of porous metal-organic frameworks ZIF-8@Ag on poly-ether-ether-ketone with synergistic antibacterial activity
/home/sprice/coldspray_documents/documents/outputs/Article_6048/auto/Article_6048.md,Hybrid wire arc directed energy deposition and machining approach for realizing density-based functionally graded materials with enhanced strength-to-weight ratios
/home/sprice/coldspray_documents/documents/outputs/Article_2614/auto/Article_2614.md,Deposition behavior of thermally softened copper particles in cold spraying
/home/sprice/coldspray_documents/documents/outputs/Article_2191/auto/Article_2191.md,Microstructure and Mechanical Properties of Zn-Ni-Al2O3 Composite Coatings
/home/sprice/coldspray_documents/documents/outputs/Article_980/auto/Article_980.md,Highly reflective ZrC-Cu-based metal matrix composite coatings deposited via cold-spray for laser protection applications
/home/sprice/coldspray_documents/documents/outputs/Article_1418/auto/Article_1418.md,Computational modelling of the effect of microstructure on the abrasive wear resistance of tungsten-carbide nickel composite coatings under sub-critical cyclic impact loading
/home/sprice/coldspray_documents/documents/outputs/Article_5528/auto/Article_5528.md,Laser Consolidation—A Rapid Manufacturing Process for Making Net-Shape Functional Components
/home/sprice/coldspray_documents/documents/outputs/Article_1044/auto/Article_1044.md,Cold spray equipment
/home/sprice/coldspray_documents/documents/outputs/Article_1292/auto/Article_1292.md,Beneficial effects of laser irradiation on the deposition process of diamond/Ni60 composite coating with cold spray
/home/sprice/coldspray_documents/documents/outputs/Article_546/auto/Article_546.md,Investigation on the formability and deformation mechanism of aluminum alloy thin-walled parts at cryogenic temperature
/home/sprice/coldspray_documents/documents/outputs/Article_5089/auto/Article_5089.md,Characteristic of cold sprayed catalytic coating for hydrogen production through fuel reforming
/home/sprice/coldspray_documents/documents/outputs/Article_6061/auto/Article_6061.md,Coupling effect of delamination cracks and vertical cracks on local phase transition of ceramic topcoat in thermal barrier coatings
/home/sprice/coldspray_documents/documents/outputs/Article_5544/auto/Article_5544.md,Variable coefficient element diffusion model and microstructure evolution of Mg/Al bimetals during thermal bonding process
/home/sprice/coldspray_documents/documents/outputs/Article_2743/auto/Article_2743.md,"Mechanical Alloying Integrated with Cold Spray Coating for Fabrication Cu₅₀(Ti₅₀–ₓNiₓ), x = 10, 20, 30, and 40 at.% Antibiofilm Metallic Glass Coated/SUS304 Sheets"
/home/sprice/coldspray_documents/documents/outputs/Article_2486/auto/Article_2486.md,"Thermal spraying of MPEA coatings: Techniques, properties, and biomedical applications"
/home/sprice/coldspray_documents/documents/outputs/Article_5730/auto/Article_5730.md,Mechanical and corrosion properties of Ti−35Nb−7Zr−xHA composites fabricated by spark plasma sintering
/home/sprice/coldspray_documents/documents/outputs/Article_3021/auto/Article_3021.md,Microstructural features correlated with the electrical properties and plasticity-based deposition of silver particles through the vacuum kinetic spray process
/home/sprice/coldspray_documents/documents/outputs/Article_2236/auto/Article_2236.md,Recycled aluminium feedstock in metal additive manufacturing: A state of the art review
/home/sprice/coldspray_documents/documents/outputs/Article_3158/auto/Article_3158.md,Thermal spray processes influencing surface chemistry and in-vitro hemocompatibility of hydroxyapatite-based orthopedic implants
/home/sprice/coldspray_documents/documents/outputs/Article_5674/auto/Article_5674.md,Modeling and analysis of microchannel autothermal methane steam reformer focusing on thermal characteristic and thermo-mechanically induced stress behavior
/home/sprice/coldspray_documents/documents/outputs/Article_5688/auto/Article_5688.md,"Dense, nano-grained, multi-phase ceramic coatings by dry aerosol deposition of lunar regolith simulant"
/home/sprice/coldspray_documents/documents/outputs/Article_3342/auto/Article_3342.md,Dynamic microstructure evolution
/home/sprice/coldspray_documents/documents/outputs/Article_609/auto/Article_609.md,Cracking resistance behavior of HVAF-sprayed monolayer and hierarchical Fe-based amorphous coatings under bending stress
/home/sprice/coldspray_documents/documents/outputs/Article_2065/auto/Article_2065.md,Effect of high energy ball milling on spherical metallic powder particulates for additive manufacturing
/home/sprice/coldspray_documents/documents/outputs/Article_2214/auto/Article_2214.md,"Additive manufacturing of metallic lattice structures: Unconstrained design, accurate fabrication, fascinated performances, and challenges"
/home/sprice/coldspray_documents/documents/outputs/Article_5059/auto/Article_5059.md,SPH modeling of adhesion in fast dynamics: Application to the Cold Spray process
/home/sprice/coldspray_documents/documents/outputs/Article_1406/auto/Article_1406.md,Influence of trapezoidal groove geometry on the microstructure and mechanical properties of stainless steel 316L parts repaired by laser metal deposition
/home/sprice/coldspray_documents/documents/outputs/Article_3443/auto/Article_3443.md,Tribological and corrosion performance of an atmospheric plasma sprayed AlCoCr0.5Ni high-entropy alloy coating
/home/sprice/coldspray_documents/documents/outputs/Article_2698/auto/Article_2698.md,Niche applications
/home/sprice/coldspray_documents/documents/outputs/Article_3295/auto/Article_3295.md,Study on the characteristics of functionally graded materials from Ni-20cr to Ti-6Al-4V via directed energy deposition
/home/sprice/coldspray_documents/documents/outputs/Article_5761/auto/Article_5761.md,Corrosion and electrochemical behavior of $\operatorname { M g - Y }$ alloys in $3 . 5 \%$ NaCl solution
/home/sprice/coldspray_documents/documents/outputs/Article_5431/auto/Article_5431.md,22 Thermal Spray Coatings
/home/sprice/coldspray_documents/documents/outputs/Article_3162/auto/Article_3162.md,"Friction stir based welding and processing technologies -  processes, parameters, microstructures and applications: A review"
/home/sprice/coldspray_documents/documents/outputs/Article_5308/auto/Article_5308.md,Ceramic reinforced composite coatings on cold work tool steel fabricated by wired direct energy deposited plasma
/home/sprice/coldspray_documents/documents/outputs/Article_6119/auto/Article_6119.md,Exploring innovations in antimicrobial protective mask filters: A review☆
/home/sprice/coldspray_documents/documents/outputs/Article_2160/auto/Article_2160.md,The current state of CuCrZr and CuCrNb alloys manufactured by additive manufacturing: A review
/home/sprice/coldspray_documents/documents/outputs/Article_6087/auto/Article_6087.md,Tribological behavior and mechanical properties of thermal sprayed TiO2–ZnO and TiOx ceramic coatings
/home/sprice/coldspray_documents/documents/outputs/Article_1004/auto/Article_1004.md,Microstructure of AleMg-Sc-Zr alloy cold spray deposits after heat treatment and hot isostatic pressing
/home/sprice/coldspray_documents/documents/outputs/Article_5539/auto/Article_5539.md,A concurrent multiscale method based on smoothed molecular dynamics for large-scale parallel computation at finite temperature
/home/sprice/coldspray_documents/documents/outputs/Article_5328/auto/Article_5328.md,Roles of surface coverage increase and re-peening on properties of AISI 1045 carbon steel in conventional and severe shot peening processes
/home/sprice/coldspray_documents/documents/outputs/Article_88/auto/Article_88.md,"Microstructure, Mechanical Properties and Corrosion Behavior of the Aluminum Alloy Components Repaired by Cold Spray with Al-Based Powders"
/home/sprice/coldspray_documents/documents/outputs/Article_2673/auto/Article_2673.md,An insight into the properties of ethanol-fueled HVOF-sprayed Stellite-type coatings
/home/sprice/coldspray_documents/documents/outputs/Article_2051/auto/Article_2051.md,Study of the Microstructure and Properties of Cold Sprayed NiCr Coating
/home/sprice/coldspray_documents/documents/outputs/Article_5103/auto/Article_5103.md,Effects of deposited microstructure on wear behaviors of detonation sprayed Fe-based amorphous coatings
/home/sprice/coldspray_documents/documents/outputs/Article_42/auto/Article_42.md,Residual stresses in cold spray Al coatings: The effect of alloying and of process parameters
/home/sprice/coldspray_documents/documents/outputs/Article_2547/auto/Article_2547.md,Interface reactions and mechanical properties of FeCrAl-coated Zircaloy-4
/home/sprice/coldspray_documents/documents/outputs/Article_1416/auto/Article_1416.md,Evaluation of strength-ductility combination by in-situ tensile testing of graphene nano platelets reinforced shroud plasma sprayed NickelAluminium coating
/home/sprice/coldspray_documents/documents/outputs/Article_2393/auto/Article_2393.md,Additive manufacturing of magnesium matrix composites: Comprehensive review of recent progress and research perspectives
/home/sprice/coldspray_documents/documents/outputs/Article_3263/auto/Article_3263.md,"Review of indium-free, transparent and flexible metallic fibers for wearable electronics"
/home/sprice/coldspray_documents/documents/outputs/Article_3057/auto/Article_3057.md,Copper Trace Cracking of BGA Packages Under Die Perimeter: Combined Effect of Mold Compound and Die Attach Materials
/home/sprice/coldspray_documents/documents/outputs/Article_2634/auto/Article_2634.md,Characterization of Nanostructured WC-Co Deposited by Cold Spraying
/home/sprice/coldspray_documents/documents/outputs/Article_5488/auto/Article_5488.md,Cavitation erosion behavior of HVOF CaviTec coatings
/home/sprice/coldspray_documents/documents/outputs/Article_5211/auto/Article_5211.md,Fracture behavior of additively manufactured materials and structures
/home/sprice/coldspray_documents/documents/outputs/Article_159/auto/Article_159.md,Microstructure and wear properties of aluminum/aluminum–silicon composite coatings prepared by cold spraying
/home/sprice/coldspray_documents/documents/outputs/Article_2506/auto/Article_2506.md,Phase structures of gas atomized equiatomic CrFeNiMn high entropy alloy powder
/home/sprice/coldspray_documents/documents/outputs/Article_855/auto/Article_855.md,"Microstructure, mechanical properties, and tribological properties of laser assisted cold sprayed CuCrZr coatings: Influences of laser power and laser position"
/home/sprice/coldspray_documents/documents/outputs/Article_5680/auto/Article_5680.md,Process modeling and parameter optimization of surface coatings using artificial neural networks (ANNs): State-of-the-art review
/home/sprice/coldspray_documents/documents/outputs/Article_3261/auto/Article_3261.md,Enhanced slurry and cavitation erosion resistance of deep cryogenically treated thermal spray coatings for hydroturbine applications
/home/sprice/coldspray_documents/documents/outputs/Article_2213/auto/Article_2213.md,Basic properties of cold sprayed titanium – ceramics coatings
/home/sprice/coldspray_documents/documents/outputs/Article_5429/auto/Article_5429.md,Preparation and properties of Al₂O₃–PF composite functional protective coating on the surface of polymer matrix composites
/home/sprice/coldspray_documents/documents/outputs/Article_5648/auto/Article_5648.md,Regenerative Endodontic Treatment (Revascularization) for Necrotic Immature Permanent Molars: A Review and Report of Two Cases with a New Biomaterial
/home/sprice/coldspray_documents/documents/outputs/Article_5126/auto/Article_5126.md,Microstructure and mechanical properties of $\mathrm { Co }_{31.5} \mathrm { Cr }_{7} \mathrm { Fe }_{30} \mathrm { Ni }_{31.5}$ high-entropy alloy powder produced by plasma rotating electrode process and its applications in additive manufacturing
/home/sprice/coldspray_documents/documents/outputs/Article_1205/auto/Article_1205.md,Customization of residual stress induced in cold spray printing
/home/sprice/coldspray_documents/documents/outputs/Article_820/auto/Article_820.md,Challenges and advances in nanocomposite processing techniques
/home/sprice/coldspray_documents/documents/outputs/Article_2042/auto/Article_2042.md,Porosity effect on the tribological properties of Al-Si alloys for diamond-like carbon coating of cold sprayed
/home/sprice/coldspray_documents/documents/outputs/Article_759/auto/Article_759.md,"Graphene-reinforced titanium coatings deposited by Cold Gas Spray: Study of microstructure, mechanical and wear properties"
/home/sprice/coldspray_documents/documents/outputs/Article_6036/auto/Article_6036.md,Particle deformation and coating deposition behavior in cold spray additive manufactured aluminum deposit on copper substrate by simulation and experiment
/home/sprice/coldspray_documents/documents/outputs/Article_6063/auto/Article_6063.md,"Influence of spray gun parameters on inflight particle’s characteristics, the splat-type distribution, and microstructure of plasma-sprayed YSZ coatings"
/home/sprice/coldspray_documents/documents/outputs/Article_1926/auto/Article_1926.md,Impact behaviour of a novel composite structure made of a polymer reinforced composite with a 3D printed metallic coating
/home/sprice/coldspray_documents/documents/outputs/Article_5700/auto/Article_5700.md,A quasi-implicit and coupled multiscale scheme for simulating combustion of pellets of core-shell structured intermetallic particles
/home/sprice/coldspray_documents/documents/outputs/Article_2424/auto/Article_2424.md,Mechanical properties of Cu matrix composite fabricated by extrusion process
/home/sprice/coldspray_documents/documents/outputs/Article_967/auto/Article_967.md,Microstructure and corrosion properties of Cu coatings deposited via laser-assisted low-pressure cold spray
/home/sprice/coldspray_documents/documents/outputs/Article_1286/auto/Article_1286.md,Influence of cold spray parameters on the microstructures and residual stress of Zn coatings sprayed on mild steel
/home/sprice/coldspray_documents/documents/outputs/Article_1627/auto/Article_1627.md,"Tailoring the microstructure, physical, and mechanical properties of pure copper using various additive manufacturing techniques"
/home/sprice/coldspray_documents/documents/outputs/Article_5677/auto/Article_5677.md,Intrathecal baclofen therapy in children with cerebral palsy
/home/sprice/coldspray_documents/documents/outputs/Article_3615/auto/Article_3615.md,Use of a Diode Laser for Fe-Ni System Coatings on a Steel Substrate Surface
/home/sprice/coldspray_documents/documents/outputs/Article_1326/auto/Article_1326.md,High temperature tribological studies of cold sprayed nickel based alloy on low carbon steels
/home/sprice/coldspray_documents/documents/outputs/Article_2031/auto/Article_2031.md,Properties of Cold Spray Coatings for Restoration of Worn-Out Contact Wires
/home/sprice/coldspray_documents/documents/outputs/Article_5319/auto/Article_5319.md,Surface characteristics of AC PEO coatings fabricated on commercial Al alloys
/home/sprice/coldspray_documents/documents/outputs/Article_1448/auto/Article_1448.md,Structural Integrity of Metal Deposits Obtained Using Cold Spray Solid-State Deposition
/home/sprice/coldspray_documents/documents/outputs/Article_5075/auto/Article_5075.md,Ball milled Ni–Ti powder deposited by cold spraying
/home/sprice/coldspray_documents/documents/outputs/Article_2805/auto/Article_2805.md,Introducing MAX phases into SiC matrix composites: A review of preparation processes and performance improvement☆
/home/sprice/coldspray_documents/documents/outputs/Article_6091/auto/Article_6091.md,Aging precipitation behavior and strengthening mechanisms of 6061 aluminum alloy with a bimodal heterostructure
/home/sprice/coldspray_documents/documents/outputs/Article_101/auto/Article_101.md,Experimental Studies into the Analysis Required for the Durability Assessment of 7075 and 6061 Cold Spray Repairs to Military Aircraft
/home/sprice/coldspray_documents/documents/outputs/Article_1942/auto/Article_1942.md,Studies of single-particle impact
/home/sprice/coldspray_documents/documents/outputs/Article_1100/auto/Article_1100.md,Remarkable improvement in microstructure and mechanical properties of cold sprayed Al deposits via impact forging post-spray treatment
/home/sprice/coldspray_documents/documents/outputs/Article_3214/auto/Article_3214.md,Detonation spraying behaviour of refractory metals: Case studies for Mo and Ta-based powders
/home/sprice/coldspray_documents/documents/outputs/Article_5757/auto/Article_5757.md,Synthesis of bulk reactive NieAl composites using high pressure torsion
/home/sprice/coldspray_documents/documents/outputs/Article_3163/auto/Article_3163.md,Dense and highly textured coatings obtained by aerosol deposition method from Ti3SiC2 powder: Comparison to a dense material sintered by Spark Plasma Sintering
/home/sprice/coldspray_documents/documents/outputs/Article_5741/auto/Article_5741.md,"Preparation, characterization and antibacterial properties of silver nanoparticles–hydroxyapatite composites by a simple and eco-friendly method"
/home/sprice/coldspray_documents/documents/outputs/Article_6062/auto/Article_6062.md,Cracking behavior and delamination mechanism of lamellar structured TBC with localized mixed oxides
/home/sprice/coldspray_documents/documents/outputs/Article_1345/auto/Article_1345.md,Effect of Substrate Type on Deposition Behavior and Wear Performance of Ni-Coated Graphite/Al Composite Coatings Deposited by Cold Spraying
/home/sprice/coldspray_documents/documents/outputs/Article_3477/auto/Article_3477.md,Communication Heat Treatment of Gas-Atomized Powders for Cold Spray Deposition
/home/sprice/coldspray_documents/documents/outputs/Article_5555/auto/Article_5555.md,Characterization of surface cratering and particle deformation during high speed microparticle impact events
/home/sprice/coldspray_documents/documents/outputs/Article_1097/auto/Article_1097.md,Cold-sprayed Cu matrix composite coatings with core-shell structured Co@WC reinforcements on Q235 steel
/home/sprice/coldspray_documents/documents/outputs/Article_6035/auto/Article_6035.md,Multi-layer formation by oxidation and solid-state crystallization of cold sprayed amorphous coatings during dry sliding wear
/home/sprice/coldspray_documents/documents/outputs/Article_3081/auto/Article_3081.md,Brazing vs. diffusion welding of graded Fe based matrix composite and yttria stabilized zirconia
/home/sprice/coldspray_documents/documents/outputs/Article_2466/auto/Article_2466.md,Microstructure and properties of cold sprayed multimodal WC–17Co deposits
/home/sprice/coldspray_documents/documents/outputs/Article_1539/auto/Article_1539.md,The influence of aging temperature and aging time on the mechanical and tribological properties of selective laser melted maraging 18Ni-300 steel
/home/sprice/coldspray_documents/documents/outputs/Article_5560/auto/Article_5560.md,Hydroxyapatite coating for control degradation and parametric optimization of pure magnesium: an electrophoretic deposition technique for biodegradable implants
/home/sprice/coldspray_documents/documents/outputs/Article_5505/auto/Article_5505.md,CONTENTS—continued from inside back cover
/home/sprice/coldspray_documents/documents/outputs/Article_1350/auto/Article_1350.md,Deposition characteristics of cold sprayed Inconel 718 particles on Inconel 718 substrates with different surface conditions
/home/sprice/coldspray_documents/documents/outputs/Article_3004/auto/Article_3004.md,Anti-corrosion and anti-wear ceramic coatings
/home/sprice/coldspray_documents/documents/outputs/Article_5522/auto/Article_5522.md,Microstructure and corrosion-wear behaviors for laser cladding repaired martensitic stainless steels using Co-based and Ni-based powders
/home/sprice/coldspray_documents/documents/outputs/Article_2685/auto/Article_2685.md,Molecular dynamics investigation of temperature effect and surface configurations on multiple impacts plastic deformation in a palladiumcopper composite metal membrane (CMM): A cold gas dynamic spray (CGDS) process
/home/sprice/coldspray_documents/documents/outputs/Article_1487/auto/Article_1487.md,Particle Compression Test: A Key Step towards Tailoring of Feedstock Powder for Cold Spraying
/home/sprice/coldspray_documents/documents/outputs/Article_3181/auto/Article_3181.md,Numerical simulation of solid particle impacts on Al6061-T6 part I: Three-dimensional representation of angular particles
/home/sprice/coldspray_documents/documents/outputs/Article_2764/auto/Article_2764.md,THERMAL SPRAYING AND RELATED TECHNOLOGIES FOR THE SURFACE MODIFICATION OF AL ALLOYS: REVIEW
/home/sprice/coldspray_documents/documents/outputs/Article_266/auto/Article_266.md,"Cold Spray Coatings of Complex Concentrated Alloys: Critical Assessment of Milestones, Challenges, and Opportunities"
/home/sprice/coldspray_documents/documents/outputs/Article_2514/auto/Article_2514.md,Role of residual stress in the failure of HF-ERW welded tubes
/home/sprice/coldspray_documents/documents/outputs/Article_5709/auto/Article_5709.md,Four rooted maxillary second molar confirmed with cone beam computer tomography — A case report
/home/sprice/coldspray_documents/documents/outputs/Article_6113/auto/Article_6113.md,Synthesis of Ti₂AlC & Ti₃AlC₂ MAX phases by Arc-PVD using Ti–Al target in C₂H₂/Ar gas mixture and subsequent annealing
/home/sprice/coldspray_documents/documents/outputs/Article_792/auto/Article_792.md,Processing map of the in-situ micro-forging (MF) assisted cold spray for additive manufacturing of fully dense metals without MF particle inclusion
/home/sprice/coldspray_documents/documents/outputs/Article_2814/auto/Article_2814.md,"Through-thickness particle distribution, microstructure evolution and tribological performance of B4C/BN-AA6061 composite via friction stir processing"
/home/sprice/coldspray_documents/documents/outputs/Article_3304/auto/Article_3304.md,Properties of physically deposited thin aluminium film coatings: A review
/home/sprice/coldspray_documents/documents/outputs/Article_2866/auto/Article_2866.md,Enhancing the mechanical performances of friction stir lap welded Al-Zn-Mg-Cu alloy joint by promoting diffusion of alloying element Zn toward the pre-positioned Cu interlayer
/home/sprice/coldspray_documents/documents/outputs/Article_986/auto/Article_986.md,Applications of cold spray
/home/sprice/coldspray_documents/documents/outputs/Article_1061/auto/Article_1061.md,Effect of WC powder morphology on dry sliding wear behavior of cold sprayed CrMnCoFeNi cantor HEA composite coatings at room temperature
/home/sprice/coldspray_documents/documents/outputs/Article_530/auto/Article_530.md,Exceptional strength and wear resistance in an AA7075/TiB2 composite fabricated via friction consolidation
/home/sprice/coldspray_documents/documents/outputs/Article_533/auto/Article_533.md,Cold spray coatings to improve the corrosion resistance of magnesium (Mg) alloys
/home/sprice/coldspray_documents/documents/outputs/Article_1827/auto/Article_1827.md,"Microstructural, Mechanical and Wear Behavior of HVOF and Cold-Sprayed High-Entropy Alloys (HEAs) Coatings"
/home/sprice/coldspray_documents/documents/outputs/Article_3170/auto/Article_3170.md,Surface modifications of metallic 12 biomaterials
/home/sprice/coldspray_documents/documents/outputs/Article_1572/auto/Article_1572.md,Effects of gas temperature and ceramic particle content on microstructure and microhardness of cold sprayed $\mathrm { S i C _ { p } / A l }$ 5056 composite coatings
/home/sprice/coldspray_documents/documents/outputs/Article_520/auto/Article_520.md,Silicon Carbide Reinforced Aluminium Metal Matrix Nano Composites-A Review
/home/sprice/coldspray_documents/documents/outputs/Article_1904/auto/Article_1904.md,Achieving high strength and ductility in graphene/magnesium composite via an in-situ reaction wetting process
/home/sprice/coldspray_documents/documents/outputs/Article_1793/auto/Article_1793.md,Characterizations of cold sprayed TiN particle reinforced Al2319 composite coating
/home/sprice/coldspray_documents/documents/outputs/Article_71/auto/Article_71.md,Influence of Pre-Heated Al 6061 Substrate Temperature on the Residual Stresses of Multipass Al Coatings Deposited by Cold Spray
/home/sprice/coldspray_documents/documents/outputs/Article_1706/auto/Article_1706.md,Deposition mechanism of ceramic reinforced metal matrix composites via cold spraying
/home/sprice/coldspray_documents/documents/outputs/Article_3533/auto/Article_3533.md,Corrosion-resistant metallic coatings
/home/sprice/coldspray_documents/documents/outputs/Article_635/auto/Article_635.md,"Appearance of reinforcement, interfacial product, heterogeneous nucleant and grain refiner of $\begin{array}{r}{{\bf M}_{\mathbf{\mathcal{E}}}{\bf Al}_{2}{\bf O}_{4}}\end{array}$ in aluminium metal matrix composites"
/home/sprice/coldspray_documents/documents/outputs/Article_1967/auto/Article_1967.md,Performance comparison of Stellite $6 \textcircled { \mathtt { B } }$ deposited on steel using supersonic laser deposition and laser cladding
/home/sprice/coldspray_documents/documents/outputs/Article_1174/auto/Article_1174.md,Cold spray deposition characteristics of mechanically alloyed Cu-CNT composite powders
/home/sprice/coldspray_documents/documents/outputs/Article_656/auto/Article_656.md,"Microstructure, hardness and mechanical properties of two different unalloyed tantalum wires deposited via wire + arc additive manufacture"
/home/sprice/coldspray_documents/documents/outputs/Article_2480/auto/Article_2480.md,Characterization of cold-sprayed multimodal WC-12Co coating
/home/sprice/coldspray_documents/documents/outputs/Article_5119/auto/Article_5119.md,Probabilistic defect-based modelling of fatigue strength for incomplete datasets assisted by literature data
/home/sprice/coldspray_documents/documents/outputs/Article_5140/auto/Article_5140.md,Tribological and mechanical behaviors of engine bearing with CuSn10 layer and h-BN/ graphite coating prepared by spraying under different temperatures
/home/sprice/coldspray_documents/documents/outputs/Article_6040/auto/Article_6040.md,Numerical analysis of residual stresses induced by cold spray fabricating cBN-reinforced Ni matrix composites
/home/sprice/coldspray_documents/documents/outputs/Article_3302/auto/Article_3302.md,Recent Nanotechnology for Material Applications
/home/sprice/coldspray_documents/documents/outputs/Article_2758/auto/Article_2758.md,Carbon nanotube arrays catalyzed by NiFeSiAl in chemical vapor deposition and hybridized with silica for microwave absorption and anti-corrosion
/home/sprice/coldspray_documents/documents/outputs/Article_1225/auto/Article_1225.md,Effect of hot isostatic pressing (HIP) on microstructure and mechanical properties of Ti6Al4V alloy fabricated by cold spray additive manufacturing
/home/sprice/coldspray_documents/documents/outputs/Article_2931/auto/Article_2931.md,Numerical analysis of 3D printed Inconel 718 superalloy for mechanical properties and solid particle erosion studies
/home/sprice/coldspray_documents/documents/outputs/Article_3657/auto/Article_3657.md,"Synthesis and tribological characterization of cold-sprayed Ni-based composite coatings containing Ag, MoS₂ and h-BN"
/home/sprice/coldspray_documents/documents/outputs/Article_1551/auto/Article_1551.md,On the Bonding Mechanism in Cold Spray of Deformable hex-BN-Ni Clusters
/home/sprice/coldspray_documents/documents/outputs/Article_6029/auto/Article_6029.md,The study of microstructure evolution and deposition kinetics simulation of cold sprayed 6061Al/AZ31Mg composite coatings
/home/sprice/coldspray_documents/documents/outputs/Article_900/auto/Article_900.md,Strengthening mechanisms and research progress in the W/Cu interfaces
/home/sprice/coldspray_documents/documents/outputs/Article_1270/auto/Article_1270.md,Effect of bell annealing on the interface microstructure and mechanical properties of titanium/steel composite plates prepared by hot rolling
/home/sprice/coldspray_documents/documents/outputs/Article_5538/auto/Article_5538.md,Selective laser melting of functionally graded material: current trends and future prospects
/home/sprice/coldspray_documents/documents/outputs/Article_1425/auto/Article_1425.md,Evaluation of laser cladding of Ti6Al4V-ZrO2-CeO2 composite coating on Ti6Al4V alloy substrate
/home/sprice/coldspray_documents/documents/outputs/Article_705/auto/Article_705.md,Effects of multistage thermomechanical treatment on the microstructure and properties of Cu–Ni–Co–Si–Mg alloy strip by HCCM horizontal continuous casting
/home/sprice/coldspray_documents/documents/outputs/Article_99/auto/Article_99.md,Corrosion Characteristics And Mechanical Properties Of Aluminum Coatings Applied By The Cold Spray Process
/home/sprice/coldspray_documents/documents/outputs/Article_797/auto/Article_797.md,Effect of cold spray deposition parameters on wear performance of CrMnFeCoNi high entropy alloy
/home/sprice/coldspray_documents/documents/outputs/Article_2735/auto/Article_2735.md,Effect of particle size on the microstructure and properties of kinetic sprayed nickel coatings
/home/sprice/coldspray_documents/documents/outputs/Article_255/auto/Article_255.md,Improvement of the cold sprayability of hard steel alloy powders
/home/sprice/coldspray_documents/documents/outputs/Article_5071/auto/Article_5071.md,Impact-induced bonding and boundary amorphization of TiN ceramic particles during room temperature vacuum cold spray deposition
/home/sprice/coldspray_documents/documents/outputs/Article_2101/auto/Article_2101.md,Investigation of strain-hardening characteristics of cold-sprayed Al–Al₂O₃ coatings: a combined nanoindentation and expanding cavity models approach
/home/sprice/coldspray_documents/documents/outputs/Article_3027/auto/Article_3027.md,Effect of Cold Spray Deposition of a Titanium Coating on Fatigue Behavior of a Titanium Alloy
/home/sprice/coldspray_documents/documents/outputs/Article_3020/auto/Article_3020.md,"A NEA review on innovative structural materials solutions, including advanced manufacturing processes for nuclear applications based on technology readiness assessment"
/home/sprice/coldspray_documents/documents/outputs/Article_1240/auto/Article_1240.md,Zn/Ni composite coating modified by reduced graphene oxide and layered double hydroxide with synergistic effect for superior corrosion protection of Mg alloys
/home/sprice/coldspray_documents/documents/outputs/Article_834/auto/Article_834.md,Recent developments in advanced polymeric materials for solder mask application: Progress and challenges
/home/sprice/coldspray_documents/documents/outputs/Article_1439/auto/Article_1439.md,Adhesion mechanism of temperature effects on Sn coating on the carbon fiber reinforced polymer substrate by cold spray
/home/sprice/coldspray_documents/documents/outputs/Article_2911/auto/Article_2911.md,The influence of selected metal oxides and laser modification on the surfaces of titanium alloys – Bibliometric and systematic review
/home/sprice/coldspray_documents/documents/outputs/Article_5467/auto/Article_5467.md,High-velocity projectile launcher of LIPIT: Utilizing stress wave driven by laser-induced glass breakdown
/home/sprice/coldspray_documents/documents/outputs/Article_2598/auto/Article_2598.md,Tribological behavior of cold-sprayed nanocrystalline and conventional copper coatings
/home/sprice/coldspray_documents/documents/outputs/Article_5484/auto/Article_5484.md,Life assessment of thermal sprayed alloy 825 in waste heat incineration environment
/home/sprice/coldspray_documents/documents/outputs/Article_1632/auto/Article_1632.md,Wear Resistance and Surface Hardness of Carbon Nanotube Reinforced Alumina Matrix Nanocomposite by Cold Sprayed Process
/home/sprice/coldspray_documents/documents/outputs/Article_2128/auto/Article_2128.md,Metallurgical bonding between metal matrix and core-shelled reinforcements in cold sprayed composite coating
/home/sprice/coldspray_documents/documents/outputs/Article_5116/auto/Article_5116.md,A new low infrared emissivity $\mathsf { A g - Y C r O } _ { 3 }$ composite coating for high-temperature infrared stealth applications
/home/sprice/coldspray_documents/documents/outputs/Article_2347/auto/Article_2347.md,Cold-Sprayed Nanostructured Pure Cobalt Coatings
/home/sprice/coldspray_documents/documents/outputs/Article_3415/auto/Article_3415.md,The Microstructural Evolution of Rapidly Solidified Powder Aluminum 2024 During Thermal Processing
/home/sprice/coldspray_documents/documents/outputs/Article_5238/auto/Article_5238.md,Subject index of volume 528
/home/sprice/coldspray_documents/documents/outputs/Article_115/auto/Article_115.md,Crystal Plasticity Modeling to Capture Microstructural Variations in Cold-Sprayed Materials
/home/sprice/coldspray_documents/documents/outputs/Article_1745/auto/Article_1745.md,Elevated temperature tribological behavior of NiMoAl-Ag-WS2-hBN coatings deposited by cold spray
/home/sprice/coldspray_documents/documents/outputs/Article_1308/auto/Article_1308.md,Cold spraying of tailored aluminium foam precursors: Investigating the correlation between spraying conditions and foam morphology
/home/sprice/coldspray_documents/documents/outputs/Article_800/auto/Article_800.md,Mechanical properties and joining mechanisms of magnetic pulse welding joints of additively manufactured 316L and conventional AA5052 aluminum alloy
/home/sprice/coldspray_documents/documents/outputs/Article_1219/auto/Article_1219.md,Understanding of microstructure and mechanical properties of heat-treated $\mathrm{Ti}_3\mathrm{SiC}_2$/Inconel 625 matrix composites manufactured by laser-directed energy deposition
/home/sprice/coldspray_documents/documents/outputs/Article_1925/auto/Article_1925.md,Size effect on the mechanical responses of aluminum nanoparticles under indentation: A molecular dynamics study
/home/sprice/coldspray_documents/documents/outputs/Article_2677/auto/Article_2677.md,"Modified friction stir deposition – Additive manufacturing, an approach to fabricate multi-layered AA5083/CeO2/B4C nano-composites with enhanced corrosion and tribological behavior"
/home/sprice/coldspray_documents/documents/outputs/Article_1313/auto/Article_1313.md,Advancements in ceramic-coated metals: Enhancing thermal spray coatings for improved performance in aerospace applications using surface treatments
/home/sprice/coldspray_documents/documents/outputs/Article_256/auto/Article_256.md,Mechanical and Metallurgical Properties of Two-Layered Diamalloy 4010 and 2002 HVOF Coating
/home/sprice/coldspray_documents/documents/outputs/Article_1363/auto/Article_1363.md,The role of particle temperature and velocity in cold spray coating formation
/home/sprice/coldspray_documents/documents/outputs/Article_1756/auto/Article_1756.md,Fe2Al5 formation in the cold-sprayed Al coatings on steel by ultra-fast Joule heating
/home/sprice/coldspray_documents/documents/outputs/Article_5366/auto/Article_5366.md,"Microstructures, mechanical properties and electrochemical behaviors of nano-structured HA/Ti composite coatings deposited by high-velocity suspension flame spray (HVSFS)"
/home/sprice/coldspray_documents/documents/outputs/Article_1483/auto/Article_1483.md,Cold Spray Additive Manufacturing of Ti6Al4V: Deposition Optimization
/home/sprice/coldspray_documents/documents/outputs/Article_1343/auto/Article_1343.md,Reactive structural materials consolidated by cold spray: Al–CuO thermite
/home/sprice/coldspray_documents/documents/outputs/Article_879/auto/Article_879.md,Morphology of ceramic regulates the deposition behavior and mechanical properties of cold spray additive manufactured $\mathrm { A l _ { 2 } O _ { 3 } } / 2 0 2 4$ aluminum matrix composites
/home/sprice/coldspray_documents/documents/outputs/Article_2312/auto/Article_2312.md,Selective Laser Post-Treatment on Titanium Cold Spray Coatings
/home/sprice/coldspray_documents/documents/outputs/Article_845/auto/Article_845.md,Unraveling microforging principle during in situ shot-peening-assisted cold spray additive manufacturing aluminum alloy through a multi-physics framework
/home/sprice/coldspray_documents/documents/outputs/Article_703/auto/Article_703.md,Multicomponent alloys design and mechanical response: From high entropy alloys to complex concentrated alloys
/home/sprice/coldspray_documents/documents/outputs/Article_1720/auto/Article_1720.md,"Influence of Irregular Al₂O₃ Content on Electrical Conductivity, Adhesion Strength, and Tribological Properties of Cold Sprayed Al-Al₂O₃ Coatings on Polyether Ether Ketone Substrate"
/home/sprice/coldspray_documents/documents/outputs/Article_732/auto/Article_732.md,Fatigue performance of Q355B steel substrate treated by grit blasting with and without subsequent cold spraying with Al and Cu
/home/sprice/coldspray_documents/documents/outputs/Article_6041/auto/Article_6041.md,Fixing a hole (with cold spray)
/home/sprice/coldspray_documents/documents/outputs/Article_5359/auto/Article_5359.md,Effect of sputtering time on the microstructure and properties of MAO/ CoCrFeNi composite coatings on TC11 alloy
/home/sprice/coldspray_documents/documents/outputs/Article_2665/auto/Article_2665.md,Effect of pulse width on the mechanical properties and high-temperature steam oxidation resistance of Cr coatings deposited by high-power impulse magnetron sputtering
/home/sprice/coldspray_documents/documents/outputs/Article_2185/auto/Article_2185.md,"Role of spray processes on microstructural evolution, and physical and mechanical properties of multi-walled carbon nanotube reinforced cu composite coatings"
/home/sprice/coldspray_documents/documents/outputs/Article_5019/auto/Article_5019.md,Vacuum cold sprayed nanostructured La0.6Sr0.4Co0.2Fe0.8O3−δ as a high-performance cathode for porous metal-supported solid oxide fuel cells operating below 600 °C
/home/sprice/coldspray_documents/documents/outputs/Article_2535/auto/Article_2535.md,Process-structure-property relations for as-deposited solid-state additively manufactured high-strength aluminum alloy
/home/sprice/coldspray_documents/documents/outputs/Article_896/auto/Article_896.md,Effect of carrier gas type on the microstructure and mechanical properties of alumina dispersion-strengthened copper for cold spray additive manufacturing
/home/sprice/coldspray_documents/documents/outputs/Article_2602/auto/Article_2602.md,不同尺度碳化物粉末冷喷沉积 WC-17% Co涂层的组织及性能
/home/sprice/coldspray_documents/documents/outputs/Article_3438/auto/Article_3438.md,A new approach for the reinforcement of SS 304L via arc welding: Using nanostructured flux cored electrode
/home/sprice/coldspray_documents/documents/outputs/Article_2189/auto/Article_2189.md,The effect of milling conditions on microstructures and mechanical properties of Al/MWCNT composites
/home/sprice/coldspray_documents/documents/outputs/Article_3152/auto/Article_3152.md,"The influence of spark plasma sintering temperatures on the microstructure, hardness, and elastic modulus of the nanocrystalline Al-xV alloys produced by high-energy ball milling"
/home/sprice/coldspray_documents/documents/outputs/Article_5412/auto/Article_5412.md,Continuous maintenance and the future – Foundations and technological challenges
/home/sprice/coldspray_documents/documents/outputs/Article_3554/auto/Article_3554.md,Improvement of thermally grown oxide layer in thermal barrier coating systems with nano alumina as third layer
/home/sprice/coldspray_documents/documents/outputs/Article_2689/auto/Article_2689.md,A practical method for low-temperature hydrogen addition into zirconium alloys
/home/sprice/coldspray_documents/documents/outputs/Article_2116/auto/Article_2116.md,Surface Modification of a Cold Gas Dynamic Spray-Deposited Titanium Coating on Aluminum Alloy by using Friction-Stir Processing
/home/sprice/coldspray_documents/documents/outputs/Article_608/auto/Article_608.md,Cold spray additive manufacturing: A viable strategy to fabricate thick $\mathrm { {\bf B} }_{4} \mathrm {C}/$ Al composite coatings for neutron shielding applications
/home/sprice/coldspray_documents/documents/outputs/Article_150/auto/Article_150.md,Effect of Heat Treatment on Microstructure and Mechanical Properties of A380 Aluminum Alloy Deposited by Cold Spray
/home/sprice/coldspray_documents/documents/outputs/Article_3590/auto/Article_3590.md,"NANOCOATINGS: PREPARATION, PROPERTIES, AND BIOMEDICAL APPLICATIONS"
/home/sprice/coldspray_documents/documents/outputs/Article_47/auto/Article_47.md,Microstructural evolution and interfaces in cold sprayed hybrid aluminum alloy powders of different hardness
/home/sprice/coldspray_documents/documents/outputs/Article_5471/auto/Article_5471.md,Effects of neutron irradiation of Ti₃SiC₂ and Ti₃AlC₂ in the 121–1085 °C temperature range
/home/sprice/coldspray_documents/documents/outputs/Article_5077/auto/Article_5077.md,Hybrid manufacturing for additively prepared 2024Al to repair micro defects and obtain heterogeneous bimodal grain structure
/home/sprice/coldspray_documents/documents/outputs/Article_3202/auto/Article_3202.md,Rapid consolidation of $\mathrm{FeAl\!-\!Fe}_{3}\mathrm{AlC}_{x}$ ultrafine composites by mechanically activated field-assisted technique
/home/sprice/coldspray_documents/documents/outputs/Article_2736/auto/Article_2736.md,Effect of gas temperature on the microstructure and properties of cold sprayed copper coatings
/home/sprice/coldspray_documents/documents/outputs/Article_2765/auto/Article_2765.md,Past and present of functionally graded coatings: Advancements and future challenges
/home/sprice/coldspray_documents/documents/outputs/Article_2628/auto/Article_2628.md,Manufacture and Properties of Cold Spray Deposited Large Thickness Cu Coating Material for Sputtering Target
/home/sprice/coldspray_documents/documents/outputs/Article_3262/auto/Article_3262.md,Influence of Cold Gas Spray process conditions on the microstructure of Fe-based amorphous coatings
/home/sprice/coldspray_documents/documents/outputs/Article_2897/auto/Article_2897.md,TiC-NiCoCrFeTi high entropy alloy (HEA) composite coating fabricated by TIG arc scanning for improved tribological performance
/home/sprice/coldspray_documents/documents/outputs/Article_691/auto/Article_691.md,Material processing of hydroxyapatite and titanium alloy (HA/Ti) composite as implant materials using powder metallurgy: A review
/home/sprice/coldspray_documents/documents/outputs/Article_1852/auto/Article_1852.md,Development of ejector nozzle for high-pressure cold spray application: a case study on copper coatings
/home/sprice/coldspray_documents/documents/outputs/Article_2140/auto/Article_2140.md,Experimental evaluation of cold spray FeCrAl alloys coated zirconium-alloy for potential accident tolerant fuel cladding
/home/sprice/coldspray_documents/documents/outputs/Article_1182/auto/Article_1182.md,Potential applications of cold sprayed Cu50Ti20Ni30 metallic glassy alloy powders for antibacterial protective coating in medical and food sectors
/home/sprice/coldspray_documents/documents/outputs/Article_1911/auto/Article_1911.md,The effect of laser energy density on microstructural evolution and mechanical properties of laser clad 316L stainless steel for repair
/home/sprice/coldspray_documents/documents/outputs/Article_1347/auto/Article_1347.md,Tribological and high-temperature mechanical characterization of cold sprayed and PTA-deposited Stellite coatings
/home/sprice/coldspray_documents/documents/outputs/Article_715/auto/Article_715.md,Investigations on inter-splat boundaries of cold sprayed Ni–Cr coatings upon high temperature oxidation
/home/sprice/coldspray_documents/documents/outputs/Article_623/auto/Article_623.md,Mechanical properties and microstructure of additively manufactured stainless steel with laser welded joints
/home/sprice/coldspray_documents/documents/outputs/Article_1908/auto/Article_1908.md,Achieving superior strength and plasticity in cold metal transfer plus pulse wire arc additive manufacturing of a novel Al-Si-Mg-Cu-Zn alloy via in-situ laser remelting
/home/sprice/coldspray_documents/documents/outputs/Article_5348/auto/Article_5348.md,Development of surface roughness from additive manufacturing processing parameters and postprocessing surface modification techniques
/home/sprice/coldspray_documents/documents/outputs/Article_2411/auto/Article_2411.md,Potentials and strategies of solid-state additive friction-stir manufacturing technology: A critical review
/home/sprice/coldspray_documents/documents/outputs/Article_112/auto/Article_112.md,Effects of spraying parameters and heat treatment temperature on microstructure and properties of single-pass and single-layer cold-sprayed Cu coatings on Al alloy substrate
/home/sprice/coldspray_documents/documents/outputs/Article_1032/auto/Article_1032.md,Post treatment of cold sprayed coatings using high-energy infrared radiation: First comprehensive study on structure-property correlation
/home/sprice/coldspray_documents/documents/outputs/Article_5305/auto/Article_5305.md,Microstructure and thermal barrier coating properties of plasma sprayed $\mathsf { S r C e O } _ { 3 }$
/home/sprice/coldspray_documents/documents/outputs/Article_1937/auto/Article_1937.md,"New method for fabricating 6061-7075-composite with enhanced microstructure, mechanical properties, and electrochemical resistance using additive friction stir deposition and heat treatment"
/home/sprice/coldspray_documents/documents/outputs/Article_5601/auto/Article_5601.md,Supersonically sprayed gas- and water-sensing MIL-100(Fe) films
/home/sprice/coldspray_documents/documents/outputs/Article_2359/auto/Article_2359.md,"Microstructure, mechanical properties, and corrosion resistance of continuous heating aging 6013 aluminum alloy"
/home/sprice/coldspray_documents/documents/outputs/Article_536/auto/Article_536.md,Improved strengthening in supersaturated Al-Sc-Zr alloy via meltspinning and extrusion
/home/sprice/coldspray_documents/documents/outputs/Article_1837/auto/Article_1837.md,Fabrication and Microstructure Characterization of Cold Sprayed Al-SiCp Nanocomposite Coating
/home/sprice/coldspray_documents/documents/outputs/Article_3597/auto/Article_3597.md,Microstructure and mechanical properties of $\mathrm { C o } _ { 3 1 . 5 } \mathrm { C r } _ { 7 } \mathrm { F e } _ { 3 0 } \mathrm { N i } _ { 3 1 . 5 }$ high-entropy alloy powder produced by plasma rotating electrode process and its applications in additive manufacturing
/home/sprice/coldspray_documents/documents/outputs/Article_1217/auto/Article_1217.md,Novel artificial hip joint: A layer of alumina on Ti–6Al–4V alloy formed by micro-arc oxidation
/home/sprice/coldspray_documents/documents/outputs/Article_5262/auto/Article_5262.md,Hot corrosion behavior of plasma sprayed $\mathrm { L a _ { 2 } C e _ { 2 } O _ { 7 } / Y S Z }$ thermal barrier composite coating in the presence of Sulfate and Vanadate molten Salts
/home/sprice/coldspray_documents/documents/outputs/Article_1716/auto/Article_1716.md,Tribological behavior in dry air and nitrogen of pulsed gas dynamic sprayed Cu-MoS₂ composite coatings
/home/sprice/coldspray_documents/documents/outputs/Article_3107/auto/Article_3107.md,Wear resistance and thermal conductivity of diamond/Cu-1Cr mechanical milled coatings after high temperature annealing
/home/sprice/coldspray_documents/documents/outputs/Article_2080/auto/Article_2080.md,Optimization of ceramic content in nickel–alumina composite coatings obtained by low pressure cold spraying
/home/sprice/coldspray_documents/documents/outputs/Article_1480/auto/Article_1480.md,Characterization and Modification of Tensile Strength Property of Cold-Sprayed Pure Iron Coating with Fine Crystal Grains
/home/sprice/coldspray_documents/documents/outputs/Article_619/auto/Article_619.md,Breaking the trade off between corrosion resistance and fatigue lifetime of the coated Mg alloy through cold spraying submicron-grain Al alloy coatings
/home/sprice/coldspray_documents/documents/outputs/Article_1930/auto/Article_1930.md,Fabrication and characterization of an Al-based nanocomposite with high specific strength and good elongation using large amount CMA nanoparticles
/home/sprice/coldspray_documents/documents/outputs/Article_5395/auto/Article_5395.md,Awards
/home/sprice/coldspray_documents/documents/outputs/Article_3200/auto/Article_3200.md,High-pressure cold gas dynamic (CGD)-sprayed alumina-reinforced aluminum coatings for potential application as space construction material
/home/sprice/coldspray_documents/documents/outputs/Article_131/auto/Article_131.md,An investigation into microstructure and mechanical properties of cold sprayed 7075 Al deposition
/home/sprice/coldspray_documents/documents/outputs/Article_2360/auto/Article_2360.md,Microstructure and mechanical properties of CuCrZr/316L hybrid components manufactured using selective laser melting
/home/sprice/coldspray_documents/documents/outputs/Article_120/auto/Article_120.md,Influence of powder heat treatment and particle size on the corrosion performance of cold-sprayed nickel-aluminum bronze (NAB) for repair applications
/home/sprice/coldspray_documents/documents/outputs/Article_3419/auto/Article_3419.md,HVOF spraying of ${ \bf A l } _ { 2 } { \bf O } _ { 3 }$ -dispersion-strengthened NiCr powders
/home/sprice/coldspray_documents/documents/outputs/Article_5060/auto/Article_5060.md,Significance of $\mathrm { { A l } _ { 2 } \mathrm { { O } _ { 3 } } }$ particle morphology in the microstructure evolution of cold-sprayed Al- ${ \bf \cdot A l _ { 2 } O _ { 3 } }$ during unconstrained high-pressure torsion
/home/sprice/coldspray_documents/documents/outputs/Article_1748/auto/Article_1748.md,A Machine Learning Approach for Analyzing Residual Stress Distribution in Cold Spray Coatings
/home/sprice/coldspray_documents/documents/outputs/Article_3339/auto/Article_3339.md,Surface modification on biodegradable zinc alloys
/home/sprice/coldspray_documents/documents/outputs/Article_1495/auto/Article_1495.md,"Heat Treatment Effects on the Microstructure, Mechanical and Wear Properties of an Al 2024 Cold Spray Additive Manufactured Deposit"
/home/sprice/coldspray_documents/documents/outputs/Article_1196/auto/Article_1196.md,"Influences of Mechanical, Corrosion, Erosion and Tribological Performance of Cold Sprayed Coatings: A Review"
/home/sprice/coldspray_documents/documents/outputs/Article_2988/auto/Article_2988.md,A review of recent advances and applications of inorganic coating for oil and gas pipe systems
/home/sprice/coldspray_documents/documents/outputs/Article_5136/auto/Article_5136.md,Chlorine-induced high temperature corrosion of Inconel 625 sprayed coatings deposited with different thermal spray techniques
/home/sprice/coldspray_documents/documents/outputs/Article_3056/auto/Article_3056.md,Generalized self-consistent estimation of the apparent isotropic elastic moduli and minimum representative volume element size of heterogeneous media
/home/sprice/coldspray_documents/documents/outputs/Article_3538/auto/Article_3538.md,Developing safe and high-performance lithium-ion batteries: Strategies and approaches
/home/sprice/coldspray_documents/documents/outputs/Article_5316/auto/Article_5316.md,The sintering behavior of plasma-sprayed YSZ coating over the delamination crack in low temperature environment
/home/sprice/coldspray_documents/documents/outputs/Article_3631/auto/Article_3631.md,A COMPARATIVE INVESTIGATION ON THE MECHANICAL PROPERTIES OF WC-17CO ADDITIVELY MANUFACTURED BY COLD SPRAY (CS) AND HIGH VELOCITY AIR FUEL (HVAF) TECHNOLOGIES
/home/sprice/coldspray_documents/documents/outputs/Article_1870/auto/Article_1870.md,Pitting resistance of reduced graphene oxide-layered double hydroxide reinforced aluminum composite coating deposited by cold spraying
/home/sprice/coldspray_documents/documents/outputs/Article_1035/auto/Article_1035.md,Quantitative percussion diagnostics for evaluating porosity and surface roughness of cold sprayed and laser deposited materials
/home/sprice/coldspray_documents/documents/outputs/Article_1652/auto/Article_1652.md,Deposition characteristics of Al–12Si alloy coating fabricated by cold spraying with relatively large powder particles
/home/sprice/coldspray_documents/documents/outputs/Article_58/auto/Article_58.md,Precipitation behavior of cold sprayed Al6061 coatings
/home/sprice/coldspray_documents/documents/outputs/Article_5634/auto/Article_5634.md,On the texture evolution of aluminum-based composites manufactured by ARB process: a review
/home/sprice/coldspray_documents/documents/outputs/Article_3556/auto/Article_3556.md,New Promising Ceramic Coatings for Corrosion and Wear Protection of Steels: A Review
/home/sprice/coldspray_documents/documents/outputs/Article_862/auto/Article_862.md,Microstructure and mechanical anisotropy of additively manufactured cold spray copper deposits
/home/sprice/coldspray_documents/documents/outputs/Article_1864/auto/Article_1864.md,Iron-based Surfacing Alloy Composite Coatings Deposited on Al7075 Substrate Using Cold Spraying and Its Properties
/home/sprice/coldspray_documents/documents/outputs/Article_2857/auto/Article_2857.md,How aluminum changed the world: A metallurgical revolution through technological and cultural perspectives
/home/sprice/coldspray_documents/documents/outputs/Article_2228/auto/Article_2228.md,In-situ observation of strain and cracking in coated laminates by digital image correlation
/home/sprice/coldspray_documents/documents/outputs/Article_6057/auto/Article_6057.md,Influence of nozzle configuration and particle size on characteristics and sliding wear behaviour of HVAF-sprayed WC-CoCr coatings
/home/sprice/coldspray_documents/documents/outputs/Article_5546/auto/Article_5546.md,Tribological behavior of self lubricating $\mathrm{Cu}/\mathrm{MoS}_2$ composites fabricated by powder metallurgy
/home/sprice/coldspray_documents/documents/outputs/Article_1494/auto/Article_1494.md,Effect of natural aging on mechanical properties and corrosion behavior of 2219 aluminum alloy cold sprayed coatings
/home/sprice/coldspray_documents/documents/outputs/Article_2597/auto/Article_2597.md,"Study on the fabrication and physical properties of cold-sprayed, Cu-based amorphous coating"
/home/sprice/coldspray_documents/documents/outputs/Article_736/auto/Article_736.md,Ultrahigh strength Cu–15Ni–8Sn alloy: Rotary swaging induces twin strengthening and regulates γ (DO3) phase precipitation
/home/sprice/coldspray_documents/documents/outputs/Article_1440/auto/Article_1440.md,Influence of bimodal copper grain size distribution on electrical resistivity and tensile strength of silver - copper composite wires
/home/sprice/coldspray_documents/documents/outputs/Article_3333/auto/Article_3333.md,Rapid membrane surface functionalization with Ag nanoparticles via coupling electrospray and polymeric solvent bonding for enhanced antifouling and catalytic performance: Deposition and interfacial reaction mechanisms
/home/sprice/coldspray_documents/documents/outputs/Article_6094/auto/Article_6094.md,Subject index to volume 135C–146C
/home/sprice/coldspray_documents/documents/outputs/Article_2759/auto/Article_2759.md,Dissimilar friction stir welding of Al to non-Al metallic materials: An overview
/home/sprice/coldspray_documents/documents/outputs/Article_2294/auto/Article_2294.md,Optimization of the Quality Characteristics of Laser-Assisted Cold-Sprayed (LACS) Aluminum Coatings with Taguchi Design of Experiments (DOE)
/home/sprice/coldspray_documents/documents/outputs/Article_1704/auto/Article_1704.md,Investigating the nanoscale hardness/strength properties of high-entropy alloy particles using the nanoindentation technique
/home/sprice/coldspray_documents/documents/outputs/Article_5816/auto/Article_5816.md,SURGICAL PADDLE-LEAD PLACEMENT UNDER CONSCIOUS SEDATION FOR CERVICAL SPINAL CORD STIMULATION
/home/sprice/coldspray_documents/documents/outputs/Article_3189/auto/Article_3189.md,Synthesis and characterization of nanocrystalline ${ \sf A l _ { 2 } O _ { 3 } } – { \sf N i } ( { \sf C r } )$ particles using high-energy mechanical alloying process
/home/sprice/coldspray_documents/documents/outputs/Article_1624/auto/Article_1624.md,Cold Spray-Based Additive Manufacturing of Thermosets
/home/sprice/coldspray_documents/documents/outputs/Article_35/auto/Article_35.md,Heat-treatment and mechanical properties of cold-sprayed high strength Al alloys from satellited feedstocks
/home/sprice/coldspray_documents/documents/outputs/Article_1610/auto/Article_1610.md,Development of 3D Multicomponent Model for Cold Spray Process Using Nitrogen and Air
/home/sprice/coldspray_documents/documents/outputs/Article_2177/auto/Article_2177.md,Preparation and performance of a cold gas dynamic sprayed high-aluminum bronze coating
/home/sprice/coldspray_documents/documents/outputs/Article_3407/auto/Article_3407.md,Sliding wear investigation of suspension sprayed WC–Co nanocomposite coatings
/home/sprice/coldspray_documents/documents/outputs/Article_91/auto/Article_91.md,An investigation into the mechanism for enhanced mechanical properties in friction stir welded AA2024-T3 joints coated with cold spraying
/home/sprice/coldspray_documents/documents/outputs/Article_934/auto/Article_934.md,Erosion wear performance of HVOF and cold spray coatings deposited on T-91 boiler steel
/home/sprice/coldspray_documents/documents/outputs/Article_5617/auto/Article_5617.md,Thermal shock resistance of FeMnCrAl/Cr3C2–Ni9Al coatings deposited by high velocity arc spraying
/home/sprice/coldspray_documents/documents/outputs/Article_5430/auto/Article_5430.md,Substrate heating effects on hardness of an α-Al₂O₃ thick film formed by aerosol deposition method
/home/sprice/coldspray_documents/documents/outputs/Article_3503/auto/Article_3503.md,A chain model charactering the effect of interphase on electro-mechanical properties of particle reinforced polymer
/home/sprice/coldspray_documents/documents/outputs/Article_3607/auto/Article_3607.md,Post-processing treatments–microstructure–performance interrelationship of metal additive manufactured aerospace alloys: a review
/home/sprice/coldspray_documents/documents/outputs/Article_1279/auto/Article_1279.md,Microstructure and tribological properties of cold sprayed WCp/Ti composite coatings on Ti6Al4V titanium alloy
/home/sprice/coldspray_documents/documents/outputs/Article_1835/auto/Article_1835.md,Nondestructive Characterization of Multiscale Defects in an Aluminum Alloy After Cold Spray Repair
/home/sprice/coldspray_documents/documents/outputs/Article_1712/auto/Article_1712.md,Pitting corrosion behavior and corrosion protection performance of cold sprayed double layered noble barrier coating on magnesium-based alloy in chloride containing solutions
/home/sprice/coldspray_documents/documents/outputs/Article_2388/auto/Article_2388.md,Describing crack growth in additively manufactured Scalmalloy
/home/sprice/coldspray_documents/documents/outputs/Article_1247/auto/Article_1247.md,Unraveling jetting mechanisms in high-velocity impact of copper particles using molecular dynamics simulations
/home/sprice/coldspray_documents/documents/outputs/Article_5491/auto/Article_5491.md,Introduction and main principles in additive manufacturing
/home/sprice/coldspray_documents/documents/outputs/Article_3146/auto/Article_3146.md,Simultaneous increase of friction coefficient and wear resistance through HVOF sprayed WC-(nano WC-Co)
/home/sprice/coldspray_documents/documents/outputs/Article_2124/auto/Article_2124.md,Microstructure of Cross-Linked High Densification Network and Strengthening Mechanism in Cold-Sprayed Ti-6Al-4V Coating After Heat Treatment
/home/sprice/coldspray_documents/documents/outputs/Article_1872/auto/Article_1872.md,Microstructure and properties of cold sprayed aluminum bronze coating on MBLS10A-200 magnesium-lithium alloy
/home/sprice/coldspray_documents/documents/outputs/Article_3359/auto/Article_3359.md,Thermal conductivity of Al−Gd−TM glass-forming alloys
/home/sprice/coldspray_documents/documents/outputs/Article_1621/auto/Article_1621.md,Erosion of cold sprayed aeronautical coatings*
/home/sprice/coldspray_documents/documents/outputs/Article_2865/auto/Article_2865.md,Tribology and corrosion barriers of ${ \mathsf { W S } _ { 2 } } / { \mathsf { M o S } _ { 2 } } / { h }$ -BN: Application in Ni-based coatings and simulated studies
/home/sprice/coldspray_documents/documents/outputs/Article_1730/auto/Article_1730.md,Influence of Surface Preparation on the Microstructure and Mechanical Properties of Cold-Sprayed Nickel Coatings on Al 7075 Alloy
/home/sprice/coldspray_documents/documents/outputs/Article_5736/auto/Article_5736.md,The tribological behavior evolution of TiB2/Al composites from running-in stage to steady stage
/home/sprice/coldspray_documents/documents/outputs/Article_2488/auto/Article_2488.md,Highly connected thin electrodes comprising Ag–Ni core–shell nanowires for flexible CNT/graphene Joule heaters
/home/sprice/coldspray_documents/documents/outputs/Article_303/auto/Article_303.md,Cold spray particle impact simulation using the Preston-Tonks-Wallace plasticity model
/home/sprice/coldspray_documents/documents/outputs/Article_1897/auto/Article_1897.md,The feasibility of resistance seam welding as an additive manufacturing technology for Al 1060
/home/sprice/coldspray_documents/documents/outputs/Article_3425/auto/Article_3425.md,Subject Index of Volume 483
/home/sprice/coldspray_documents/documents/outputs/Article_659/auto/Article_659.md,Ageing precipitation sequence and effect of ω and secondary α phases on tensile properties of metastable β Ti−6Cr−5Mo−5V−4Al alloy
/home/sprice/coldspray_documents/documents/outputs/Article_6026/auto/Article_6026.md,Deposition of hydroxyapatite (HA) and yttria ceramic powders by low pressure cold spray involving vacuum atmosphere
/home/sprice/coldspray_documents/documents/outputs/Article_2973/auto/Article_2973.md,Preparation process and mechanical properties of laser cladding gradient molybdenum coating on copper alloy
/home/sprice/coldspray_documents/documents/outputs/Article_2795/auto/Article_2795.md,Thermo-mechanical FE model with memory effect for 304L austenitic stainless steel presenting microstructure gradient
/home/sprice/coldspray_documents/documents/outputs/Article_3184/auto/Article_3184.md,An insight into formation of nanostructured coatings on metallic substrates by planetary ball milling
/home/sprice/coldspray_documents/documents/outputs/Article_3475/auto/Article_3475.md,Bainite Percentage Determination and Effect of Bainite Percentage on Mechanical Properties in Austempered AISI 5160 Steel
/home/sprice/coldspray_documents/documents/outputs/Article_82/auto/Article_82.md,Rapidly Solidified Gas-Atomized Aluminum Alloys Compared with Conventionally Cast Counterparts: Implications for Cold Spray Materials Consolidation
/home/sprice/coldspray_documents/documents/outputs/Article_1382/auto/Article_1382.md,Cold gas dynamic spraying of WC–Ni cemented carbide coatings
/home/sprice/coldspray_documents/documents/outputs/Article_2439/auto/Article_2439.md,Microstructural evolutions and corrosion behavior of nanocomposite AlCoCrFeNi2.1 high-entropy alloy produced via friction stir processing
/home/sprice/coldspray_documents/documents/outputs/Article_985/auto/Article_985.md,"Deposition, microstructure and hardness of AlCoCrFeNi2.1 eutectic high entropy alloy coatings by cold spray, HVOF, and plasma spray"
/home/sprice/coldspray_documents/documents/outputs/Article_1658/auto/Article_1658.md,Cold Spray Processing for Micro-Nano Ceramic Coatings
/home/sprice/coldspray_documents/documents/outputs/Article_1084/auto/Article_1084.md,Microstructural evolution in ion irradiated cold spray Cr coated Zr-alloy
/home/sprice/coldspray_documents/documents/outputs/Article_515/auto/Article_515.md,SiC/graphene reinforced aluminum metal matrix composites prepared by powder metallurgy: A review
/home/sprice/coldspray_documents/documents/outputs/Article_5341/auto/Article_5341.md,Additive Metal Technologies for Aerospace Sustainment
/home/sprice/coldspray_documents/documents/outputs/Article_2428/auto/Article_2428.md,Protective compound coating on AZ91D Mg alloy fabricated by combination of cold spraying with die casting
/home/sprice/coldspray_documents/documents/outputs/Article_2752/auto/Article_2752.md,"Influence of $\mathrm { { A l } } _ { 2 } \mathrm { { O } } _ { 3 }$ content on microstructure, electrical conductivity and adhesion strength of cold sprayed Al- ${ \mathrm { A l } } _ { 2 } { \mathrm { O } } _ { 3 }$ coatings on PEEK substrate"
/home/sprice/coldspray_documents/documents/outputs/Article_3145/auto/Article_3145.md,On the status and prospects for nanostructured ferritic alloys for nuclear fission and fusion application with emphasis on the underlying science
/home/sprice/coldspray_documents/documents/outputs/Article_125/auto/Article_125.md,Application of cold spraying for flux-free brazing of aluminium alloy 6060
/home/sprice/coldspray_documents/documents/outputs/Article_3303/auto/Article_3303.md,Lightweight Heavyweight
/home/sprice/coldspray_documents/documents/outputs/Article_578/auto/Article_578.md,The effect of heat treatment on microstructure and tensile properties of cold spray Zr base metal glass/Cu composite
/home/sprice/coldspray_documents/documents/outputs/Article_1991/auto/Article_1991.md,Mapping the microstructure and the mechanical performance of a combinatorial Co–Cr–Cu–Fe–Ni–Zn high-entropy alloy thin film processed by magnetron sputtering technique
/home/sprice/coldspray_documents/documents/outputs/Article_5132/auto/Article_5132.md,Fabrication of conventional and nanostructured NiCrC coatings via HVAF technique
/home/sprice/coldspray_documents/documents/outputs/Article_5558/auto/Article_5558.md,Acute and Chronic Pain in Orofacial Trauma Patients
/home/sprice/coldspray_documents/documents/outputs/Article_3043/auto/Article_3043.md,Effect of Cold Spray Deposition of a Titanium Coating on Fatigue Behavior of a Titanium Alloy
/home/sprice/coldspray_documents/documents/outputs/Article_5176/auto/Article_5176.md,Microparticle impact-bonding modes for mismatched metals: From co-deformation to splatting and penetration
/home/sprice/coldspray_documents/documents/outputs/Article_12/auto/Article_12.md,Comparing Relative Bond Characteristics Between Spherical and Elongated Morphologies for Cold Spray Process Using SPH Simulation
/home/sprice/coldspray_documents/documents/outputs/Article_5268/auto/Article_5268.md,Stress states and crack behavior in plasma sprayed TBCs based on a novel lamellar structure model with real interface morphology
/home/sprice/coldspray_documents/documents/outputs/Article_1357/auto/Article_1357.md,New opportunities to use cold spray process for applying additive features to titanium alloys
/home/sprice/coldspray_documents/documents/outputs/Article_5511/auto/Article_5511.md,Study of stability of microstructure and residual strain after thermal loading of plasma sprayed YSZ by through surface neutron scanning
/home/sprice/coldspray_documents/documents/outputs/Article_3042/auto/Article_3042.md,Effect of heat treatment on properties of cold sprayed nanocrystalline copper alumina coatings
/home/sprice/coldspray_documents/documents/outputs/Article_107/auto/Article_107.md,Characterization of cold-sprayed material consolidations
/home/sprice/coldspray_documents/documents/outputs/Article_3429/auto/Article_3429.md,Qualitative evaluation of failure mechanisms of aluminium 6061-T6 cold spray repairs
/home/sprice/coldspray_documents/documents/outputs/Article_1502/auto/Article_1502.md,Splat Formation and Adhesion Mechanisms of Cold Gas-Sprayed Al Coatings on Al2O3 Substrates
/home/sprice/coldspray_documents/documents/outputs/Article_5198/auto/Article_5198.md,"Recent progress in preparation, microstructure and properties of Cr2AlC MAX phase coatings"
/home/sprice/coldspray_documents/documents/outputs/Article_1692/auto/Article_1692.md,Analysis of the Microstructure and Mechanical Performance of Resistance Spot-Welding of Ti6Al4V to DP600 Steel Using Copper/Gold Cold-Sprayed Interlayers
/home/sprice/coldspray_documents/documents/outputs/Article_1034/auto/Article_1034.md,Synthesis and corrosion behavior of cold sprayed dual nanoparticle reinforced Al coatings
/home/sprice/coldspray_documents/documents/outputs/Article_3663/auto/Article_3663.md,EFFECT OF ALLOYING ELEMENTS ON GROWTH BEHAVIOR OF INTERMETALLIC COMPOUNDS AT THE COLD-SPRAYED COATING/STEEL INTERFACE DURING IMMERSION IN ALUMINUM MELT
/home/sprice/coldspray_documents/documents/outputs/Article_1369/auto/Article_1369.md,"Cold spraying of thermally softened Ni-coated FeSiAl composite powder: Microstructure characterization, tribological performance and magnetic property"
/home/sprice/coldspray_documents/documents/outputs/Article_92/auto/Article_92.md,Mechanical and corrosion properties in 3.5% NaCl solution of cold sprayed Al-based coatings
/home/sprice/coldspray_documents/documents/outputs/Article_5537/auto/Article_5537.md,Direct growth of oxide layer on carbon steel by cathodic plasma electrolysis
/home/sprice/coldspray_documents/documents/outputs/Article_5323/auto/Article_5323.md,Overview of surface engineering technology to improve the energy efficiency in concentrated solar power (CSP) plants
/home/sprice/coldspray_documents/documents/outputs/Article_663/auto/Article_663.md,Fatigue crack growth rate investigation of cold rolled and aged Al-Mg-Zn alloy
/home/sprice/coldspray_documents/documents/outputs/Article_2163/auto/Article_2163.md,Cold Spray Deposition of Ni and WC-Reinforced Ni Matrix Composite Coatings
/home/sprice/coldspray_documents/documents/outputs/Article_3171/auto/Article_3171.md,WC-based cermet coatings produced by cold gas dynamic and pulsed gas dynamic spraying processes
/home/sprice/coldspray_documents/documents/outputs/Article_5137/auto/Article_5137.md,Gettering of Hydrogen by Zircaloy Fuel Cladding in Simulated Used Fuel Containers in a Deep Geologic Repository
/home/sprice/coldspray_documents/documents/outputs/Article_885/auto/Article_885.md,High performance tin-based Babbitt coatings deposited by high-pressure cold spraying
/home/sprice/coldspray_documents/documents/outputs/Article_3527/auto/Article_3527.md,An investigation on oxidation behaviour of high velocity oxy-fuel sprayed Inconel7 $\mathsf{18–Al}_2\mathsf{O}_3$ composite coatings
/home/sprice/coldspray_documents/documents/outputs/Article_2307/auto/Article_2307.md,Effect of Substrate Preheating on Adhesive Strength of SS 316L Cold Spray Coatings
/home/sprice/coldspray_documents/documents/outputs/Article_838/auto/Article_838.md,Bonding behavior of Bi-metal-deposits produced by hybrid cold spray additive manufacturing
/home/sprice/coldspray_documents/documents/outputs/Article_1529/auto/Article_1529.md,Fracture Toughness of Cold Sprayed Pure Metals
/home/sprice/coldspray_documents/documents/outputs/Article_1693/auto/Article_1693.md,Effect of Interfacial Structure on Microstructure and Properties of Cold-Sprayed $\mathbf { C u - A l } _ { 2 } \mathbf { O } _ { 3 }$ Composite Coating
/home/sprice/coldspray_documents/documents/outputs/Article_2431/auto/Article_2431.md,Biomechanical analysis of artificial knee joint components
/home/sprice/coldspray_documents/documents/outputs/Article_160/auto/Article_160.md,Evolution of microstructure and mechanical properties of cold spray additive manufactured aluminum deposit on copper substrate
/home/sprice/coldspray_documents/documents/outputs/Article_972/auto/Article_972.md,Enhancing metallurgical and mechanical properties of friction stir butt welded joints of Al–Cu via cold sprayed Ni interlayer
/home/sprice/coldspray_documents/documents/outputs/Article_2481/auto/Article_2481.md,Cold spray deposition of mechanically alloyed ternary Cu–CNT–SiC composite powders
/home/sprice/coldspray_documents/documents/outputs/Article_3045/auto/Article_3045.md,Effect of the Increase in the Entrance Convergent Section Length of the Gun Nozzle on the High-Velocity Oxygen Fuel and Cold Spray Process
/home/sprice/coldspray_documents/documents/outputs/Article_5503/auto/Article_5503.md,Let Kids Play: Using Virtual Reality as a Substitute for General Anesthesia for Minor Procedures in Pediatric Population
/home/sprice/coldspray_documents/documents/outputs/Article_3520/auto/Article_3520.md,Thermophysical properties of additively manufactured (AM) GRCop-42 and GRCop-84
/home/sprice/coldspray_documents/documents/outputs/Article_3380/auto/Article_3380.md,"Tribological, rheological, and mechanical properties of polymer nanocomposite films and coatings"
/home/sprice/coldspray_documents/documents/outputs/Article_1848/auto/Article_1848.md,Effect of Standoff Distance on Corrosion Resistance of Cold Sprayed Titanium Coatings
/home/sprice/coldspray_documents/documents/outputs/Article_1659/auto/Article_1659.md,Microstructural Evolution and Tribological Performance of Functionally Graded Al-lB4C/BNNP Coatings Produced via Cold Spray
/home/sprice/coldspray_documents/documents/outputs/Article_5243/auto/Article_5243.md,Practical Computational Fracture Mechanics for Aircraft Structural Integrity
/home/sprice/coldspray_documents/documents/outputs/Article_2527/auto/Article_2527.md,High entropy alloy coatings for biomedical applications: A review
/home/sprice/coldspray_documents/documents/outputs/Article_3160/auto/Article_3160.md,Transient experiments on oxidation and degradation of Cr-coated Zircaloy in steam up to $1600^{\circ}\mathsf{C}$
/home/sprice/coldspray_documents/documents/outputs/Article_1695/auto/Article_1695.md,Enhancing Mechanical and Tribological Properties of ColdSprayed Aluminum Through Graphene Nanoplatelet and Boron Carbide Reinforcement
/home/sprice/coldspray_documents/documents/outputs/Article_5769/auto/Article_5769.md,Graphene-based composite electrodes for electrochemical energy storage devices: Recent progress and challenges
/home/sprice/coldspray_documents/documents/outputs/Article_3114/auto/Article_3114.md,"Graphene oxide decorated copper nanoparticles embedded polysulfone nanocomposite membrane: Anti-bacterial, organo-bio fouling evaluation in pharmaceutical wastewater treatment via MBR"
/home/sprice/coldspray_documents/documents/outputs/Article_6051/auto/Article_6051.md,Copper-based composite sintering materials and reliability analysis for power electronics packaging
/home/sprice/coldspray_documents/documents/outputs/Article_1195/auto/Article_1195.md,Multiple strengthening mechanisms of cold-sprayed cBNp/NiCrAl composite coating
/home/sprice/coldspray_documents/documents/outputs/Article_1436/auto/Article_1436.md,"Effect of particle oxidation, size and material on deformation, bonding and deposition during cold spray: a peridynamic investigation"
/home/sprice/coldspray_documents/documents/outputs/Article_1244/auto/Article_1244.md,Tribological behavior of cold-sprayed titanium/baghdadite composite coatings in dry and simulated body fluid environments
/home/sprice/coldspray_documents/documents/outputs/Article_102/auto/Article_102.md,An effective approach to improve microstructure and tribological properties of cold sprayed Al alloys
/home/sprice/coldspray_documents/documents/outputs/Article_521/auto/Article_521.md,Tests on slip resistant behaviour of aluminium alloy-stainless steel faying surfaces
/home/sprice/coldspray_documents/documents/outputs/Article_3227/auto/Article_3227.md,Atomic level out-diffusion and interfacial reactions of MAX phases in contact with metals and air
/home/sprice/coldspray_documents/documents/outputs/Article_5411/auto/Article_5411.md,Ultrathin CAD-CAM glass-ceramic and composite resin occlusal veneers for the treatment of severe dental erosion: An up to 3-year randomized clinical trial
/home/sprice/coldspray_documents/documents/outputs/Article_943/auto/Article_943.md,Fabrication of Al coating for corrosion protection of Mg−Zn−Al−Sn−Mn alloy based on cold spraying process
/home/sprice/coldspray_documents/documents/outputs/Article_5687/auto/Article_5687.md,Lightweight Flexible Polyimide-Derived Laser-Induced Graphenes for High-Performance Thermal Management Applications
/home/sprice/coldspray_documents/documents/outputs/Article_1075/auto/Article_1075.md,Microstructural evolutions and mechanical properties of multilayered 1060Al/Ale ∇·Al₂O₃ composites fabricated by cold spraying and accumulative roll bonding
/home/sprice/coldspray_documents/documents/outputs/Article_60/auto/Article_60.md,MATERIALS CHARACTERIZATION OF ADVANCED COLD-SPRAY ALUMINUM ALLOYS
/home/sprice/coldspray_documents/documents/outputs/Article_3167/auto/Article_3167.md,Experimental investigation and numerical study on ultrasonic impact treatment of pure copper
/home/sprice/coldspray_documents/documents/outputs/Article_2195/auto/Article_2195.md,Tribology of $\mathrm { S i C _ { p } }$ reinforced Al-12Si matrix composite coatings in water
/home/sprice/coldspray_documents/documents/outputs/Article_1606/auto/Article_1606.md,Adhesion of rough cold sprayed metal coatings on polymers
/home/sprice/coldspray_documents/documents/outputs/Article_5114/auto/Article_5114.md,"Water droplet erosion behavior of physical vapor deposition deposited TiN, CrN and multilayer Ti/TiAlN coatings: A comparative study"
/home/sprice/coldspray_documents/documents/outputs/Article_1168/auto/Article_1168.md,Deformation of copper particles upon impact: A molecular dynamics study of cold spray
/home/sprice/coldspray_documents/documents/outputs/Article_1775/auto/Article_1775.md,Assessment of metadynamic recrystallization in single copper particle impacts by focused ion beam tomography
/home/sprice/coldspray_documents/documents/outputs/Article_1633/auto/Article_1633.md,Nanostructured Metal Coatings via Cold Spray
/home/sprice/coldspray_documents/documents/outputs/Article_3501/auto/Article_3501.md,Lightning strike protection of composites
/home/sprice/coldspray_documents/documents/outputs/Article_5106/auto/Article_5106.md,Thoughts on the durability and damage tolerance assessment of adhesively-bonded joints
/home/sprice/coldspray_documents/documents/outputs/Article_2786/auto/Article_2786.md,Cavitation resistance of FeMnCrSi coatings processed by different thermal spray processes
/home/sprice/coldspray_documents/documents/outputs/Article_2605/auto/Article_2605.md,Consolidation of Al2O3/Al Nanocomposite Powder by Cold Spray
/home/sprice/coldspray_documents/documents/outputs/Article_1894/auto/Article_1894.md,Energetically deposited nano-composite films of high speed steel and titanium nitride
/home/sprice/coldspray_documents/documents/outputs/Article_2463/auto/Article_2463.md,Hydroxyapatite-Coated Magnesium-Based Biodegradable Alloy: Cold Spray Deposition and Simulated Body Fluid Studies
/home/sprice/coldspray_documents/documents/outputs/Article_1805/auto/Article_1805.md,"Peridynamics simulation of microparticle impact: Deformation, jetting, and the influence of surface oxide layer"
/home/sprice/coldspray_documents/documents/outputs/Article_153/auto/Article_153.md,Effect of higher deposition temperatures on the microstructure and mechanical properties of Al 2024 cold sprayed coatings
/home/sprice/coldspray_documents/documents/outputs/Article_5455/auto/Article_5455.md,Hot corrosion behaviour of HVAF coatings deposited on Fe–25Cr–20Ni support hanger material
/home/sprice/coldspray_documents/documents/outputs/Article_2490/auto/Article_2490.md,Post treatments for improving fatigue performance
/home/sprice/coldspray_documents/documents/outputs/Article_146/auto/Article_146.md,Fabrication of Aluminum Coating onto CFRP Substrate by Cold Spray
/home/sprice/coldspray_documents/documents/outputs/Article_2035/auto/Article_2035.md,Enhancement of Ti-6Al-4V powder surface properties for cold spray deposition using fluidized Gas-Nitriding technique
/home/sprice/coldspray_documents/documents/outputs/Article_567/auto/Article_567.md,"Effect of temper, specimen orientation and test temperature on the tensile and fatigue properties of SiC particles reinforced PM 6061 Al alloy"
/home/sprice/coldspray_documents/documents/outputs/Article_250/auto/Article_250.md,Laser assisted cold spray of AISI 4340 steel
/home/sprice/coldspray_documents/documents/outputs/Article_2578/auto/Article_2578.md,Influence of Powder Porous Structure on the Deposition Behavior of Cold-Sprayed WC-12Co Coatings
/home/sprice/coldspray_documents/documents/outputs/Article_5521/auto/Article_5521.md,Tribological Characteristics of Ai-Si Alloy Coating by Supersonic Particles Deposition
/home/sprice/coldspray_documents/documents/outputs/Article_583/auto/Article_583.md,Microstructure/mechanical behavior relationships in upset-forged powder-processed Al alloys containing icosahedral quasicrystalline dispersoids
/home/sprice/coldspray_documents/documents/outputs/Article_5020/auto/Article_5020.md,A new strategy for strengthening additively manufactured cold spray deposits through in-process densification
/home/sprice/coldspray_documents/documents/outputs/Article_1952/auto/Article_1952.md,Photocatalytic degradation of oxalic and dichloroacetic acid on $\mathrm { T i O } _ { 2 }$ coated metal substrates
/home/sprice/coldspray_documents/documents/outputs/Article_2265/auto/Article_2265.md,Enhancement of impact toughness and damage behaviour of natural fibre reinforced composites and their hybrids through novel improvement techniques: A critical review
/home/sprice/coldspray_documents/documents/outputs/Article_5800/auto/Article_5800.md,"Recent progress in surface modification of metals coated by plasma electrolytic oxidation: Principle, structure, and performance"
/home/sprice/coldspray_documents/documents/outputs/Article_2253/auto/Article_2253.md,Anisotropic properties of 3-D printed Poly Lactic Acid (PLA) and Acrylonitrile Butadiene Styrene (ABS) plastics
/home/sprice/coldspray_documents/documents/outputs/Article_587/auto/Article_587.md,Manufacturing processes & recent applications of aluminium metal matrix composite materials: A review
/home/sprice/coldspray_documents/documents/outputs/Article_5401/auto/Article_5401.md,Introduction to Volume 2 Fundamental Theories and Mechanisms of Failure
/home/sprice/coldspray_documents/documents/outputs/Article_5545/auto/Article_5545.md,Atomic scale study of the impact of metallic glass nanoparticles at high velocities
/home/sprice/coldspray_documents/documents/outputs/Article_1149/auto/Article_1149.md,Improving the oscillating wear response of cold sprayed Ti-6Al-4V coatings through a heat treatment
/home/sprice/coldspray_documents/documents/outputs/Article_1774/auto/Article_1774.md,Recent advances in protective coatings and surface modifications for corrosion protection of Mg alloys
/home/sprice/coldspray_documents/documents/outputs/Article_2921/auto/Article_2921.md,High-temperature oxidation and erosion of HVOF sprayed NiCrSiB/Al2O3 and NiCrSiB/WC–Co coatings
/home/sprice/coldspray_documents/documents/outputs/Article_621/auto/Article_621.md,Mechanical behaviour and low cycle fatigue performance of plasma sprayed ZrO2 coated Al-7075-T6 alloy under subzero temperature condition
/home/sprice/coldspray_documents/documents/outputs/Article_1543/auto/Article_1543.md,Improving the Interparticle Bonding and Ductility of Cold Sprayed Aluminum Alloys by Deformation Processing
/home/sprice/coldspray_documents/documents/outputs/Article_5613/auto/Article_5613.md,Woodhead Publishing Series in Metals and Surface Engineering
/home/sprice/coldspray_documents/documents/outputs/Article_3397/auto/Article_3397.md,Improvement of wear and corrosion resistance of AZ91 magnesium alloy by applying Ni−SiC nanocomposite coating via pulse electrodeposition
/home/sprice/coldspray_documents/documents/outputs/Article_2125/auto/Article_2125.md,Effect of substrate on the properties of cold sprayed coating of WC-10Ni
/home/sprice/coldspray_documents/documents/outputs/Article_3374/auto/Article_3374.md,Microstructures and wear behaviors of WC particle reinforced nickel-based composites fabricated by selective laser melting
/home/sprice/coldspray_documents/documents/outputs/Article_810/auto/Article_810.md,"Insight on recent development in metallic biomaterials: Strategies involving synthesis, types and surface modification for advanced therapeutic and biomedical applications"
/home/sprice/coldspray_documents/documents/outputs/Article_5427/auto/Article_5427.md,Radically curable nano- 10 based coatings
/home/sprice/coldspray_documents/documents/outputs/Article_1755/auto/Article_1755.md,"Microstructural, Micromechanical, Wear, and Corrosion Properties of Cold Spray and Laser-Assisted Cold Spray CrMnCoFeNi Cantor HEA Coatings"
/home/sprice/coldspray_documents/documents/outputs/Article_1046/auto/Article_1046.md,An experimentally validated dislocation density based computational framework for predicting microstructural evolution in cold spray process
/home/sprice/coldspray_documents/documents/outputs/Article_3266/auto/Article_3266.md,Shock consolidation of nanocrystalline 6061-T6 aluminum powders
/home/sprice/coldspray_documents/documents/outputs/Article_1622/auto/Article_1622.md,Impact of Particle Size Distribution for Variable Mixing Time on Mechanical Properties and Microstructural Evaluation of Al-Cu/B4C Composite
/home/sprice/coldspray_documents/documents/outputs/Article_1687/auto/Article_1687.md,Optimizing Cold Spray Parameters for High Entropy Alloy Coatings Using Taguchi and Box–Behnken Design Approaches for Mechanically Alloyed Powder
/home/sprice/coldspray_documents/documents/outputs/Article_6054/auto/Article_6054.md,Fabrication and characterisation of electro-brush plated nickel-graphene oxide nano-composite coatings
/home/sprice/coldspray_documents/documents/outputs/Article_3591/auto/Article_3591.md,Evaluation and methods of interfacial properties in fiberreinforced composites
/home/sprice/coldspray_documents/documents/outputs/Article_5729/auto/Article_5729.md,Effect of gas temperature on critical velocity and deposition characteristics in kinetic spraying
/home/sprice/coldspray_documents/documents/outputs/Article_5768/auto/Article_5768.md,Petroleum wellhead burning: A review of the basic science for burn efficiency prediction
/home/sprice/coldspray_documents/documents/outputs/Article_5584/auto/Article_5584.md,Controllable release of Cu ions contributes to the enhanced environmentally-friendly performance of antifouling Cu-bearing stainless steel coating prepared using high-velocity air fuel
/home/sprice/coldspray_documents/documents/outputs/Article_825/auto/Article_825.md,Study on cold-sprayed Fe-based metallic glass reinforced Cu composite coatings applied to 6061 T6 Al alloy base material
/home/sprice/coldspray_documents/documents/outputs/Article_5786/auto/Article_5786.md,Novel polymer-derived ceramic environmental barrier coating system for carbon steel in oxidizing environments
/home/sprice/coldspray_documents/documents/outputs/Article_5526/auto/Article_5526.md,Fuel performance analysis of Cr-coated Zircaloy-4 cladding during a prototypical LOCA event using BISON
/home/sprice/coldspray_documents/documents/outputs/Article_2383/auto/Article_2383.md,Effect of multi-layer deposition in solid-state friction stir surfacing-based additive manufacturing for fabrication of large-scale metal product
/home/sprice/coldspray_documents/documents/outputs/Article_1059/auto/Article_1059.md,Stable nanocrystalline high-entropy alloy coatings deposited by cold-spraying: Indentation deformation behavior evaluated by nanoindentation and atomic force microscopy
/home/sprice/coldspray_documents/documents/outputs/Article_667/auto/Article_667.md,Particle floating and transfer effect in cored wire arc additive manufacturing: Formation mechanism and laser shock inhibition
/home/sprice/coldspray_documents/documents/outputs/Article_5725/auto/Article_5725.md,Morphological characterization of aggregates and agglomerates by image analysis: A systematic literature review
/home/sprice/coldspray_documents/documents/outputs/Article_2810/auto/Article_2810.md,Laser Applications in Surface Modification
/home/sprice/coldspray_documents/documents/outputs/Article_698/auto/Article_698.md,Evolution process of $\mathrm { T } _ { 1 }$ precipitate in Al–Cu–Li–TiC/TiB2 alloy during aging treatment
/home/sprice/coldspray_documents/documents/outputs/Article_1458/auto/Article_1458.md,Dissipation and adhesion hysteresis between (010) forsterite surfaces using molecular-dynamics simulation and the Jarzynski equality
/home/sprice/coldspray_documents/documents/outputs/Article_6127/auto/Article_6127.md,Tribological properties of wear-resistant coatings obtained by cold gas dynamic spray
/home/sprice/coldspray_documents/documents/outputs/Article_1103/auto/Article_1103.md,The effect of annealing on trapped copper oxides in particle-particle interfaces of cold-sprayed Cu coatings
/home/sprice/coldspray_documents/documents/outputs/Article_740/auto/Article_740.md,A novel B4C/Al-316 L neutron absorbing clad plate prepared by cold spraying: Microstructure and mechanical properties
/home/sprice/coldspray_documents/documents/outputs/Article_538/auto/Article_538.md,Micromechanical damage analysis of Al- ${ \mathrm { A l } } _ { 2 } { \mathrm { O } } _ { 3 }$ composites via cold-spray additive manufacturing
/home/sprice/coldspray_documents/documents/outputs/Article_154/auto/Article_154.md,"Microstructure, microhardness and tribological behavior of $\mathrm { { A l } } _ { 2 } \mathrm { { O } } _ { 3 }$ reinforced A380 aluminum alloy composite coatings prepared by cold spray technique"
/home/sprice/coldspray_documents/documents/outputs/Article_3102/auto/Article_3102.md,Thin film metallization by supersonic spraying of copper and nickel nanoparticles on a silicon substrate
/home/sprice/coldspray_documents/documents/outputs/Article_601/auto/Article_601.md,Microstructure evolution and performance improvement of 42CrMo steel repaired by an ultrasonic rolling assisted laser directed energy deposition IN718 superalloy
/home/sprice/coldspray_documents/documents/outputs/Article_5556/auto/Article_5556.md,A Biofeedback Based Virtual Reality Game for Pediatric Population (BioVirtualPed): A Feasibility Trial
/home/sprice/coldspray_documents/documents/outputs/Article_2528/auto/Article_2528.md,Recent advances and trends in roll bonding process and bonding model: A review
/home/sprice/coldspray_documents/documents/outputs/Article_5163/auto/Article_5163.md,Tribological behavior of graphene anchored Mg-Al layered double hydroxide film on Mg alloy pre-sprayed Al coating
/home/sprice/coldspray_documents/documents/outputs/Article_5445/auto/Article_5445.md,Heterostructure-reinforced CoCrFeNiTax (x = 0.5 and 1) high-entropy alloy coatings fabricated by combining mechanical alloying and hot-pressing sintering
/home/sprice/coldspray_documents/documents/outputs/Article_2344/auto/Article_2344.md,Residual Stresses Development during Cold Spraying of Ti-6Al-4V Combined with In Situ Shot Peening
/home/sprice/coldspray_documents/documents/outputs/Article_3449/auto/Article_3449.md,Investigation on the Performance of Al7075 Alloy Surface Repaired by Cold Spray Coating Technology
/home/sprice/coldspray_documents/documents/outputs/Article_1452/auto/Article_1452.md,Influence of Ductility on Fracture in Tensile Testing of Cold Gas Sprayed Deposits
/home/sprice/coldspray_documents/documents/outputs/Article_152/auto/Article_152.md,Residual stress and thermo-mechanical properties of cold spray metal coatings
/home/sprice/coldspray_documents/documents/outputs/Article_1746/auto/Article_1746.md,Impact of Heat Treatment on the Microstructure and Properties of Ti–Al Composite Coatings with Formation of a TiAl3 Intermetallic Phase
/home/sprice/coldspray_documents/documents/outputs/Article_5062/auto/Article_5062.md,"Microstructural analysis of high-pressure cold-sprayed Ni, NiCu and $\mathsf{NiCu} + \mathsf{Al}_{2}\mathsf{O}_{3}$ coatings"
/home/sprice/coldspray_documents/documents/outputs/Article_2835/auto/Article_2835.md,Toward developing remanufactured Ti6Al4V alloys with high fatigue crack growth resistance by in-situ cooling during laser remanufacturing
/home/sprice/coldspray_documents/documents/outputs/Article_2779/auto/Article_2779.md,Induction cladding of alloys and metal-matrix composite coatings: A review
/home/sprice/coldspray_documents/documents/outputs/Article_5199/auto/Article_5199.md,"Preparation process, surface properties and mechanistic study of HVAF-sprayed CoCrFeNiMo0.2 high-entropy alloy coatings"
/home/sprice/coldspray_documents/documents/outputs/Article_5813/auto/Article_5813.md,Functionally graded hydroxyapatite coatings doped with antibacterial components
/home/sprice/coldspray_documents/documents/outputs/Article_5183/auto/Article_5183.md,Recent advances in understanding the corrosive effects of molten aluminum on structural materials and protective strategies: A comprehensive review
/home/sprice/coldspray_documents/documents/outputs/Article_1010/auto/Article_1010.md,Fabrication of Ta-Ag composite deposits via cold spray: Investigation of bonding mechanism and deposition behavior
/home/sprice/coldspray_documents/documents/outputs/Article_1285/auto/Article_1285.md,Ti surface modification by cold spraying with TiO2 microparticles
/home/sprice/coldspray_documents/documents/outputs/Article_3086/auto/Article_3086.md,Microstructure evolution and mechanical property of high temperature solid-state diffusion bonded Cr-Zry4 with and without a 316 SS interlayer
/home/sprice/coldspray_documents/documents/outputs/Article_974/auto/Article_974.md,A manufacturing and annealing protocol to develop a cold-sprayed Fe-316L stainless steel biodegradable stenting material
/home/sprice/coldspray_documents/documents/outputs/Article_2893/auto/Article_2893.md,Thermomechanical behavior of amorphous alloys based on titanium at the temperature range of the glass transition and crystallization MACMIL 77
/home/sprice/coldspray_documents/documents/outputs/Article_3267/auto/Article_3267.md,Subject index of volumes 513–514
/home/sprice/coldspray_documents/documents/outputs/Article_611/auto/Article_611.md,Mechanical properties of thick 304L stainless steel deposits processed by He cold spray
/home/sprice/coldspray_documents/documents/outputs/Article_5354/auto/Article_5354.md,Pitting mechanism in a stainless steel-reinforced Fe-based amorphous coating
/home/sprice/coldspray_documents/documents/outputs/Article_1874/auto/Article_1874.md,Denseness and Adhesion of Low-Pressure Cold Spray Coating to Corroded Steel Bridges
/home/sprice/coldspray_documents/documents/outputs/Article_288/auto/Article_288.md,Finite Element Modeling of Single-Particle Impacts for the Optimization of Antimicrobial Copper Cold Spray Coatings
/home/sprice/coldspray_documents/documents/outputs/Article_2833/auto/Article_2833.md,Synthesis and characterization of carbon-based ceramic nanocomposites
/home/sprice/coldspray_documents/documents/outputs/Article_5659/auto/Article_5659.md,Deposition mechanisms of metallic glass particles by Cold Gas Spraying
/home/sprice/coldspray_documents/documents/outputs/Article_1960/auto/Article_1960.md,Experimental study of titanium/aluminium deposits produced by cold gas dynamic spray
/home/sprice/coldspray_documents/documents/outputs/Article_2624/auto/Article_2624.md,Characterization of Ti cold spray coatings by indentation methods
/home/sprice/coldspray_documents/documents/outputs/Article_5182/auto/Article_5182.md,Additive manufactured polyamide foams with periodic grid as templates for the production of functional coated carbon-bonded alumina foam filters
/home/sprice/coldspray_documents/documents/outputs/Article_1951/auto/Article_1951.md,Uniaxial deformation and orientation of ethylene–tetrafluoroethylene films
/home/sprice/coldspray_documents/documents/outputs/Article_3344/auto/Article_3344.md,"Emerging and Innovative Materials for Hydropower Engineering Applications: Turbines, Bearings, Sealing, Dams and Waterways, and Ocean Power"
/home/sprice/coldspray_documents/documents/outputs/Article_5028/auto/Article_5028.md,Experimental and numerical study of residual stress evolution in cold spray coating
/home/sprice/coldspray_documents/documents/outputs/Article_3251/auto/Article_3251.md,Effect of surface characteristics and environmental aging on wetting of Cr-coated Zircaloy-4 accident tolerant fuel cladding material
/home/sprice/coldspray_documents/documents/outputs/Article_1144/auto/Article_1144.md,Additive manufacturing of WC reinforced maraging steel 300 composites by cold spraying and selective laser melting
/home/sprice/coldspray_documents/documents/outputs/Article_5765/auto/Article_5765.md,Effect of processing temperature on the bitumen/ MDI-PEG reactivity
/home/sprice/coldspray_documents/documents/outputs/Article_2086/auto/Article_2086.md,Characterization of as-deposited cold sprayed Cr-coating on Optimized ZIRLOTM claddings
/home/sprice/coldspray_documents/documents/outputs/Article_2012/auto/Article_2012.md,Bonding Mechanism of Cold-Sprayed $\mathbf{TiO}_{2}$ Coatings on Copper and Aluminum Substrates
/home/sprice/coldspray_documents/documents/outputs/Article_637/auto/Article_637.md,Characterization of the cold spray deposition of a wide variety of polymeric powders
/home/sprice/coldspray_documents/documents/outputs/Article_3412/auto/Article_3412.md,A review on recent advances in graphene oxide-based composite coatings for anticorrosion applications
/home/sprice/coldspray_documents/documents/outputs/Article_1747/auto/Article_1747.md,Formation of In Situ Al/TiAl3 Coatings on Electron Beam Melted (EBM) Ti-6Al-4V Alloy by Cold Spray and Induction Heating
/home/sprice/coldspray_documents/documents/outputs/Article_3581/auto/Article_3581.md,Plasma sprayed carbon nanotube and graphene nanoplatelets reinforced alumina hybrid composite coating with outstanding toughness
/home/sprice/coldspray_documents/documents/outputs/Article_1140/auto/Article_1140.md,Tribologically induced nanolaminate in a cold-sprayed WC-reinforced Cu matrix composite: a key to high wear resistance
/home/sprice/coldspray_documents/documents/outputs/Article_5469/auto/Article_5469.md,Flexible Ta/Bi structures for effective radiation shielding against ionizing radiation
/home/sprice/coldspray_documents/documents/outputs/Article_3511/auto/Article_3511.md,Microstructure evolution and properties of in-situ TiC reinforced titanium matrix composites coating by plasma transferred arc welding (PTAW)
/home/sprice/coldspray_documents/documents/outputs/Article_2034/auto/Article_2034.md,Microstructure and hardness comparison of as-built inconel 625 alloy following various additive manufacturing processes
/home/sprice/coldspray_documents/documents/outputs/Article_6049/auto/Article_6049.md,ACTA MATERIALIA CONTENTS OF VOLUME 55
/home/sprice/coldspray_documents/documents/outputs/Article_1886/auto/Article_1886.md,Influence of Powder Plasticity on Bonding Strength of Cold-Sprayed Copper Coating
/home/sprice/coldspray_documents/documents/outputs/Article_5264/auto/Article_5264.md,Assessment of stress characteristic and interfacial delamination in thermal barrier coatings considering the connected crack network
/home/sprice/coldspray_documents/documents/outputs/Article_919/auto/Article_919.md,A practical method to improve mechanical and electrical properties of ADS copper prepared by cold spray additive manufacturing through powder pretreatment
/home/sprice/coldspray_documents/documents/outputs/Article_5660/auto/Article_5660.md,Adhesion behavior of thermal barrier coating on nickel alloy in the bullet shock testing
/home/sprice/coldspray_documents/documents/outputs/Article_2011/auto/Article_2011.md,Formation of Intermetallic Compounds in a Cold-Sprayed Aluminum Coating on Magnesium Alloy Substrate after Friction Stir-Spot-Processing
/home/sprice/coldspray_documents/documents/outputs/Article_5266/auto/Article_5266.md,Multi-particle FEM modeling on hot isostatic pressing of Ti6Al4V powders
/home/sprice/coldspray_documents/documents/outputs/Article_6110/auto/Article_6110.md,Mechanical and physical characterization of ${ \sf A l _ { 2 } O _ { 3 } - C }$ foam filters produced by distinct processing routes: The importance of the ceramic strut morphology
/home/sprice/coldspray_documents/documents/outputs/Article_5292/auto/Article_5292.md,Effects of initial oxidation on β phase depletion and oxidation of CoNiCrAlY bond coatings fabricated by warm spray and HVOF processes
/home/sprice/coldspray_documents/documents/outputs/Article_2075/auto/Article_2075.md,Effect of Heat Treatment on Residual Stress of Cold Sprayed Nickel-based Superalloys
/home/sprice/coldspray_documents/documents/outputs/Article_594/auto/Article_594.md,Estimation of inter-splat bonding and its effect on functional properties of cold sprayed coatings
/home/sprice/coldspray_documents/documents/outputs/Article_1544/auto/Article_1544.md,Optimization of multiple responses using overlaid contour plot and steepest methods analysis on hydroxyapatite coated magnesium via cold spray deposition
/home/sprice/coldspray_documents/documents/outputs/Article_2651/auto/Article_2651.md,Current status of materials development of nuclear fuel cladding tubes for light water reactors
/home/sprice/coldspray_documents/documents/outputs/Article_1337/auto/Article_1337.md,"The relation of formation mechanism, microstructural evolution and mechanical properties of Ni-based coatings produced via high pressure cold spray deposition"
/home/sprice/coldspray_documents/documents/outputs/Article_6081/auto/Article_6081.md,"Unveiling the characteristics and surface modification of titanium, zirconia, and polyetheretherketone dental implants"
/home/sprice/coldspray_documents/documents/outputs/Article_3026/auto/Article_3026.md,Effect of Deposition Conditions on the Properties and Annealing Behavior of Cold-Sprayed Copper
/home/sprice/coldspray_documents/documents/outputs/Article_2694/auto/Article_2694.md,Progress and recent developments in carbon nanotube (CNT) based composite coatings for tribological and bio-tribological applications
/home/sprice/coldspray_documents/documents/outputs/Article_616/auto/Article_616.md,An investigation report on sustainable strength of amalgamation materials
/home/sprice/coldspray_documents/documents/outputs/Article_5282/auto/Article_5282.md,"Plasma spraying Ti–Al–C based composite coatings from Ti/Al/graphite agglomerates: Synthesis, characterization and reaction mechanism"
/home/sprice/coldspray_documents/documents/outputs/Article_1056/auto/Article_1056.md,Friction stir welding of high strength and toughness cast Al-Si7-Cu4-Mg0.3 alloys manipulated by in-situ nanocrystals
/home/sprice/coldspray_documents/documents/outputs/Article_3084/auto/Article_3084.md,Experimental and numerical study for Cu metal coatings at room temperature via powder spray process
/home/sprice/coldspray_documents/documents/outputs/Article_2994/auto/Article_2994.md,Subject index of volume 530
/home/sprice/coldspray_documents/documents/outputs/Article_5056/auto/Article_5056.md,Modelling of alloying process of cold sprayed Ni/Al coating
/home/sprice/coldspray_documents/documents/outputs/Article_2980/auto/Article_2980.md,Enhanced wear resistance in (CoCrNi)94Al3Ti3 medium-entropy alloy at high temperatures via nano-Al2O3 reinforcing phase
/home/sprice/coldspray_documents/documents/outputs/Article_2133/auto/Article_2133.md,Influence of Mechanical Milling and Heat Treatment on the Properties of Bronze Powder
/home/sprice/coldspray_documents/documents/outputs/Article_5159/auto/Article_5159.md,Tuning crystalline structure of zeolitic metal–organic frameworks by supersonic spraying of precursor nanoparticle suspensions
/home/sprice/coldspray_documents/documents/outputs/Article_5181/auto/Article_5181.md,Failure analysis of thermally cycled columnar thermal barrier coatings produced by high-velocity-air fuel and axial-suspension-plasma spraying: A design perspective
/home/sprice/coldspray_documents/documents/outputs/Article_3529/auto/Article_3529.md,Wear Behavior of Environmentally Acceptable Alternatives to Chromium Coatings: Cobalt-Based and Other Coatings
/home/sprice/coldspray_documents/documents/outputs/Article_1177/auto/Article_1177.md,Microstructure characterization and nanomechanics of cold-sprayed pure Al and Al- ${ \bf \cal A l } _ { 2 } { \bf O } _ { 3 }$ composite coatings
/home/sprice/coldspray_documents/documents/outputs/Article_5792/auto/Article_5792.md,Impact of system parameters on quenching heat transfer in the candidate materials for accident tolerant fuel-cladding in LWRs
/home/sprice/coldspray_documents/documents/outputs/Article_2452/auto/Article_2452.md,Dissimilar ultrasonic spot welding of rare-earth containing ZEK100 magnesium-to-aluminum alloy with a zinc interlayer: Microstructural evolution and mechanical properties
/home/sprice/coldspray_documents/documents/outputs/Article_1518/auto/Article_1518.md,Analysis of thermal stability and mechanical properties of nanocrystalline ultra-thin Ni–Co foils
/home/sprice/coldspray_documents/documents/outputs/Article_3051/auto/Article_3051.md,NANO-ENGINEERED ENCAPSULATED-PARTICLES FOR THE CREATION OF SELF LUBRICATING COATINGS AND ALLOYS
/home/sprice/coldspray_documents/documents/outputs/Article_2507/auto/Article_2507.md,A review on effect of alloying elements and heat treatment on properties of Al Sn alloy
/home/sprice/coldspray_documents/documents/outputs/Article_1750/auto/Article_1750.md,"Antimicrobial property, corrosion resistance and tarnish resistance of cold-sprayed additive manufactured copper-nickel alloy"
/home/sprice/coldspray_documents/documents/outputs/Article_3667/auto/Article_3667.md,Plasma sprayed diamond reinforced molybdenum coatings
/home/sprice/coldspray_documents/documents/outputs/Article_1012/auto/Article_1012.md,Advanced diamond-reinforced metal matrix composites via cold spray: Properties and deposition mechanism
/home/sprice/coldspray_documents/documents/outputs/Article_638/auto/Article_638.md,Tensile properties of carbon nanotubes reinforced aluminum matrix composites: A review
/home/sprice/coldspray_documents/documents/outputs/Article_1164/auto/Article_1164.md,Microstructural evolution of cold-sprayed Inconel 625 superalloy coatings on low alloy steel substrate
/home/sprice/coldspray_documents/documents/outputs/Article_1780/auto/Article_1780.md,Effect of carrier gases on microstructural and electrochemical behavior of cold-sprayed 1100 aluminum coating
/home/sprice/coldspray_documents/documents/outputs/Article_41/auto/Article_41.md,Bonding mechanism and fracture behavior of cold-sprayed Fe-based amorphous alloy on 6061 Al alloy
/home/sprice/coldspray_documents/documents/outputs/Article_3024/auto/Article_3024.md,Improvement of microstructure and property of cold-sprayed Cu–4 at.%Cr–2 at.%Nb alloy by heat treatment
/home/sprice/coldspray_documents/documents/outputs/Article_1392/auto/Article_1392.md,Influence of rotating magnetic field on microstructure and strength-ductility synergy in wide liquidus-solidus interval phosphor bronze
/home/sprice/coldspray_documents/documents/outputs/Article_3632/auto/Article_3632.md,
/home/sprice/coldspray_documents/documents/outputs/Article_3221/auto/Article_3221.md,Important contributions of carbon materials in tribology: From lubrication abilities to wear mechanisms
/home/sprice/coldspray_documents/documents/outputs/Article_1672/auto/Article_1672.md,Effect of ${ \bf { \alpha } } { \bf { { \alpha } } } \mathrm { { - } } { \bf { { \Lambda } } } \mathrm { { A l _ { 2 } } } { \bf { { O } } } _ { 3 }$ on the properties of cold sprayed $\mathsf { A l } / \alpha \ – \mathsf { A l } _ { 2 } \mathsf { O } _ { 3 }$ composite coatings on AZ91D magnesium alloy
/home/sprice/coldspray_documents/documents/outputs/Article_2003/auto/Article_2003.md,Measuring the strength of ductile microparticles at extreme strain rates
/home/sprice/coldspray_documents/documents/outputs/Article_5416/auto/Article_5416.md,Effects of the ambient oxygen concentration on WC-12Co cermet coatings fabricated by laser cladding
/home/sprice/coldspray_documents/documents/outputs/Article_3064/auto/Article_3064.md,Interface Material Mixing Formed by the Deposition of Copper on Aluminum by Means of the Cold Spray Process
/home/sprice/coldspray_documents/documents/outputs/Article_5462/auto/Article_5462.md,Hybrid additive and subtractive manufacturing: evolution of the concept and last trends in research and industry
/home/sprice/coldspray_documents/documents/outputs/Article_1333/auto/Article_1333.md,New Developments in Cold Spray Based on Higher Gas and Particle Temperatures
/home/sprice/coldspray_documents/documents/outputs/Article_1923/auto/Article_1923.md,Influence of stand-off distance and pressure in copper coatings deposition efficiency and particle velocity
/home/sprice/coldspray_documents/documents/outputs/Article_2881/auto/Article_2881.md,Organic composite membrane for hydrogen electrochemical conversion devices
/home/sprice/coldspray_documents/documents/outputs/Article_1708/auto/Article_1708.md,Effects of Laser Shock Peening on Interfacial Bonding Strength of Cold-Sprayed Coating
/home/sprice/coldspray_documents/documents/outputs/Article_68/auto/Article_68.md,Microstructure and Mechanical Properties of the Plasma-Sprayed and Cold-Sprayed Al₀.₅CoCrFeNi₂Ti₀.₅ High-Entropy Alloy Coatings
/home/sprice/coldspray_documents/documents/outputs/Article_5281/auto/Article_5281.md,ACTA MATERIALIA CONTENTS OF VOLUME 55
/home/sprice/coldspray_documents/documents/outputs/Article_1985/auto/Article_1985.md,Microstructural evolution of nanodiamond-reinforced aluminum matrix composites during the process of hot extrusion
/home/sprice/coldspray_documents/documents/outputs/Article_3521/auto/Article_3521.md,KEYWORD INDEX
/home/sprice/coldspray_documents/documents/outputs/Article_75/auto/Article_75.md,The unique abilities of cold spray deposition
/home/sprice/coldspray_documents/documents/outputs/Article_5149/auto/Article_5149.md,In vitro tribological behavior of plasma-sprayed hydroxyapatite composite coatings reinforced with graphene nanosheets
/home/sprice/coldspray_documents/documents/outputs/Article_693/auto/Article_693.md,Achieving strength-ductility synergy in wire-arc additively remanufactured part by in-situ hot rolling and thermal history engineering: A case study on 42CrMo low-alloy steel motor shaft
/home/sprice/coldspray_documents/documents/outputs/Article_83/auto/Article_83.md,Mechanical Performance of Cold-Sprayed A357 Aluminum Alloy Coatings for Repair and Additive Manufacturing
/home/sprice/coldspray_documents/documents/outputs/Article_3441/auto/Article_3441.md,Annealing effects on the microstructural and mechanical evolution of high-velocity oxygen-fuel (HVOF) sprayed $\mathrm { A l } _ { 0 . 3 } \mathrm { C r F e N i T i } _ { 0 . 3 }$ medium-entropy alloy coatings
/home/sprice/coldspray_documents/documents/outputs/Article_2009/auto/Article_2009.md,Progress in Industrial Mathematics at ECMI 2021
/home/sprice/coldspray_documents/documents/outputs/Article_1039/auto/Article_1039.md,An overview of various applications of cold spray coating process
/home/sprice/coldspray_documents/documents/outputs/Article_2815/auto/Article_2815.md,Index
/home/sprice/coldspray_documents/documents/outputs/Article_1916/auto/Article_1916.md,On adiabatic shear instability in impacts of micron-scale Al-6061 particles with sapphire and Al-6061 substrates
/home/sprice/coldspray_documents/documents/outputs/Article_1322/auto/Article_1322.md,Fatigue behavior of annealed cold-sprayed 316L stainless steel coating for biomedical applications
/home/sprice/coldspray_documents/documents/outputs/Article_2753/auto/Article_2753.md,
/home/sprice/coldspray_documents/documents/outputs/Article_3065/auto/Article_3065.md,Magnesium Repair by Cold Spray
/home/sprice/coldspray_documents/documents/outputs/Article_1903/auto/Article_1903.md,Emerging processes for metallurgical coatings and thin films
/home/sprice/coldspray_documents/documents/outputs/Article_3293/auto/Article_3293.md,Microstructure and nanohardness of Tií $4 8 \% \mathrm { A l }$ alloy prepared by rapid solidification under different cooling rates
/home/sprice/coldspray_documents/documents/outputs/Article_5425/auto/Article_5425.md,High-temperature oxidation behavior of Ti2AlNb alloy with PEO/hBN composite coating at 1000 °C
/home/sprice/coldspray_documents/documents/outputs/Article_5143/auto/Article_5143.md,The application of photoluminescence piezospectroscopy for residual stresses measurement in thermally sprayed TBCs
/home/sprice/coldspray_documents/documents/outputs/Article_2982/auto/Article_2982.md,Novel nano-thin amorphous Ta-coating on 3D-printed porous TC4 implant: Microstructure and enhanced biological effects
/home/sprice/coldspray_documents/documents/outputs/Article_5040/auto/Article_5040.md,Influence of agglomerate morphology on micro cold spray of Ag nanopowders
/home/sprice/coldspray_documents/documents/outputs/Article_5235/auto/Article_5235.md,Structure and electrochemical behavior of atmospheric plasma sprayed $\mathrm{Cr}_3\mathrm{C}_2$–NiCr cermet composite coatings
/home/sprice/coldspray_documents/documents/outputs/Article_1885/auto/Article_1885.md,Spark plasma sintering treatment of cold sprayed materials for synthesis and structural modification: A case study using TiC-Cu composites
/home/sprice/coldspray_documents/documents/outputs/Article_2153/auto/Article_2153.md,Effect of Substrate Surface Roughness on Microstructure and Mechanical Properties of Cold-Sprayed Ti6Al4V Coatings on Ti6Al4V Substrates
/home/sprice/coldspray_documents/documents/outputs/Article_5486/auto/Article_5486.md,Research on the mechanical and tribological properties of coating reinforced by a pulsed magnetic field during the remelting process
/home/sprice/coldspray_documents/documents/outputs/Article_1176/auto/Article_1176.md,Antibacterial and antimicrobial coatings on metal substrates by cold spray technique: Present and future perspectives
/home/sprice/coldspray_documents/documents/outputs/Article_2868/auto/Article_2868.md,Laser shock peening operation in aeroengine components
/home/sprice/coldspray_documents/documents/outputs/Article_5004/auto/Article_5004.md,Micromechanical damage analysis of Al- ${ \mathrm { A l } } _ { 2 } { \mathrm { O } } _ { 3 }$ composites via cold-spray additive manufacturing
/home/sprice/coldspray_documents/documents/outputs/Article_3283/auto/Article_3283.md,A systematic study of $\beta$ -type Ti-based PVD coatings on magnesium for biomedical application
/home/sprice/coldspray_documents/documents/outputs/Article_2209/auto/Article_2209.md,Formation of coating and tribological behavior of kinetic sprayed Fe-based bulk metallic glass
/home/sprice/coldspray_documents/documents/outputs/Article_2283/auto/Article_2283.md,Investigation on the influence of particle preheating temperature on bonding of cold-sprayed nickel coatings
/home/sprice/coldspray_documents/documents/outputs/Article_2966/auto/Article_2966.md,Solid-state additive manufacturing of aluminum and copper using additive friction stir deposition: Process-microstructure linkages
/home/sprice/coldspray_documents/documents/outputs/Article_5254/auto/Article_5254.md,The aerosol deposition technique for the preparation of high-density films: From physical fundamentals to applications
/home/sprice/coldspray_documents/documents/outputs/Article_3450/auto/Article_3450.md,Microstructure modifications and phase transformation in plasma-sprayed WC–Co coatings following post-spray spark plasma sintering
/home/sprice/coldspray_documents/documents/outputs/Article_54/auto/Article_54.md,Nanomechanical Characterization for Cold Spray: From Feedstock to Consolidated Material Properties
/home/sprice/coldspray_documents/documents/outputs/Article_1082/auto/Article_1082.md,Bulk-like ductility of cold spray additively manufactured copper in the as-sprayed state
/home/sprice/coldspray_documents/documents/outputs/Article_5705/auto/Article_5705.md,Osteopathic treatment of thoracic and respiratory dysfunction
/home/sprice/coldspray_documents/documents/outputs/Article_3274/auto/Article_3274.md,Wear and corrosion resistant performance of thermal-sprayed Fe-based amorphous coatings: A review
/home/sprice/coldspray_documents/documents/outputs/Article_2904/auto/Article_2904.md,The role of polymeric matrices on the performance of smart self-healing coatings: A review
/home/sprice/coldspray_documents/documents/outputs/Article_1995/auto/Article_1995.md,Mechanical properties of the printed materials
/home/sprice/coldspray_documents/documents/outputs/Article_3228/auto/Article_3228.md,"Microstructure, mechanical properties, and adhesion in IN625 air plasma sprayed coatings"
/home/sprice/coldspray_documents/documents/outputs/Article_5325/auto/Article_5325.md,Room temperature nanoindentation creep behavior of detonation sprayed Fe-based amorphous coating
/home/sprice/coldspray_documents/documents/outputs/Article_5127/auto/Article_5127.md,In-process 4D reconstruction in robotic additive manufacturing
/home/sprice/coldspray_documents/documents/outputs/Article_841/auto/Article_841.md,Repairing Al7075 surface using cold spray technology with different metal/ ceramic powders
/home/sprice/coldspray_documents/documents/outputs/Article_5373/auto/Article_5373.md,Enhanced in-situ reinforcement evolution and superior wear resistance by changing $\Upsilon _ { 2 } \mathrm { O } _ { 3 }$ addition in Ti6Al4V-based WC gradient coatings through laser cladding
/home/sprice/coldspray_documents/documents/outputs/Article_5460/auto/Article_5460.md,Micro-dimple textured surface produced by laser-induced particle impact test and improving tribological performance
/home/sprice/coldspray_documents/documents/outputs/Article_2599/auto/Article_2599.md,Multi-walled carbon nanotube-reinforced copper nanocomposite coating fabricated by low-pressure cold spray process
/home/sprice/coldspray_documents/documents/outputs/Article_3113/auto/Article_3113.md,Review of additive manufacturing of permanent magnets for electrical machines: A prospective on wind turbine
/home/sprice/coldspray_documents/documents/outputs/Article_2089/auto/Article_2089.md,Effect of reinforcement particles on cold-sprayed Al-based coatings
/home/sprice/coldspray_documents/documents/outputs/Article_3530/auto/Article_3530.md,"Fabrication, microstructure and wear properties of novel Fe-Mo-Cr-C-B metallic glass coating layers manufactured by various thermal spray processes"
/home/sprice/coldspray_documents/documents/outputs/Article_5135/auto/Article_5135.md,Nanostructured Ceramic Coating Biomaterials
/home/sprice/coldspray_documents/documents/outputs/Article_6093/auto/Article_6093.md,Structure and electrochemical behavior of coatings from complex concentrated alloys deposited by Metco Triplex Pro-210 gun
/home/sprice/coldspray_documents/documents/outputs/Article_1762/auto/Article_1762.md,Optimizing Properties of Cold Sprayed CuAlFeB Powder on EN AW 7075 Substrate for Corrosion and Wear Resistance Applications
/home/sprice/coldspray_documents/documents/outputs/Article_807/auto/Article_807.md,"Microstructure, mechanical and tribological properties of cold sprayed Cu–W coatings"
/home/sprice/coldspray_documents/documents/outputs/Article_701/auto/Article_701.md,The softening effect of welding on the mechanical properties of cold-worked stainless steel
/home/sprice/coldspray_documents/documents/outputs/Article_890/auto/Article_890.md,Rapid post processing of cold sprayed Inconel 625 by induction heating
/home/sprice/coldspray_documents/documents/outputs/Article_5168/auto/Article_5168.md,Nanomaterial-based coatings
/home/sprice/coldspray_documents/documents/outputs/Article_2070/auto/Article_2070.md,Effect of SiC Deposition Behavior on Microstructure and Mechanical Properties of Cold-Sprayed Al5056/SiC Composite Coatings
/home/sprice/coldspray_documents/documents/outputs/Article_38/auto/Article_38.md,Cold-Sprayed Al6061 Coatings: Online Spray Monitoring and Influence of Process Parameters on Coating Properties
/home/sprice/coldspray_documents/documents/outputs/Article_2524/auto/Article_2524.md,Recent progress on control strategies for inherent issues in friction stir welding
/home/sprice/coldspray_documents/documents/outputs/Article_714/auto/Article_714.md,Advanced ceramic coatings on aluminum by laser treatment of filled organosilazane-based composites
/home/sprice/coldspray_documents/documents/outputs/Article_3161/auto/Article_3161.md,Surface strengthening aluminum alloy by in-situ TiC-TiB2 composite coating
/home/sprice/coldspray_documents/documents/outputs/Article_613/auto/Article_613.md,A Comprehensive Review on Manufacturing Methods and Characterization of Al6061 Composites
/home/sprice/coldspray_documents/documents/outputs/Article_6016/auto/Article_6016.md,Exceptional mechanical properties of dual-phase heterogenous structure in $\mathsf { C } _ { \mathrm { f } } / \mathsf { C }$ and superalloy joints via cold spray additive manufacturing-assisted brazing
/home/sprice/coldspray_documents/documents/outputs/Article_1038/auto/Article_1038.md,Dry sliding wear behavior of cold sprayed aluminum amorphous/nanocrystalline alloy coatings
/home/sprice/coldspray_documents/documents/outputs/Article_24/auto/Article_24.md,Effect of zirconia secondary peening on the microstructure and mechanical behavior of Al6061 cold spray coatings
/home/sprice/coldspray_documents/documents/outputs/Article_3177/auto/Article_3177.md,Synthesis and characterization of MWCNT reinforced nano-crystalline copper coating from a highly basic bath through pulsed electrodeposition
/home/sprice/coldspray_documents/documents/outputs/Article_674/auto/Article_674.md,Application of alloying for enhancing the corrosion resistance of titanium alloys: A review
/home/sprice/coldspray_documents/documents/outputs/Article_5438/auto/Article_5438.md,Architected microlattices for structural and functional applications: Lessons from nature
/home/sprice/coldspray_documents/documents/outputs/Article_1673/auto/Article_1673.md,Analysis of impact deformation of elastic-perfectly plastic particles
/home/sprice/coldspray_documents/documents/outputs/Article_3010/auto/Article_3010.md,Review on wear resistance of laser cladding high-entropy alloy coatings
/home/sprice/coldspray_documents/documents/outputs/Article_1714/auto/Article_1714.md,Optimization of cold spray coating parameters using RSM for reducing the porosity level of AA2024/Al2O3 coating on AZ31B magnesium alloy
/home/sprice/coldspray_documents/documents/outputs/Article_868/auto/Article_868.md,Wear and electrochemical corrosion behaviors of Cu matrix WC-Co reinforced composite coating prepared by cold spray
/home/sprice/coldspray_documents/documents/outputs/Article_1080/auto/Article_1080.md,Numerical simulation of cold-sprayed hydroxyapatite coating on 316L stainless steel
/home/sprice/coldspray_documents/documents/outputs/Article_3666/auto/Article_3666.md,Surface Engineering Processes
/home/sprice/coldspray_documents/documents/outputs/Article_5278/auto/Article_5278.md,The key role in the structure and properties of a novel CrNiTiMo high-entropy alloys films prepared by magnetron sputtering: Bias voltage
/home/sprice/coldspray_documents/documents/outputs/Article_2728/auto/Article_2728.md,Metallic nanocomposite coatings
/home/sprice/coldspray_documents/documents/outputs/Article_1542/auto/Article_1542.md,Effect of Powder Particle Size on Microstructure and Mechanical Properties of Cold-Sprayed Pure Nickel Coatings
/home/sprice/coldspray_documents/documents/outputs/Article_5247/auto/Article_5247.md,Contents
/home/sprice/coldspray_documents/documents/outputs/Article_5567/auto/Article_5567.md,Corrosion of heat exchanger materials in co-combustion thermal power plants
/home/sprice/coldspray_documents/documents/outputs/Article_2289/auto/Article_2289.md,CREATION OF HETEROGENEOUS MATERIALS ON THE BASIS OF B C AND Ni POWDERS BY THE METHOD OF COLD SPRAYING WITH SUBSEQUENT LAYER-BY-LAYER LASER TREATMENT
/home/sprice/coldspray_documents/documents/outputs/Article_1072/auto/Article_1072.md,"A comparative study on the employment of heat treatment, electric pulse processing and friction stir processing to enhance mechanical properties of cold-spray-additive-manufactured copper"
/home/sprice/coldspray_documents/documents/outputs/Article_1819/auto/Article_1819.md,Improved microstructure and properties of cold sprayed zinc coatings in the as sprayed condition
/home/sprice/coldspray_documents/documents/outputs/Article_2560/auto/Article_2560.md,The microstructure and properties of copper coating fabricated by high velocity arc spraying
/home/sprice/coldspray_documents/documents/outputs/Article_1427/auto/Article_1427.md,Enhanced reactivity of mechanically-activated nano-scale gasless reactive materials consolidated by coldspray
/home/sprice/coldspray_documents/documents/outputs/Article_3420/auto/Article_3420.md,Effect of WCeCo content on the microstructure and properties of NiCrBSi composite coatings fabricated by supersonic plasma spraying
/home/sprice/coldspray_documents/documents/outputs/Article_599/auto/Article_599.md,Significant improvement of mechanical properties of cold-spray-additive manufactured FeCoNiCrMn high-entropy alloy via post-annealing
/home/sprice/coldspray_documents/documents/outputs/Article_1510/auto/Article_1510.md,Influence of Aging Treatment Regimes on Microstructure and Mechanical Properties of Selective Laser Melted 17-4 PH Steel
/home/sprice/coldspray_documents/documents/outputs/Article_2576/auto/Article_2576.md,Cold spray metal embedment: an innovative antifouling technology
/home/sprice/coldspray_documents/documents/outputs/Article_257/auto/Article_257.md,Tensile and Fatigue Response of Steel Parts Fabricated by the Additive FrictionStir Deposition Process
/home/sprice/coldspray_documents/documents/outputs/Article_3050/auto/Article_3050.md,Investigation on the Effect of Molding Compounds On Package Delamination
/home/sprice/coldspray_documents/documents/outputs/Article_1276/auto/Article_1276.md,High speed titanium coatings by supersonic laser deposition
/home/sprice/coldspray_documents/documents/outputs/Article_1660/auto/Article_1660.md,"Research Progress on Preparation, Microstructure, Properties, and Optimization of Ta and Its Compounds’ Coatings"
/home/sprice/coldspray_documents/documents/outputs/Article_3680/auto/Article_3680.md,Microstructure and Mechanical Properties of Low-Pressure Cold-Sprayed (LPCS) Coatings
/home/sprice/coldspray_documents/documents/outputs/Article_2710/auto/Article_2710.md,Self-heating behavior during cyclic loadings of 316L stainless steel specimens manufactured or repaired by Directed Energy Deposition
/home/sprice/coldspray_documents/documents/outputs/Article_1635/auto/Article_1635.md,A hybrid approach to determine critical and erosion velocities in the cold spray process
/home/sprice/coldspray_documents/documents/outputs/Article_1086/auto/Article_1086.md,Solid-state deposition of Mo-doped CoCrFeNi high-entropy alloy with excellent wear resistance via cold spray
/home/sprice/coldspray_documents/documents/outputs/Article_3173/auto/Article_3173.md,Plasma resistant aluminum oxide coatings for semiconductor processing apparatus by atmospheric aerosol spray method
/home/sprice/coldspray_documents/documents/outputs/Article_2772/auto/Article_2772.md,On the thermal stability of ultrafine-grained Al stabilized by in-situ amorphous ${ \sf A l } _ { 2 } { \sf O } _ { 3 }$ network
/home/sprice/coldspray_documents/documents/outputs/Article_5304/auto/Article_5304.md,Oxidation and hot corrosion resistance of HVOF/EB-PVD thermal barrier coating system
/home/sprice/coldspray_documents/documents/outputs/Article_865/auto/Article_865.md,"Effect of WC-17Co content on microstructure, mechanical properties and wear resistance of WC-17Co/Ni composites produced with cold spraying"
/home/sprice/coldspray_documents/documents/outputs/Article_5377/auto/Article_5377.md,Effects of duty cycle on properties of NiePeAl2O3 nanocomposite deposited layer prepared by pulseassisted jet electrochemical deposition
/home/sprice/coldspray_documents/documents/outputs/Article_2968/auto/Article_2968.md,Effects of shot peening on microstructure evolution and mechanical properties of surface nanocrystal layer on titanium matrix composite
/home/sprice/coldspray_documents/documents/outputs/Article_117/auto/Article_117.md,A Comparative Study on Wear Resistance of Cold-Sprayed Aluminum/Quasicrystal Composite Coatings
/home/sprice/coldspray_documents/documents/outputs/Article_5665/auto/Article_5665.md,Influence of annealing temperature on the structure and properties of the nanograined NiAl intermetallic coatings produced by using mechanical alloying
/home/sprice/coldspray_documents/documents/outputs/Article_3317/auto/Article_3317.md,Effect of heat-treatment of spray-dried powder on properties of ultrafine-structured WC–Co coating
/home/sprice/coldspray_documents/documents/outputs/Article_2049/auto/Article_2049.md,Integrating 3D printing of polymer matrix composites and metal additive layer manufacturing: surface metallization of 3D printed composite panels through cold spray deposition of aluminium particles
/home/sprice/coldspray_documents/documents/outputs/Article_3553/auto/Article_3553.md,"Improvements in bioactivity, blood compatibility, and wear resistance of thermally sprayed carbon nanotube reinforced hydroxyapatite-based orthopedic implants"
/home/sprice/coldspray_documents/documents/outputs/Article_1486/auto/Article_1486.md,Evolution of Microstructures and Mechanical Properties of Cold Sprayed Copper in Hot Rolling
/home/sprice/coldspray_documents/documents/outputs/Article_3079/auto/Article_3079.md,Microstructure and properties of AlCrFeNiMoNb high-entropy alloys coating on ZM5 magnesium alloy prepared by high-velocity air fuel (HVAF) spray
/home/sprice/coldspray_documents/documents/outputs/Article_873/auto/Article_873.md,Fatigue characterization of wire arc additive manufactured AWS ER100S-G steel: fully reversed condition
/home/sprice/coldspray_documents/documents/outputs/Article_3368/auto/Article_3368.md,MATERIALS CHARACTERIZATION OF ADVANCED COLD-SPRAY ALUMINUM ALLOYS
/home/sprice/coldspray_documents/documents/outputs/Article_2770/auto/Article_2770.md,Machine learning-driven analysis of erosion resistance in ZrSiO4/Al2O3 reinforced A356 hybrid composites: Integration of CART algorithm with Taguchi optimization
/home/sprice/coldspray_documents/documents/outputs/Article_1834/auto/Article_1834.md,Effect of Post-Deposition Thermal Treatments on Tensile Properties of Cold Sprayed Ti6Al4V
/home/sprice/coldspray_documents/documents/outputs/Article_2877/auto/Article_2877.md,Elevated temperature tribological performance of non-equiatomic $\mathrm { C o C r N i T i W _ { x } }$ high entropy alloy coatings developed by mechanical alloying and high-velocity oxy-fuel spray
/home/sprice/coldspray_documents/documents/outputs/Article_5171/auto/Article_5171.md,Thoughts on two approaches for accounting for the scatter in fatigue delamination growth curves
/home/sprice/coldspray_documents/documents/outputs/Article_1023/auto/Article_1023.md,An experimental evaluation of the thermal interface resistance between cold sprayed copper/ laser-textured alumina bi-layered composites
/home/sprice/coldspray_documents/documents/outputs/Article_2751/auto/Article_2751.md,Study of Bonding Mechanisms in Cold Spray of Metal-to-Polymer through a Numerical Approach
/home/sprice/coldspray_documents/documents/outputs/Article_805/auto/Article_805.md,Processing of high-performance materials by laser directed energy deposition with wire
/home/sprice/coldspray_documents/documents/outputs/Article_3576/auto/Article_3576.md,Developments in smart anticorrosive coatings with multifunctional characteristics
/home/sprice/coldspray_documents/documents/outputs/Article_3014/auto/Article_3014.md,Influence of laser treatment on the adhesion force of metallized carbon fiber reinforced polymer (CFRP) composite
/home/sprice/coldspray_documents/documents/outputs/Article_5009/auto/Article_5009.md,Numerical study on creep-fatigue damage of titanium alloy pressure shell considering the effect of welding residual stresses
/home/sprice/coldspray_documents/documents/outputs/Article_2903/auto/Article_2903.md,Chemical-assisted magnetorheological finishing of additively manufactured Inconel 718 alloy
/home/sprice/coldspray_documents/documents/outputs/Article_5153/auto/Article_5153.md,Recent advances in mechanical properties of sintered NdFeB magnets
/home/sprice/coldspray_documents/documents/outputs/Article_2607/auto/Article_2607.md,The influence of ceramic particles on bond strength of cold spray composite coatings on AZ91 alloy substrate
/home/sprice/coldspray_documents/documents/outputs/Article_5166/auto/Article_5166.md,Wear behavior of plasma sprayed hydroxyapatite bioceramic coating in simulated body fluid
/home/sprice/coldspray_documents/documents/outputs/Article_2508/auto/Article_2508.md,Reclamation of titanium alloy based aerospace parts using laser based metal deposition methodology
/home/sprice/coldspray_documents/documents/outputs/Article_1971/auto/Article_1971.md,Fatigue crack growth rate and tensile strength of Re modified Inconel 718 produced by means of selective laser melting
/home/sprice/coldspray_documents/documents/outputs/Article_2913/auto/Article_2913.md,Subject index of volume 530
/home/sprice/coldspray_documents/documents/outputs/Article_2381/auto/Article_2381.md,Effects of Cooling Rate and Silicon Content on Microstructure and Mechanical Properties of Laser Deposited Ti-6Al-4V Alloy
/home/sprice/coldspray_documents/documents/outputs/Article_2318/auto/Article_2318.md,Multiscale Experimental and Numerical Approach to the Powder Particle Shape Effect on Al-Al₂O₃ Coating Build-Up
/home/sprice/coldspray_documents/documents/outputs/Article_5815/auto/Article_5815.md,Investigation on solidification structure and temperature field with novel processing of synchronous powder-feeding underwater laser cladding
/home/sprice/coldspray_documents/documents/outputs/Article_5753/auto/Article_5753.md,Study of the splat formation for plasma sprayed NiCr on aluminum substrate as a function of substrate condition
/home/sprice/coldspray_documents/documents/outputs/Article_872/auto/Article_872.md,Influence of different reinforcements on properties of metal matrix composites: A review
/home/sprice/coldspray_documents/documents/outputs/Article_3124/auto/Article_3124.md,Investigation on the mechanical properties of AA5052/AZ61A by ultrasonic welded joints
/home/sprice/coldspray_documents/documents/outputs/Article_281/auto/Article_281.md,Influence of deposition technology on the morphology of chromium carbide-based powder coatings
/home/sprice/coldspray_documents/documents/outputs/Article_5434/auto/Article_5434.md,"Morphological characterization, statistical modeling and wear behavior of AA7075-Titanium Carbide-Graphite surface composites via Friction stir processing"
/home/sprice/coldspray_documents/documents/outputs/Article_2308/auto/Article_2308.md,Effect of Parameters to the Coating Formation during Cold Spray Process
/home/sprice/coldspray_documents/documents/outputs/Article_11/auto/Article_11.md,Small Fatigue Crack Growth Mechanisms and Interfacial Stability in Cold-Spray 6061 Aluminum Alloys and Coatings
/home/sprice/coldspray_documents/documents/outputs/Article_2450/auto/Article_2450.md,"Improving performance of additive manufactured (3D printed) concrete: A review on material mix design, processing, interlayer bonding, and reinforcing methods"
/home/sprice/coldspray_documents/documents/outputs/Article_3248/auto/Article_3248.md,Microstructure and thermal conductivity of Cu-Cu2AlNiZnAg/diamond coatings on pure copper substrate via high-energy mechanical alloying method
/home/sprice/coldspray_documents/documents/outputs/Article_2095/auto/Article_2095.md,Tuning the Microstructure and Mechanical Properties of Cold Sprayed Equiatomic CoCrFeMnNi High-Entropy Alloy Coating Layer
/home/sprice/coldspray_documents/documents/outputs/Article_5415/auto/Article_5415.md,Sliding wear behaviors of the AlNiTi amorphous coatings: effect of temperatures
/home/sprice/coldspray_documents/documents/outputs/Article_6117/auto/Article_6117.md,Size matters: Impact energy absorption across five decades of length scale
/home/sprice/coldspray_documents/documents/outputs/Article_276/auto/Article_276.md,Improving inter-particle deformation and bonding by preserving transient in-situ deposition temperatures during cold spray
/home/sprice/coldspray_documents/documents/outputs/Article_5479/auto/Article_5479.md,Nanocomposite powder with three-dimensional network structure for preparing alumina–titania nanocomposite coating with advanced performance
/home/sprice/coldspray_documents/documents/outputs/Article_3015/auto/Article_3015.md,Splat deposition stress formation mechanism of droplets impacting onto texture
/home/sprice/coldspray_documents/documents/outputs/Article_1862/auto/Article_1862.md,Effect of heat treatment on the gas-atomized nickel-aluminum bronze feedstock powders for cold spray
/home/sprice/coldspray_documents/documents/outputs/Article_2402/auto/Article_2402.md,Effect of carbonaceous nanomaterials’ reinforcement on mechanical properties of aluminium metal-based nanocomposite: A review
/home/sprice/coldspray_documents/documents/outputs/Article_3275/auto/Article_3275.md,Corrosion behavior of Cr coating on ferritic/martensitic steels in liquid lead-bismuth eutectic at 600 °C and 700 °C
/home/sprice/coldspray_documents/documents/outputs/Article_2773/auto/Article_2773.md,"Additive manufacturing of bulk metallic glasses: Fundamental principle, current/future developments and applications"
/home/sprice/coldspray_documents/documents/outputs/Article_840/auto/Article_840.md,"Bioinspired composite structures: A comprehensive review of natural materials, fabrication methods, and engineering applications"
/home/sprice/coldspray_documents/documents/outputs/Article_1447/auto/Article_1447.md,Enhanced tensile properties of Al matrix composites reinforced with β·Si₃N₄ whiskers
/home/sprice/coldspray_documents/documents/outputs/Article_5072/auto/Article_5072.md,Corrosion resistant nickel coating with strong adhesion on AZ31B magnesium alloy prepared by an in-situ shot-peening-assisted cold spray
/home/sprice/coldspray_documents/documents/outputs/Article_1607/auto/Article_1607.md,Calibration of the Critical Velocity Description in Cold Spray
/home/sprice/coldspray_documents/documents/outputs/Article_5386/auto/Article_5386.md,Laser sintering of electrophoretically deposited (EPD) Ti₃SiC₂ MAX phase coatings on titanium
/home/sprice/coldspray_documents/documents/outputs/Article_1577/auto/Article_1577.md,Development of cold spray process for oxidation-resistant FeCrAl and Mo diffusion barrier coatings on optimized ZIRLO™
/home/sprice/coldspray_documents/documents/outputs/Article_1065/auto/Article_1065.md,Effect of $\mathbf { A l } _ { 2 } \mathbf { O } _ { 3 }$ particle content on microstructure and mechanical properties of 1060Al/AleAl2O3 composites fabricated by cold spraying and accumulative roll bonding
/home/sprice/coldspray_documents/documents/outputs/Article_6012/auto/Article_6012.md,Mechanical anisotropy and deposition mechanism of AA2024 prepared via cold spraying with different trajectories
/home/sprice/coldspray_documents/documents/outputs/Article_145/auto/Article_145.md,An Experimental and Finite Element Study of Cold Spray Copper Impact onto Two Aluminum Substrates
/home/sprice/coldspray_documents/documents/outputs/Article_5015/auto/Article_5015.md,A numerical study of pore formation mechanisms in aluminium cold spray coatings
/home/sprice/coldspray_documents/documents/outputs/Article_2856/auto/Article_2856.md,Surface microstructure of an IN718 3D coating manufactured by Laser Metal Deposition
/home/sprice/coldspray_documents/documents/outputs/Article_161/auto/Article_161.md,A hybrid approach to improve microstructure and mechanical properties of cold spray additively manufactured A380 aluminum composites
/home/sprice/coldspray_documents/documents/outputs/Article_3000/auto/Article_3000.md,Fabrication and tribo-mechanical performance of $\mathsf{Cu@Al_{2}O_{3}}$ composite
/home/sprice/coldspray_documents/documents/outputs/Article_1298/auto/Article_1298.md,Multi-scale tribological and nanomechanical behavior of cold sprayed Ti2AlC MAX phase coating
/home/sprice/coldspray_documents/documents/outputs/Article_1180/auto/Article_1180.md,Metallization of Fiber Reinforced Composite by Surface Functionalization and Cold Spray Deposition
/home/sprice/coldspray_documents/documents/outputs/Article_6096/auto/Article_6096.md,In-situ preparation of plasma electrolytic oxidation coating on copper alloy via laser-induced oxidation
/home/sprice/coldspray_documents/documents/outputs/Article_6077/auto/Article_6077.md,The response of accident tolerant fuel cladding to LOCA burst testing: A comparative study of leading concepts
/home/sprice/coldspray_documents/documents/outputs/Article_816/auto/Article_816.md,Recent progress in the development and properties of novel metal matrix nanocomposites reinforced with carbon nanotubes and graphene nanosheets
/home/sprice/coldspray_documents/documents/outputs/Article_5737/auto/Article_5737.md,Efficacy of different calcium silicate materials as pulp-capping agents: Randomized clinical trial
/home/sprice/coldspray_documents/documents/outputs/Article_2523/auto/Article_2523.md,Assessment of mechanical properties of SPS-produced tungsten including effect of neutron irradiation
/home/sprice/coldspray_documents/documents/outputs/Article_506/auto/Article_506.md,"Evolution, limitations, advantages, and future challenges of magnesium alloys as materials for aerospace applications"
/home/sprice/coldspray_documents/documents/outputs/Article_836/auto/Article_836.md,Laser-based additive manufacturing of refractory metals and their alloys: A review
/home/sprice/coldspray_documents/documents/outputs/Article_1611/auto/Article_1611.md,Neutron Diffraction Study of Macrostress and Microstress in Al₂O₃-Based Corrosion Protection Coating Obtained by Cold Spray (Dynamic Metallization)
/home/sprice/coldspray_documents/documents/outputs/Article_1945/auto/Article_1945.md,A state-of-the-art review on recent advances in the fabrication and characteristics of magnesium-based alloys in biomedical applications
/home/sprice/coldspray_documents/documents/outputs/Article_3046/auto/Article_3046.md,In-flight particle velocity measurements with DPV-2000 in cold spray
/home/sprice/coldspray_documents/documents/outputs/Article_5094/auto/Article_5094.md,Influence of substrate materials on deposition behaviour of cold spray emulated pure single Al particle
/home/sprice/coldspray_documents/documents/outputs/Article_551/auto/Article_551.md,Role Of Fabrication Route On The Mechanical And Tribological Behavior Of Aluminum Metal Matrix Composites – A Review
/home/sprice/coldspray_documents/documents/outputs/Article_2462/auto/Article_2462.md,Cold spray deposition of 316L stainless steel coatings on aluminium surface with following laser post-treatment
/home/sprice/coldspray_documents/documents/outputs/Article_804/auto/Article_804.md,Intrinsic challenges and strategic approaches for enhancing the potential of natural rubber and its derivatives: A review
/home/sprice/coldspray_documents/documents/outputs/Article_3120/auto/Article_3120.md,Microstructural analysis of in-situ reacted Ti2AlC MAX phase composite coating by laser cladding
/home/sprice/coldspray_documents/documents/outputs/Article_5276/auto/Article_5276.md,ACTA MATERIALIA CONTENTS OF VOLUME 54
/home/sprice/coldspray_documents/documents/outputs/Article_1261/auto/Article_1261.md,Current status and future prospects of warm spray technology
/home/sprice/coldspray_documents/documents/outputs/Article_2382/auto/Article_2382.md,HEAT TREATMENT OF HYPO-EUTECTOID NITI ALLOY MANUFACTURED BY CGDS POWDER MIX DEPOSITION
/home/sprice/coldspray_documents/documents/outputs/Article_2568/auto/Article_2568.md,Tribological behaviour of HVOF sprayed diamond reinforced bronze coatings
/home/sprice/coldspray_documents/documents/outputs/Article_2460/auto/Article_2460.md,Microstructural analysis of Ti–6Al–4V powder for cold gas dynamic spray applications
/home/sprice/coldspray_documents/documents/outputs/Article_2119/auto/Article_2119.md,Enhanced Corrosion Resistance of a Double Ceramic Composite Coating Deposited by a Novel Method on Magnesium-Lithium Alloy (LA43M) Substrates
/home/sprice/coldspray_documents/documents/outputs/Article_2279/auto/Article_2279.md,Influence of feedstock powder on microstructure and mechanical properties of Ta cold spray depositions
/home/sprice/coldspray_documents/documents/outputs/Article_1253/auto/Article_1253.md,A novel $\mathrm { T i A l _ { 3 } / A l _ { 2 } O _ { 3 } }$ composite coating on $\gamma$ -TiAl alloy and evaluating the oxidation performance
/home/sprice/coldspray_documents/documents/outputs/Article_56/auto/Article_56.md,Cold-Spray Coatings Recent Trends and Future Perspectives
/home/sprice/coldspray_documents/documents/outputs/Article_2477/auto/Article_2477.md,Single Impact Bonding of Cold Sprayed Ti-6Al-4V Powders on Different Substrates
/home/sprice/coldspray_documents/documents/outputs/Article_64/auto/Article_64.md,Residual stress induced by cold spray coating of magnesium AZ31B extrusion
/home/sprice/coldspray_documents/documents/outputs/Article_1891/auto/Article_1891.md,Effect of annealing temperature on interfacial microstructure and tensile fracture behavior of titanium-steel clad plate
/home/sprice/coldspray_documents/documents/outputs/Article_3278/auto/Article_3278.md,Novel Al-based metallic glass coatings by Cold Gas Spray
/home/sprice/coldspray_documents/documents/outputs/Article_2615/auto/Article_2615.md,"The influence of heat treatment on the microstructural, mechanical and corrosion behaviour of cold sprayed SS 316L coatings"
/home/sprice/coldspray_documents/documents/outputs/Article_2023/auto/Article_2023.md,"Corrosion Resistance, Mechanical and Magnetic Properties of Cold-Sprayed Al Coating on Sintered NdFeB Magnet"
/home/sprice/coldspray_documents/documents/outputs/Article_1552/auto/Article_1552.md,Microstructure and application of alumina-supported Cu-based coating prepared by cold spray
/home/sprice/coldspray_documents/documents/outputs/Article_39/auto/Article_39.md,Sintering of Cold Spray Additively Manufactured Aluminum 6061
/home/sprice/coldspray_documents/documents/outputs/Article_559/auto/Article_559.md,Cold spray deposition of an icosahedral-phase-strengthened aluminum alloy coating
/home/sprice/coldspray_documents/documents/outputs/Article_1581/auto/Article_1581.md,Deposition of fully dense Al-based coatings via in-situ micro-forging assisted cold spray for excellent corrosion protection of AZ31B magnesium alloy
/home/sprice/coldspray_documents/documents/outputs/Article_1150/auto/Article_1150.md,By invitation only: overview article Cold spraying e A materials perspective
/home/sprice/coldspray_documents/documents/outputs/Article_6042/auto/Article_6042.md,On the role of the interface on the damage tolerance and durability of cold spray repairs to AA7075-T7351 aluminium alloy wing skins
/home/sprice/coldspray_documents/documents/outputs/Article_2987/auto/Article_2987.md,A
/home/sprice/coldspray_documents/documents/outputs/Article_96/auto/Article_96.md,Application of High-Pressure Cold Spray for an Internal Bore Repair of a Navy Valve Actuator
/home/sprice/coldspray_documents/documents/outputs/Article_669/auto/Article_669.md,Recent advances in magnesium alloys for biomedical applications: A review
/home/sprice/coldspray_documents/documents/outputs/Article_1009/auto/Article_1009.md,Formation of refined grains below $1 0 \mathrm { n m }$ in size and nanoscale interlocking in the particle–particle interfacial regions of cold sprayed pure aluminum
/home/sprice/coldspray_documents/documents/outputs/Article_1115/auto/Article_1115.md,Experimental study on aluminium bronze coatings fabricated by low pressure cold spraying and subsequent heat treatment
/home/sprice/coldspray_documents/documents/outputs/Article_126/auto/Article_126.md,Mechanical characterization of low-pressure cold-sprayed metal coatings on aluminium
/home/sprice/coldspray_documents/documents/outputs/Article_3294/auto/Article_3294.md,Porous titanium-hydroxyapatite composite coating obtained on titanium by cold gas spray with high bond strength for biomedical applications
/home/sprice/coldspray_documents/documents/outputs/Article_5300/auto/Article_5300.md,Effect of low-dose ${ \mathrm { X e } } ^ { 2 0 + }$ ion irradiation on the deformation behavior of the magnetron sputtered Cr coatings under nanoindentation
/home/sprice/coldspray_documents/documents/outputs/Article_883/auto/Article_883.md,Tribological properties of cold-sprayed 7075Al coatings reinforced with hybrid nano-TiB₂/micro-SiC particles
/home/sprice/coldspray_documents/documents/outputs/Article_1362/auto/Article_1362.md,Numerical modeling of fracture in ceramic micro-particles and insights on ceramic retention during composite cold spray process
/home/sprice/coldspray_documents/documents/outputs/Article_795/auto/Article_795.md,Evaluating fracture toughness of cold sprayed IN625 coatings: Micro-scratching method
/home/sprice/coldspray_documents/documents/outputs/Article_5647/auto/Article_5647.md,Microwave processing of calcium phosphate and magnesium phosphate based orthopedic bioceramics: A state-of-the-art review
/home/sprice/coldspray_documents/documents/outputs/Article_3/auto/Article_3.md,Tailoring powder strengths for enhanced quality of cold sprayed Al6061 deposits
/home/sprice/coldspray_documents/documents/outputs/Article_835/auto/Article_835.md,"A critical review of the refractory high-entropy materials: RHEA alloys, composites, ceramics, additively manufactured RHEA alloys"
/home/sprice/coldspray_documents/documents/outputs/Article_1437/auto/Article_1437.md,A Method for Mechanical Characterization of Cold Spray Sputter Targets in PV Manufacturing
/home/sprice/coldspray_documents/documents/outputs/Article_2934/auto/Article_2934.md,Systematic theoretical research towards industrial application of high-speed microparticle impact resulting material modifications
/home/sprice/coldspray_documents/documents/outputs/Article_2026/auto/Article_2026.md,Properties of Al₂O₃ particle reinforced composites coating on IF steel
/home/sprice/coldspray_documents/documents/outputs/Article_5629/auto/Article_5629.md,Assessment of minimum allowable thickness of advanced steel (FeCrAl) cladding for accident tolerant fuel
/home/sprice/coldspray_documents/documents/outputs/Article_2103/auto/Article_2103.md,Fabrication and characterization of Al–Zn–Cu composite coatings with different Cu contents by cold spraying
/home/sprice/coldspray_documents/documents/outputs/Article_2664/auto/Article_2664.md,Self-lubricating composite coatings: A review of deposition techniques and material advancement
/home/sprice/coldspray_documents/documents/outputs/Article_1305/auto/Article_1305.md,"Effect of heat treatment on microstructure, mechanical properties and corrosion behavior of LACSed 7075 deposits"
/home/sprice/coldspray_documents/documents/outputs/Article_44/auto/Article_44.md,Microstructure and Mechanical Property Evaluation of Aluminum F357 Powder for Cold Spray Applications
/home/sprice/coldspray_documents/documents/outputs/Article_3243/auto/Article_3243.md,Generation of positively charged nanoparticles by fracto-emission and their deposition into films during aerosol deposition
/home/sprice/coldspray_documents/documents/outputs/Article_5379/auto/Article_5379.md,Cryotherapy and thermotherapy in the management of osteoarthritis and rheumatoid arthritis: A comprehensive review
/home/sprice/coldspray_documents/documents/outputs/Article_1461/auto/Article_1461.md,Effects of Spray Parameters and Post-spray Heat Treatment on Microstructure and Mechanical Properties of Warm-Sprayed Ti-6Al-4V Coatings
/home/sprice/coldspray_documents/documents/outputs/Article_1107/auto/Article_1107.md,Development of an epoxy-metallic powder sublayer for the cold spray metallization of carbon-fiber reinforced thermoset composites
/home/sprice/coldspray_documents/documents/outputs/Article_5599/auto/Article_5599.md,Thermal spray deposition of aluminum and zinc coatings on thermoplastics
/home/sprice/coldspray_documents/documents/outputs/Article_1998/auto/Article_1998.md,Microstructure and mechanical properties of SiC reinforced AlSi10Mg composites fabricated by laser metal deposition
/home/sprice/coldspray_documents/documents/outputs/Article_5130/auto/Article_5130.md,"Site-specific study of jetting, bonding, and local deformation during high-velocity metallic microparticle impact"
/home/sprice/coldspray_documents/documents/outputs/Article_3217/auto/Article_3217.md,Evaluation of residual stress in thick metallic coatings using the combination of hole drilling and micro-indentation methods
/home/sprice/coldspray_documents/documents/outputs/Article_2008/auto/Article_2008.md,Multi-scale elastic behavior of cold sprayed refractory metal from splat to bulk deposit by integrated experimental and modeling approach
/home/sprice/coldspray_documents/documents/outputs/Article_2129/auto/Article_2129.md,Overview of cold spray coatings applications and comparisons: a critical review
/home/sprice/coldspray_documents/documents/outputs/Article_671/auto/Article_671.md,Numerical simulation and high cycle fatigue behaviour study on shot peening of MAR-M247 nickel-based alloy
/home/sprice/coldspray_documents/documents/outputs/Article_2609/auto/Article_2609.md,On the characterization of bulk copper produced by cold gas dynamic spray processing in as fabricated and annealed conditions
/home/sprice/coldspray_documents/documents/outputs/Article_3314/auto/Article_3314.md,Cr-coated Zr-4 alloy prepared by electroplating and its in situ Heþ irradiation behavior
/home/sprice/coldspray_documents/documents/outputs/Article_2173/auto/Article_2173.md,Characterization of Nanolayer Intermetallics Formed in Cold Sprayed Al Powder on Mg Substrate
/home/sprice/coldspray_documents/documents/outputs/Article_5036/auto/Article_5036.md,Evaluation of the interfacial bonding between particles and substrate in angular cold spray
/home/sprice/coldspray_documents/documents/outputs/Article_2262/auto/Article_2262.md,Microstructure and mechanical behavior of Zr substrates coated with FeCrAl and Mo by cold-spraying
/home/sprice/coldspray_documents/documents/outputs/Article_5088/auto/Article_5088.md,Study of oxidation behavior of nanostructured NiCrAlY bond coatings deposited by cold spraying
/home/sprice/coldspray_documents/documents/outputs/Article_5439/auto/Article_5439.md,Application of SPD to Enhance the Structural Integrity of Fuseage Skins and Centre Barells
/home/sprice/coldspray_documents/documents/outputs/Article_1939/auto/Article_1939.md,Homogenization of local microstructure and mechanical properties in friction stir welded Al-Cu alloy joint achieved through laser shock peening
/home/sprice/coldspray_documents/documents/outputs/Article_5123/auto/Article_5123.md,Navigating COVID-19: Advancements in therapeutics and viral filtration technologies for Today’s challenges and tomorrow’s solutions
/home/sprice/coldspray_documents/documents/outputs/Article_526/auto/Article_526.md,A comparative study on corrosion and mechanical properties of laser-cladded X2CrNiMoN22-5-3 duplex stainless steel on 42CrMo4 steel substrate
/home/sprice/coldspray_documents/documents/outputs/Article_1947/auto/Article_1947.md,Effect of Zn and Ti transition foil on the microstructure and mechanical properties of hot rolling bonded Al/Mg composite plates
/home/sprice/coldspray_documents/documents/outputs/Article_1512/auto/Article_1512.md,Effects of nanoprecipitates on mechanical properties in an ultra-high strength maraging stainless steel
/home/sprice/coldspray_documents/documents/outputs/Article_1454/auto/Article_1454.md,Effects of Spark-Plasma Sintering Treatment on Cold-Sprayed Copper Coatings
/home/sprice/coldspray_documents/documents/outputs/Article_5727/auto/Article_5727.md,Cryotherapy: physiology and new approaches
/home/sprice/coldspray_documents/documents/outputs/Article_1265/auto/Article_1265.md,Study on impact fusion at particle interfaces and its effect on coating microstructure in cold spraying
/home/sprice/coldspray_documents/documents/outputs/Article_3445/auto/Article_3445.md,Comparison of dry and lubricated wear behaviour of 22MnB5 uncoated ultra high strength steel
/home/sprice/coldspray_documents/documents/outputs/Article_2534/auto/Article_2534.md,An evaluation of corrosion processes affecting copper-coated nuclear waste containers in a deep geological repository
/home/sprice/coldspray_documents/documents/outputs/Article_1771/auto/Article_1771.md,Investigation on fusion of Boron Nitride reinforced aluminium composite by cryogenic milling
/home/sprice/coldspray_documents/documents/outputs/Article_2010/auto/Article_2010.md,Effect of He and N₂ gas on the mechanical and tribological assessment of SS316L coating deposited by cold spraying process
/home/sprice/coldspray_documents/documents/outputs/Article_1201/auto/Article_1201.md,Investigation and characterization of Stellite-based wear-resistant coatings applied to steel moulds by cold-spray
/home/sprice/coldspray_documents/documents/outputs/Article_5010/auto/Article_5010.md,Numerical modelling of particle impact and residual stresses in cold sprayed coatings: A review
/home/sprice/coldspray_documents/documents/outputs/Article_700/auto/Article_700.md,In-situ EBSD investigation of excellent strength-ductility synergy mechanism achieved by thermal-mechanical processing of Al0⋅25FeCoNiV high-entropy alloy
/home/sprice/coldspray_documents/documents/outputs/Article_3414/auto/Article_3414.md,A novel TiAl3/Al2O3 composite coating on γ-TiAl alloy and evaluating the oxidation performance
/home/sprice/coldspray_documents/documents/outputs/Article_726/auto/Article_726.md,Improving deposition efficiency and inter-particle bonding of cold sprayed Cu through removing the surficial oxide scale of the feedstock powder
/home/sprice/coldspray_documents/documents/outputs/Article_5244/auto/Article_5244.md,Endurance limit prediction for sulphur-alloyed spray-formed steels
/home/sprice/coldspray_documents/documents/outputs/Article_5553/auto/Article_5553.md,Air-isolated stir casting of homogeneous Al-SiC composite with no air entrapment and $\mathrm{Al}_{4}\mathrm{C}_{3}$
/home/sprice/coldspray_documents/documents/outputs/Article_1393/auto/Article_1393.md,SS316/CCA laminated metal composite fabricated by additive friction stir deposition: Microstructure and mechanical properties
/home/sprice/coldspray_documents/documents/outputs/Article_5252/auto/Article_5252.md,Thermoelastic monitoring of fatigue degradation in aluminium alloy supersonic particle deposition coatings
/home/sprice/coldspray_documents/documents/outputs/Article_2558/auto/Article_2558.md,Study on the structure and thermal properties of graphite/copper laminated composites assembled by Ti-containing active filler metals
/home/sprice/coldspray_documents/documents/outputs/Article_2149/auto/Article_2149.md,"Mechanically induced grain refinement, recovery and recrystallization of cold-sprayed iron aluminide coatings"
/home/sprice/coldspray_documents/documents/outputs/Article_5284/auto/Article_5284.md,Tribological properties of laser-cladded Fe-based amorphous composite coatings under dry and lubricated sliding
/home/sprice/coldspray_documents/documents/outputs/Article_1167/auto/Article_1167.md,Development of ultra-strong adhesive strength coatings using cold spray
/home/sprice/coldspray_documents/documents/outputs/Article_6070/auto/Article_6070.md,Nanocrystalline ${ \sf A l } _ { 2 } 0 _ { 3 } – { \sf N i } ( { \sf C r } )$ particle synthesis by high-energy mechanical alloying method
/home/sprice/coldspray_documents/documents/outputs/Article_3069/auto/Article_3069.md,"Role of thermal spray processing method on the microstructure, residual stress and properties of coatings: an integrated study for Ni–5 wt. % Al bond coats"
/home/sprice/coldspray_documents/documents/outputs/Article_5576/auto/Article_5576.md,Characterization of Ta-Ni-Al energetic structural material fabricated by explosive consolidation
/home/sprice/coldspray_documents/documents/outputs/Article_5542/auto/Article_5542.md,Metal multi-material additive manufacturing: Overcoming barriers to implementation
/home/sprice/coldspray_documents/documents/outputs/Article_5436/auto/Article_5436.md,"International Conference on Manufacturing, Industrial and Stochastic Engineering 2017"
/home/sprice/coldspray_documents/documents/outputs/Article_2716/auto/Article_2716.md,Investigation of Collision Surfaces and Weld Interface in Magnetic Pulse Welding of Dissimilar Al/Cu Sheets
/home/sprice/coldspray_documents/documents/outputs/Article_5311/auto/Article_5311.md,Effect of microstructure on abrasive wear behavior of thermally sprayed WC–10Co–4Cr coatings
/home/sprice/coldspray_documents/documents/outputs/Article_5025/auto/Article_5025.md,Effect of Velocity and Impact Angle on Residual Stress Generation in Cold Spray Process – A Molecular Dynamics Simulation Study
/home/sprice/coldspray_documents/documents/outputs/Article_534/auto/Article_534.md,"High specific strength MWCNTs/Mg−14Li−1Al composite prepared by electrophoretic deposition, friction stir processing and cold rolling"
/home/sprice/coldspray_documents/documents/outputs/Article_1946/auto/Article_1946.md,"Recent progress on plastic forming of laminated metal composites: Processes, heterogeneous deformation, and interfacial regulation"
/home/sprice/coldspray_documents/documents/outputs/Article_2544/auto/Article_2544.md,Molecular dynamics simulation of microstructural evolution and mechanical behavior of titanium alloy subjected to laser shock peening
/home/sprice/coldspray_documents/documents/outputs/Article_1237/auto/Article_1237.md,Effect of temperature on microstructure and mechanical properties of Ti/ steel bimetallic composite component fabricated by hot compression bonding
/home/sprice/coldspray_documents/documents/outputs/Article_2171/auto/Article_2171.md,Friction stir welding of dissimilar aluminum and copper alloys: A review of strategies for enhancing joint quality
/home/sprice/coldspray_documents/documents/outputs/Article_3002/auto/Article_3002.md,SPRAY FORMING
/home/sprice/coldspray_documents/documents/outputs/Article_3459/auto/Article_3459.md,"Microstructure, phase constitution and mechanical properties of WC- $\mathrm{Cr}_3\mathrm{C}_2$-CoNiLa coatings fabricated by using HVOF spraying core-shell powder"
/home/sprice/coldspray_documents/documents/outputs/Article_3383/auto/Article_3383.md,Thermal sprayed WC-Co coatings for tribological application
/home/sprice/coldspray_documents/documents/outputs/Article_1189/auto/Article_1189.md,Hydroxyapatite/graphene-nanosheet composite coatings deposited by vacuum cold spraying for biomedical applications: Inherited nanostructures and enhanced properties
/home/sprice/coldspray_documents/documents/outputs/Article_1902/auto/Article_1902.md,Mechanical properties of pulsed electric current sintered CrFeNiMn equiatomic alloy
/home/sprice/coldspray_documents/documents/outputs/Article_5764/auto/Article_5764.md,Bfianlilsishteics faonrdtiemxtpilaecst protection 19
/home/sprice/coldspray_documents/documents/outputs/Article_3654/auto/Article_3654.md,Properties of cold sprayed composite metal + B4C coatings
/home/sprice/coldspray_documents/documents/outputs/Article_2757/auto/Article_2757.md,Parametric analysis to explore the viability of cold spray additive manufacturing to print SS316L parts for biomedical application
/home/sprice/coldspray_documents/documents/outputs/Article_829/auto/Article_829.md,Spray Deposition of Metals: A Review
/home/sprice/coldspray_documents/documents/outputs/Article_908/auto/Article_908.md,Research progress of the metal powder reuse for powder bed fusion additive manufacturing technology
/home/sprice/coldspray_documents/documents/outputs/Article_626/auto/Article_626.md,"A review on processing, mechanical and wear properties of Al matrix composites reinforced with $\mathrm { \sf A l _ { 2 } O _ { 3 } }$, SiC, $\mathtt { B 4 C }$ and MgO by powder metallurgy method"
/home/sprice/coldspray_documents/documents/outputs/Article_15/auto/Article_15.md,Microstructure and mechanical properties of cold sprayed 6061 Al in As-sprayed and heat treated condition
/home/sprice/coldspray_documents/documents/outputs/Article_2965/auto/Article_2965.md,Metrological relations between the spray atomization parameters of a cutting fluid and formation of a surface topography and cutting force
/home/sprice/coldspray_documents/documents/outputs/Article_3053/auto/Article_3053.md,Correlation between nanoindentation and nanoscratch properties of carbon nanotube reinforced aluminum composite coatings
/home/sprice/coldspray_documents/documents/outputs/Article_3646/auto/Article_3646.md,WC/Ni bronze composite material formation by combined methods of laser cladding and cold spraying Ⓧ
/home/sprice/coldspray_documents/documents/outputs/Article_3636/auto/Article_3636.md,Cold spraying of Al-aerospace alloys: Ease of coating deposition at high stagnation temperatures
/home/sprice/coldspray_documents/documents/outputs/Article_752/auto/Article_752.md,A review on advances of high-throughput experimental technology for titanium alloys
/home/sprice/coldspray_documents/documents/outputs/Article_1724/auto/Article_1724.md,Dynamic formation of gradient structure by microparticle impact — A crystal plasticity material point method study
/home/sprice/coldspray_documents/documents/outputs/Article_5582/auto/Article_5582.md,Laser Melting Effects on Microstructure and Corrosion Behavior of Plasma Electrolytic Oxidation Nanocomposite Coatings on Pure Titanium
/home/sprice/coldspray_documents/documents/outputs/Article_5784/auto/Article_5784.md,Contents
/home/sprice/coldspray_documents/documents/outputs/Article_5704/auto/Article_5704.md,Selective laser melting of boron carbide particles coated by a cobalt-based metal layer
/home/sprice/coldspray_documents/documents/outputs/Article_5381/auto/Article_5381.md,Effect of Sm2O3 particles on microstructure and properties of FeCoNiCrMn composite coating by laser cladding
/home/sprice/coldspray_documents/documents/outputs/Article_1738/auto/Article_1738.md,Microstructural Study of Cold-Sprayed CoCrFeNiMn High Entropy Alloy
/home/sprice/coldspray_documents/documents/outputs/Article_5014/auto/Article_5014.md,Experimental and numerical study of deposition mechanisms for cold spray additive manufacturing process
/home/sprice/coldspray_documents/documents/outputs/Article_1812/auto/Article_1812.md,Deposition Behavior and Microstructure of Cold-Sprayed Ni-Coated Al Particles
/home/sprice/coldspray_documents/documents/outputs/Article_5180/auto/Article_5180.md,Material point method simulation approach to hydraulic fracturing in porous medium
/home/sprice/coldspray_documents/documents/outputs/Article_1058/auto/Article_1058.md,Multifunctional cold spray coatings for biological and biomedical applications: A review
/home/sprice/coldspray_documents/documents/outputs/Article_1803/auto/Article_1803.md,Molecular dynamics study on mechanical properties and plastic deformation mechanism of GNPs/Mg composites
/home/sprice/coldspray_documents/documents/outputs/Article_2943/auto/Article_2943.md,Carbon nanotube reinforced hydroxyapatite composite for orthopedic application: A review
/home/sprice/coldspray_documents/documents/outputs/Article_1493/auto/Article_1493.md,Simultaneous densification and improvement of cold spray additively manufactured Ti-6Al-4 V properties via electro-plastic treatment
/home/sprice/coldspray_documents/documents/outputs/Article_5022/auto/Article_5022.md,On the heat-treatment induced evolution of residual stress and remarkable enhancement of adhesion strength of cold sprayed Ti 6Al 4V coatings
/home/sprice/coldspray_documents/documents/outputs/Article_5515/auto/Article_5515.md,Formation of intragranular nanocavities in the $\mathrm{Cr}_{2}\mathrm{O}_{3}$ layer during the corrosion of $\mathrm{Cr}_{3}\mathrm{C}_{2} + \mathrm{Cr}$ coated Zirlo™
/home/sprice/coldspray_documents/documents/outputs/Article_1125/auto/Article_1125.md,Simulation and experimental study on cold sprayed W–Cu composite with high retainability of W using core-shell powder
/home/sprice/coldspray_documents/documents/outputs/Article_5000/auto/Article_5000.md,Mechanical alloying of cold-sprayed Ni-Nb-Si composite coating by friction stir processing: Improvement in microstructure and resistance against molten silicates corrosion
/home/sprice/coldspray_documents/documents/outputs/Article_1697/auto/Article_1697.md,Devitrification-Induced Tailoring of Microstructure and Strength in Aluminum High-Entropy Alloy Powder for Cold Spray Deposition
/home/sprice/coldspray_documents/documents/outputs/Article_6084/auto/Article_6084.md,Evaluation of high temperature oxidation resistance of AlCoCrFeNiZr high-entropy alloy (HEA) coating system at $1 0 0 0 ^{\circ}\mathrm{C}$ and $1 1 0 0 ^{\circ}\mathbf{C}$
/home/sprice/coldspray_documents/documents/outputs/Article_824/auto/Article_824.md,Carbon fibre composites in marine applications
/home/sprice/coldspray_documents/documents/outputs/Article_1858/auto/Article_1858.md,Cold-Sprayed Multilayer Thermal Barrier–Catalytic Coatings for Engine Pistons: Coatings Design and Properties
/home/sprice/coldspray_documents/documents/outputs/Article_2999/auto/Article_2999.md,Post-Processing of HVOF Sprayed WC-Co Coating to Enhance its Performance
/home/sprice/coldspray_documents/documents/outputs/Article_3595/auto/Article_3595.md,"Calcium orthophosphate deposits: Preparation, properties and biomedical applications"
/home/sprice/coldspray_documents/documents/outputs/Article_283/auto/Article_283.md,Processing nanostructured metal and metal-matrix coatings by thermal and cold spraying
/home/sprice/coldspray_documents/documents/outputs/Article_2156/auto/Article_2156.md,Metallization of polyether ether ketone (PEEK) by copper coating via cold spray
/home/sprice/coldspray_documents/documents/outputs/Article_1342/auto/Article_1342.md,Thermal stability and mechanical properties of cold-sprayed Nickel-Yttria coating
/home/sprice/coldspray_documents/documents/outputs/Article_3315/auto/Article_3315.md,Bioceramic coatings on metallic implants: An overview
/home/sprice/coldspray_documents/documents/outputs/Article_5699/auto/Article_5699.md,Spray nozzle function control using acoustics for agricultural applications
/home/sprice/coldspray_documents/documents/outputs/Article_2243/auto/Article_2243.md,Microstructural and Tribological Characteristics of Sn-Sb-CuBased Composite Coatings Deposited by Cold Spraying
/home/sprice/coldspray_documents/documents/outputs/Article_1696/auto/Article_1696.md,Achievement of comprehensive wear and thermal property of cold spayed CuCrZr coating via gradient structure design
/home/sprice/coldspray_documents/documents/outputs/Article_5101/auto/Article_5101.md,Structure and cavitation erosion behavior of HVOF sprayed multi-dimensional WC−10Co4Cr coating
/home/sprice/coldspray_documents/documents/outputs/Article_937/auto/Article_937.md,Corrosion-resistant metallic coatings for aluminum alloys by cold spray
/home/sprice/coldspray_documents/documents/outputs/Article_2464/auto/Article_2464.md,"Microstructure, Mechanical Properties, and Two-Body Abrasive Wear Behavior of Cold-Sprayed 20 vol.% Cubic BN-NiCrAl Nanocomposite Coating"
/home/sprice/coldspray_documents/documents/outputs/Article_2500/auto/Article_2500.md,"Post-Annealing effect on Microstructure, Crystallinity and Scratch Resistance of Baghdadite Coatings with CNT Inclusions by Plasma Spraying"
/home/sprice/coldspray_documents/documents/outputs/Article_2447/auto/Article_2447.md,Positive or negative role of preoxidation in the crack arresting of Cr coating for accident tolerant fuel cladding
/home/sprice/coldspray_documents/documents/outputs/Article_3216/auto/Article_3216.md,Microstructure and wear properties of atmospheric plasma-sprayed $\mathrm{Cr}_3\mathrm{C}_2$–NiCr composite coatings
/home/sprice/coldspray_documents/documents/outputs/Article_2910/auto/Article_2910.md,A
/home/sprice/coldspray_documents/documents/outputs/Article_689/auto/Article_689.md,"Paradigm of state-of-the-art CNT reinforced copper metal matrix composites: processing, characterizations, and applications"
/home/sprice/coldspray_documents/documents/outputs/Article_585/auto/Article_585.md,Energy absorption and dynamic behaviour of 6xxx series aluminium alloys: A review
/home/sprice/coldspray_documents/documents/outputs/Article_564/auto/Article_564.md,Comparing cold spray with thermal spray coating technologies
/home/sprice/coldspray_documents/documents/outputs/Article_5347/auto/Article_5347.md,Effects of pulsed current-assisted LDM on pore distribution and microstructure evolution of fabricated TC4 multi-layer structures
/home/sprice/coldspray_documents/documents/outputs/Article_802/auto/Article_802.md,High deformation consolidation powder metallurgy processes for an Al-Li alloy composite
/home/sprice/coldspray_documents/documents/outputs/Article_3452/auto/Article_3452.md,How increasing cold spray coatings thickness affects their residual stress and properties
/home/sprice/coldspray_documents/documents/outputs/Article_1422/auto/Article_1422.md,The erosion performance of particle reinforced metal matrix composite coatings produced by co-deposition cold gas dynamic spraying
/home/sprice/coldspray_documents/documents/outputs/Article_1557/auto/Article_1557.md,Intermixing and interfacial morphology of cold-sprayed Al coatings on steel
/home/sprice/coldspray_documents/documents/outputs/Article_3118/auto/Article_3118.md,"Multi-functional flexible PANI-based material for the development of efficient heating sensing equipment: integrating intelligent heating, motion detection, moisture absorption and ultraviolet protection function"
/home/sprice/coldspray_documents/documents/outputs/Article_1718/auto/Article_1718.md,High Velocity Air Fuel Spraying for Metal Additive Manufacturing - A Study on Copper
/home/sprice/coldspray_documents/documents/outputs/Article_5080/auto/Article_5080.md,Influence of gas flow during vacuum cold spraying of nano-porous $\mathrm { T i O } _ { 2 }$ film by using strengthened nanostructured powder on performance of dye-sensitized solar cell
/home/sprice/coldspray_documents/documents/outputs/Article_859/auto/Article_859.md,Investigation of the microstructure and mechanical behaviour of resistance spot-welded CR210 steel joints using graphene as an interlayer
/home/sprice/coldspray_documents/documents/outputs/Article_5346/auto/Article_5346.md,Effects of furnace annealing on in situ reacted Ti2AlC MAX phase composite coatings deposited by laser cladding
/home/sprice/coldspray_documents/documents/outputs/Article_1348/auto/Article_1348.md,Effect of heat treatment on the microstructure and microhardness of cold-sprayed tin bronze coating
/home/sprice/coldspray_documents/documents/outputs/Article_2975/auto/Article_2975.md,NANO-OXIDE DISPERSIONSTRENGTHENED STEELS
/home/sprice/coldspray_documents/documents/outputs/Article_1019/auto/Article_1019.md,Cold spray-based rapid and scalable production of printed flexible electronics
/home/sprice/coldspray_documents/documents/outputs/Article_6033/auto/Article_6033.md,A novel two-step process for enhancing adhesion strength of cold-spray metallization of carbon fiber-reinforced plastics
/home/sprice/coldspray_documents/documents/outputs/Article_5414/auto/Article_5414.md,Modeling and benchmarking XRF analysis using MCNP for applications in accident tolerant fuel and cladding
/home/sprice/coldspray_documents/documents/outputs/Article_5564/auto/Article_5564.md,Studies of different acid doped polyaniline incorporated into epoxy organic coatings on the Mg alloy
/home/sprice/coldspray_documents/documents/outputs/Article_5113/auto/Article_5113.md,Improvement on mechanical properties and wear resistance of HVOF sprayed WC-12Co coatings by optimizing feedstock structure
/home/sprice/coldspray_documents/documents/outputs/Article_5483/auto/Article_5483.md,Synthesis of composite coatings based on Mg and Ti oxides by PEO for modulation of Mg corrosion resistance
/home/sprice/coldspray_documents/documents/outputs/Article_931/auto/Article_931.md,Evaluating the effect of deposition conditions on the local wear resistance of cold sprayed stainless steel coatings
/home/sprice/coldspray_documents/documents/outputs/Article_5518/auto/Article_5518.md,Contributors’ Bios
/home/sprice/coldspray_documents/documents/outputs/Article_3413/auto/Article_3413.md,Remanufacturing of nickel-based aero-engine components using metal additive manufacturing technology
/home/sprice/coldspray_documents/documents/outputs/Article_2618/auto/Article_2618.md,Deposition Features of Ti Coating Using Irregular Powders in Cold Spray
/home/sprice/coldspray_documents/documents/outputs/Article_2626/auto/Article_2626.md,Effect of substrate hardness on the deformation behavior of subsequently incident particles in cold spraying
/home/sprice/coldspray_documents/documents/outputs/Article_5216/auto/Article_5216.md,Study on the dynamic impact wear resistance of AlCoCrFeNi/WC composite coating produced by HVOF
/home/sprice/coldspray_documents/documents/outputs/Article_1102/auto/Article_1102.md,A study of the influence of geometric parameters of a de Laval nozzle on the Cold Spray process
/home/sprice/coldspray_documents/documents/outputs/Article_2358/auto/Article_2358.md,Characteristics and performance of hard Ni60 alloy coating produced with supersonic laser deposition technique
/home/sprice/coldspray_documents/documents/outputs/Article_1303/auto/Article_1303.md,Experimental evaluation of interfacial adhesion strength of cold sprayed Ti6Al-4V thick coatings using an adhesive-free test method
/home/sprice/coldspray_documents/documents/outputs/Article_3586/auto/Article_3586.md,"The effect of graphene oxide on surface features, biological performance and bio-stability of calcium phosphate coating applied by pulse electrochemical deposition"
/home/sprice/coldspray_documents/documents/outputs/Article_2139/auto/Article_2139.md,"Influence of Alloy Additions on the Microstructure, Texture, and Hardness of Low-Pressure Cold-Sprayed Al-Cu Alloys"
/home/sprice/coldspray_documents/documents/outputs/Article_1301/auto/Article_1301.md,Effect of an oxide layer on high velocity impact of tantalum particles characterized using molecular dynamics
/home/sprice/coldspray_documents/documents/outputs/Article_1341/auto/Article_1341.md,Effect of powder feed rate on the mechanical properties of WC-5 wt%Ni coatings deposited using low pressure cold spray
/home/sprice/coldspray_documents/documents/outputs/Article_1328/auto/Article_1328.md,Tribological and Corrosion Behavior of High Pressure Cold Sprayed Duplex 316 L Stainless Steel
/home/sprice/coldspray_documents/documents/outputs/Article_26/auto/Article_26.md,Laser assisted cold spray of aluminum alloy 6061: Experimental results
/home/sprice/coldspray_documents/documents/outputs/Article_5189/auto/Article_5189.md,Comprehensive effects of TGO growth on the stress characteristic and delamination mechanism in lamellar structured thermal barrier coatings
/home/sprice/coldspray_documents/documents/outputs/Article_905/auto/Article_905.md,"Heterostructured stainless steel: Properties, current trends, and future perspectives"
/home/sprice/coldspray_documents/documents/outputs/Article_6003/auto/Article_6003.md,Microstructure and corrosion resistance of cast iron surfaces by cold spraying Al and Al/Ni coatings
/home/sprice/coldspray_documents/documents/outputs/Article_2581/auto/Article_2581.md,Interlayer Dielectric Cracking in Back End of Line (BEOL) Stack
/home/sprice/coldspray_documents/documents/outputs/Article_2846/auto/Article_2846.md,"Analysis of grain structure, precipitation and hardness heterogeneities, supported by a thermal model, for an aluminium alloy 7075 deposited by solid-state multi-layer friction surfacing"
/home/sprice/coldspray_documents/documents/outputs/Article_1855/auto/Article_1855.md,"Article Development, Characterization and High-Temperature Oxidation Behaviour of Hot-Isostatic-Treated Cold-Sprayed Thick Titanium Deposits"
/home/sprice/coldspray_documents/documents/outputs/Article_3481/auto/Article_3481.md,Cermet coatings prepared by pulsed gas dynamic spraying process: Effect of the process parameters
/home/sprice/coldspray_documents/documents/outputs/Article_5595/auto/Article_5595.md,Electrodeposition of high-quality Cr coatings with solid solution Al from $\mathrm { C r } ^ { 2 + }$ electrolyte
/home/sprice/coldspray_documents/documents/outputs/Article_2245/auto/Article_2245.md,Exploring the impact of Mo addition in highvelocity oxygen-fuel (HVOF) sprayed CoCrFeNiMo0.5 high-entropy alloy coatings
/home/sprice/coldspray_documents/documents/outputs/Article_3478/auto/Article_3478.md,Studies of thermally activated processes in gasatomized Al alloy powders: in situ STEM heating experiments on FIB-cut cross sections
/home/sprice/coldspray_documents/documents/outputs/Article_2998/auto/Article_2998.md,Microstructural evolution of Cr-coated Zr-4 alloy prepared by multi-arc ion plating during high temperature oxidation
/home/sprice/coldspray_documents/documents/outputs/Article_1473/auto/Article_1473.md,Material Properties of Nickel Based Cold Spray by Means of Small Specimens
/home/sprice/coldspray_documents/documents/outputs/Article_5277/auto/Article_5277.md,Numerical simulation of dynamic and thermal behavior of plasma jet interacting with substrate
/home/sprice/coldspray_documents/documents/outputs/Article_5251/auto/Article_5251.md,Surface functionalization of binder jetted steels through super-solidus liquid phase sintering and electro-spark deposition
/home/sprice/coldspray_documents/documents/outputs/Article_1126/auto/Article_1126.md,Evaluation of cold-sprayed CuCr coatings as contact materials for vacuum interrupters
/home/sprice/coldspray_documents/documents/outputs/Article_1432/auto/Article_1432.md,Mechanical Behavior of Annealed Cold Sprayed Cu-Ni Coatings
/home/sprice/coldspray_documents/documents/outputs/Article_592/auto/Article_592.md,Bioceramic composite coatings deposited by the cold spray process
/home/sprice/coldspray_documents/documents/outputs/Article_3585/auto/Article_3585.md,A critical review of diamond like carbon coating for wear resistance applications
/home/sprice/coldspray_documents/documents/outputs/Article_3561/auto/Article_3561.md,Mechanism studies and fabrication for the incorporation of carbon into Al alloys by the electro-charging assisted process
/home/sprice/coldspray_documents/documents/outputs/Article_3038/auto/Article_3038.md,Copper Trace Cracking Under Die Perimeter of BGA Packages: A Combined Effect of Mold and Die Attach Materials
/home/sprice/coldspray_documents/documents/outputs/Article_2285/auto/Article_2285.md,Corrosion performance of Δ4l-Al2O3 cold sprayed coatings on mild carbon steel pipe under thermal insulation
/home/sprice/coldspray_documents/documents/outputs/Article_13/auto/Article_13.md,Optimization of In-Situ Shot-Peening-Assisted Cold Spraying Parameters for Full Corrosion Protection of Mg Alloy by Fully Dense Al-Based Alloy Coating
/home/sprice/coldspray_documents/documents/outputs/Article_5223/auto/Article_5223.md,Acid resistance of hydroxyapatite dental films fabricated through powder jet deposition
/home/sprice/coldspray_documents/documents/outputs/Article_2296/auto/Article_2296.md,Electrically Insulative Performances of Ceramic and Clay Films Deposited via Supersonic Spraying
/home/sprice/coldspray_documents/documents/outputs/Article_1528/auto/Article_1528.md,Influence of Impact Angle and Gas Temperature on Mechanical Properties of Titanium Cold Spray Deposits
/home/sprice/coldspray_documents/documents/outputs/Article_135/auto/Article_135.md,Effect of the thickness of cold sprayed aluminium alloy coating on the adhesive bond strength with an aluminium alloy substrate
/home/sprice/coldspray_documents/documents/outputs/Article_1215/auto/Article_1215.md,Functionalized coatings by cold spray: An in vitro study of micro- and nanocrystalline hydroxyapatite compared to porous titanium
/home/sprice/coldspray_documents/documents/outputs/Article_1878/auto/Article_1878.md,Cold Spray of Nickel-Based Alloy Coating on Cast Iron for Restoration and Surface Enhancement
/home/sprice/coldspray_documents/documents/outputs/Article_3476/auto/Article_3476.md,Abrasive wear characteristics and microstructure of Fe-based overlaid ploughshares in different field conditions
/home/sprice/coldspray_documents/documents/outputs/Article_910/auto/Article_910.md,Submicrometer scale mapping of microstructure and mechanical properties of cold sprayed copper
/home/sprice/coldspray_documents/documents/outputs/Article_5321/auto/Article_5321.md,Surface modification of low-alloy steels by fine particle peening using combination of iron sulfide and spring steel particles
/home/sprice/coldspray_documents/documents/outputs/Article_5365/auto/Article_5365.md,A STUDY OF CRACK INITIATION AND PROPAGATION IN Ni-Cr THERMALLY SPRAYED COATINGS USING ACOUSTIC EMISSION TECHNIQUES
/home/sprice/coldspray_documents/documents/outputs/Article_2339/auto/Article_2339.md,Effects of working gas on wear and corrosion resistances of cold sprayed Ti-6Al-4V coatings
/home/sprice/coldspray_documents/documents/outputs/Article_940/auto/Article_940.md,"Effect of high temperature exposure on microstructure, mechanical and tribological properties of cold sprayed NiCoCrAlTaY coatings"
/home/sprice/coldspray_documents/documents/outputs/Article_2375/auto/Article_2375.md,Novel application of ultrasonic cavitation for fabrication of TiN/Al composites
/home/sprice/coldspray_documents/documents/outputs/Article_6100/auto/Article_6100.md,Craze initiation in glassy polymers: Quantifying the influence of molecular orientation
/home/sprice/coldspray_documents/documents/outputs/Article_5485/auto/Article_5485.md,Residual stress analysis and geometrical tolerances in powder bed fusion and direct energy deposition processes
/home/sprice/coldspray_documents/documents/outputs/Article_34/auto/Article_34.md,Machinability of Al 6061 Deposited with Cold Spray Additive Manufacturing
/home/sprice/coldspray_documents/documents/outputs/Article_933/auto/Article_933.md,Erosion behaviour of cold sprayed stainless-steel coatings for civil infrastructures: An energetic approach
/home/sprice/coldspray_documents/documents/outputs/Article_2782/auto/Article_2782.md,Optimization of HVOF Cr₃C₂–NiCr coating for increased fatigue performance
/home/sprice/coldspray_documents/documents/outputs/Article_3545/auto/Article_3545.md,Microstructure and properties of laser cladded B₄C/TiC/Ni-based composite coating
/home/sprice/coldspray_documents/documents/outputs/Article_1664/auto/Article_1664.md,Shock Loading of Heat-Treated Cold Spray Deposited Copper
/home/sprice/coldspray_documents/documents/outputs/Article_3559/auto/Article_3559.md,Schmid factor crack propagation and tracking crystallographic texture markers of microstructural condition in direct energy deposition additive manufacturing of Ti-6Al-4V
/home/sprice/coldspray_documents/documents/outputs/Article_5551/auto/Article_5551.md,Microstructural evolution of low-pressure plasma-sprayed Ti–6Al–4V coatings after heat treatment
/home/sprice/coldspray_documents/documents/outputs/Article_958/auto/Article_958.md,Application of machine learning for the prediction of particle velocity distribution and deposition efficiency for cold spraying titanium powder
/home/sprice/coldspray_documents/documents/outputs/Article_3619/auto/Article_3619.md,Cold spraying of martensite NAB deposits: a strategy for improved inter-splat bonding
/home/sprice/coldspray_documents/documents/outputs/Article_3436/auto/Article_3436.md,A comprehensive review on the State of the Art in the research and development of poly-ether-ether-ketone (PEEK) biomaterial-based implants
/home/sprice/coldspray_documents/documents/outputs/Article_2412/auto/Article_2412.md,Methods and materials for additive manufacturing: A critical review on advancements and challenges
/home/sprice/coldspray_documents/documents/outputs/Article_3335/auto/Article_3335.md,Failure analysis of gas and wind turbine blades: A review
/home/sprice/coldspray_documents/documents/outputs/Article_3362/auto/Article_3362.md,Complex concentrated alloy bimodal composite claddings with enhanced cavitation erosion resistance
/home/sprice/coldspray_documents/documents/outputs/Article_1703/auto/Article_1703.md,On the Role of Substrate in Hydroxyapatite Coating Formation by Cold Spray
/home/sprice/coldspray_documents/documents/outputs/Article_1994/auto/Article_1994.md,Tailoring the microstructure of recycled 319 aluminum alloy aiming at high ductility
/home/sprice/coldspray_documents/documents/outputs/Article_5079/auto/Article_5079.md,Supersonic cold spraying for zeolitic metal–organic framework films
/home/sprice/coldspray_documents/documents/outputs/Article_5293/auto/Article_5293.md,Microstructure and mechanical properties of wear-resistant SiCp/Al composite layers on 6061 aluminum alloy fabricated by additive friction stir deposition
/home/sprice/coldspray_documents/documents/outputs/Article_2237/auto/Article_2237.md,Grain size stability in a cryomilled nanocrystalline Al alloy powders containing diamantane nanoparticles
/home/sprice/coldspray_documents/documents/outputs/Article_1867/auto/Article_1867.md,High-Performance Pure Aluminum Coatings on Stainless Steels by Cold Spray
/home/sprice/coldspray_documents/documents/outputs/Article_2537/auto/Article_2537.md,Enhanced tribological performance of NiAl-based composite coatings: Design of the composition in coatings by addition of Mo and Nanodiamond
/home/sprice/coldspray_documents/documents/outputs/Article_5695/auto/Article_5695.md,Management of Inflammatory External Root Resorption by Using Calcium-enriched Mixture Cement: A Case Report
/home/sprice/coldspray_documents/documents/outputs/Article_1990/auto/Article_1990.md,Microstructure and properties of K648 superalloy additively manufactured by extreme high-speed laser metal deposition
/home/sprice/coldspray_documents/documents/outputs/Article_5540/auto/Article_5540.md,Tribological performance and high temperature oxidation behaviour of thermal sprayed Ni- and NiCrAlY-based composite coatings
/home/sprice/coldspray_documents/documents/outputs/Article_5572/auto/Article_5572.md,Numerical simulations of stone-chipping resistance behaviors of automotive coatings: A CFD-DEM model and a wear prediction method
/home/sprice/coldspray_documents/documents/outputs/Article_2182/auto/Article_2182.md,Research on edge defects suppression of Mg/Al composite plate rolling: Development of embedded rolling technology
/home/sprice/coldspray_documents/documents/outputs/Article_1239/auto/Article_1239.md,Cold spraying: From process fundamentals towards advanced applications
/home/sprice/coldspray_documents/documents/outputs/Article_1321/auto/Article_1321.md,The advantages and disadvantages of the cold spray coating process
/home/sprice/coldspray_documents/documents/outputs/Article_1045/auto/Article_1045.md,Optimization of cold-sprayed AA2024/Al₂O₃ metal matrix composites via friction stir processing: Effect of rotation speeds
/home/sprice/coldspray_documents/documents/outputs/Article_1250/auto/Article_1250.md,Fabrication of dense α-alumina layer on Ti-6Al-4V alloy hybrid for bearing surfaces of artificial hip joint
/home/sprice/coldspray_documents/documents/outputs/Article_1917/auto/Article_1917.md,Correlation between microstructure and mechanical properties of AlMg6/ CNT-Al composite produced by accumulative roll bonding process: Experimental and modelling analysis
/home/sprice/coldspray_documents/documents/outputs/Article_1449/auto/Article_1449.md,Dynamic Hardness Evolution in Metals from Impact Induced Gradient Dislocation Density
/home/sprice/coldspray_documents/documents/outputs/Article_5810/auto/Article_5810.md,Fusion reactor design studies
/home/sprice/coldspray_documents/documents/outputs/Article_2240/auto/Article_2240.md,Additive manufacturing – A review of hot deformation behavior and constitutive modeling of flow stress
/home/sprice/coldspray_documents/documents/outputs/Article_2917/auto/Article_2917.md,An overview of graphene-based hydroxyapatite composites for orthopedic applications
/home/sprice/coldspray_documents/documents/outputs/Article_6089/auto/Article_6089.md,Effect of Y₂O₃ stabilized ZrO₂ coating with tri-model structure on bi-layered thermally grown oxide evolution in nano thermal barrier coating systems at elevated temperatures
/home/sprice/coldspray_documents/documents/outputs/Article_558/auto/Article_558.md,"Systematic study of preparation technology, microstructure characteristics and mechanical behaviors for SiC particle-reinforced metal matrix composites"
/home/sprice/coldspray_documents/documents/outputs/Article_666/auto/Article_666.md,Improving the mechanical properties and electrical conductivity of cold-sprayed $\mathsf{Cu–Ti_3SiC_2}$ composite by friction stir processing
/home/sprice/coldspray_documents/documents/outputs/Article_1434/auto/Article_1434.md,A precipitation-strengthened high-entropy alloy prepared by selective laser melting in-situ alloying and post-heat treatment
/home/sprice/coldspray_documents/documents/outputs/Article_141/auto/Article_141.md,Role of nitrogen and helium gases on microstructure and anisotropic mechanical properties of cold-sprayed scalmalloy deposits
/home/sprice/coldspray_documents/documents/outputs/Article_1371/auto/Article_1371.md,Comparative investigation of microstructure and properties of Ni-coated FeSiAl soft magnetic composite coatings produced by cold spraying and HVOF
/home/sprice/coldspray_documents/documents/outputs/Article_955/auto/Article_955.md,Annealing strategies for enhancing mechanical properties of additively manufactured 316L stainless steel deposited by cold spray
/home/sprice/coldspray_documents/documents/outputs/Article_673/auto/Article_673.md,Strategy of incorporating Ni-based braze alloy in cold sprayed Inconel 718 coating
/home/sprice/coldspray_documents/documents/outputs/Article_2761/auto/Article_2761.md,Corrosion phenomena in a powder-processed Al alloy containing icosahedral quasicrystalline dispersoids
/home/sprice/coldspray_documents/documents/outputs/Article_812/auto/Article_812.md,Microstructure homogeneity and strength-toughness balance in submerged arc additive manufactured Mn-Ni-Mo high-strength steel by unique intrinsic heat treatment
/home/sprice/coldspray_documents/documents/outputs/Article_6046/auto/Article_6046.md,Editor-in-Chief
/home/sprice/coldspray_documents/documents/outputs/Article_5662/auto/Article_5662.md,Temperature-dependent dielectric anomalies in powder aerosol deposited ferroelectric ceramic films
/home/sprice/coldspray_documents/documents/outputs/Article_2851/auto/Article_2851.md,Mechanical performance and residual stress of WC-Co coatings manufactured by Kinetic Metallization™
/home/sprice/coldspray_documents/documents/outputs/Article_1609/auto/Article_1609.md,Effect of electroless Ni plating on the properties of cold-sprayed Ni–Al2O3 coatings
/home/sprice/coldspray_documents/documents/outputs/Article_1249/auto/Article_1249.md,Effect of nanoscale surface oxide layers on the cold spray of commercially pure titanium and Ti–6Al–4V powders
/home/sprice/coldspray_documents/documents/outputs/Article_2620/auto/Article_2620.md,Warm Spray Forming of Ti-6Al-4V
/home/sprice/coldspray_documents/documents/outputs/Article_770/auto/Article_770.md,"A novel Cu-containing TiZrNb-based medium entropy alloy with excellent mechanical properties, antibacterial activity and biocompatibility"
/home/sprice/coldspray_documents/documents/outputs/Article_5147/auto/Article_5147.md,Anti-corrosive coatings of magnesium: A review
/home/sprice/coldspray_documents/documents/outputs/Article_3387/auto/Article_3387.md,Influence of hardmetal feedstock powder on the sliding wear and impact resistance of High Velocity Air-Fuel (HVAF) sprayed coatings
/home/sprice/coldspray_documents/documents/outputs/Article_3299/auto/Article_3299.md,"Processing, production and anticorrosion behavior of metallic glasses: A critical review"
/home/sprice/coldspray_documents/documents/outputs/Article_6021/auto/Article_6021.md,Superior corrosion-resistant cold sprayed titanium coatings with fully dense microstructure after electron beam modification
/home/sprice/coldspray_documents/documents/outputs/Article_2889/auto/Article_2889.md,Investigation of copper/stainless steel multi-metallic materials fabricated by laser metal deposition
/home/sprice/coldspray_documents/documents/outputs/Article_2742/auto/Article_2742.md,Elastic Modulus of 304 Stainless Steel Coating by Cold Gas Dynamic Spraying
/home/sprice/coldspray_documents/documents/outputs/Article_5337/auto/Article_5337.md,Peridynamics contact model: Application to healing using phase field theory
/home/sprice/coldspray_documents/documents/outputs/Article_3198/auto/Article_3198.md,"Detonation spraying of Ti-Cu mixtures in different atmospheres: Carbon, nitrogen and oxygen uptake by the powders"
/home/sprice/coldspray_documents/documents/outputs/Article_2958/auto/Article_2958.md,LVOF sprayed Ti-HAp composite coatings for internal fixation devices in orthopaedic applications
/home/sprice/coldspray_documents/documents/outputs/Article_2984/auto/Article_2984.md,Development of CoCr0.65FeNi-BSiC as a self-fluxing high-entropy alloy for thermal spraying
/home/sprice/coldspray_documents/documents/outputs/Article_5780/auto/Article_5780.md,Drawbacks and Unfavorable Outcomes of Regenerative Endodontic Treatments of Necrotic Immature Teeth: A Literature Review and Report of a Case
/home/sprice/coldspray_documents/documents/outputs/Article_1110/auto/Article_1110.md,Electrical conductivities and mechanical properties of Ti₃SiC₂ reinforced Cu-based composites prepared by cold spray
/home/sprice/coldspray_documents/documents/outputs/Article_901/auto/Article_901.md,Microstructural and interfacial characteristics of supersonic reclaimed 2024Al-T3 substrate using cold sprayed 2024Al deposit
/home/sprice/coldspray_documents/documents/outputs/Article_3571/auto/Article_3571.md,Electron probe microanalysis: A review of recent developments and applications in materials science and engineering
/home/sprice/coldspray_documents/documents/outputs/Article_930/auto/Article_930.md,Influences of cold-sprayed steel interlayer on mechanical properties of laser welded steel/Al lap joints
/home/sprice/coldspray_documents/documents/outputs/Article_3409/auto/Article_3409.md,Advanced Polymeric Coatings and Their Applications: Green Tribology
/home/sprice/coldspray_documents/documents/outputs/Article_3142/auto/Article_3142.md,Opportunities and challenges of spray forming high-alloyed steels
/home/sprice/coldspray_documents/documents/outputs/Article_983/auto/Article_983.md,"Multi-objective optimization and performance improvement of CD nozzle design parameters for cold spray coating process using RSM, ANN and GA"
/home/sprice/coldspray_documents/documents/outputs/Article_1500/auto/Article_1500.md,Influence of cold gas spray processing conditions on the properties of 316L stainless steel coatings
/home/sprice/coldspray_documents/documents/outputs/Article_5740/auto/Article_5740.md,Boiler Control System
/home/sprice/coldspray_documents/documents/outputs/Article_2287/auto/Article_2287.md,Cold Sprayability of Mixed Commercial Purity Ti Plus Ti6Al4V Metal Powders
/home/sprice/coldspray_documents/documents/outputs/Article_3593/auto/Article_3593.md,Nano-hydroxyapatite: novel approaches in biomedical applications
/home/sprice/coldspray_documents/documents/outputs/Article_1973/auto/Article_1973.md,Exploring temperature-controlled friction stir powder additive manufacturing process for multilayer deposition of aluminum alloys
/home/sprice/coldspray_documents/documents/outputs/Article_2186/auto/Article_2186.md,Progress and prospects in magnesium alloy scrap recycling
/home/sprice/coldspray_documents/documents/outputs/Article_5131/auto/Article_5131.md,"Supersonically sprayed clay, silica, and silica aerogel hybrid films as thermal and electrical barriers"
/home/sprice/coldspray_documents/documents/outputs/Article_270/auto/Article_270.md,Corrosion Properties of Cold-Sprayed Tantalum Coatings
/home/sprice/coldspray_documents/documents/outputs/Article_2781/auto/Article_2781.md,Progress in tribological research of Al₂O₃ ceramics: A review
/home/sprice/coldspray_documents/documents/outputs/Article_1214/auto/Article_1214.md,Unravelling ultrafast deformation mechanisms in surface deposition of titanium nanoparticles
/home/sprice/coldspray_documents/documents/outputs/Article_1616/auto/Article_1616.md,Copper matrix composite coatings produced by cold spraying process for electrical applications
/home/sprice/coldspray_documents/documents/outputs/Article_5322/auto/Article_5322.md,Effect of diffusion barriers on steam oxidation properties and interface evolutions of Cr coating for zirconium alloy at 1200 °C
/home/sprice/coldspray_documents/documents/outputs/Article_3500/auto/Article_3500.md,Corrosion characteristics of cold gas spray coatings of reinforced aluminum deposited onto carbon steel
/home/sprice/coldspray_documents/documents/outputs/Article_5154/auto/Article_5154.md,A comparison of the corrosion behaviour of copper materials in dilute nitric acid
/home/sprice/coldspray_documents/documents/outputs/Article_5805/auto/Article_5805.md,Life-cycle energy and carbon saving potential of Wire Arc Additive Manufacturing for the repair of mold inserts
/home/sprice/coldspray_documents/documents/outputs/Article_1083/auto/Article_1083.md,Impact-induced deformation and microstructural evolution in cold-spray deposition of aluminum alloy–quasicrystal composite: A characterization perspective
/home/sprice/coldspray_documents/documents/outputs/Article_2505/auto/Article_2505.md,Preparation of diamond reinforced metal powders as thermal spray feedstock using ball milling
/home/sprice/coldspray_documents/documents/outputs/Article_1731/auto/Article_1731.md,Effect of Al₂O₃ on Microstructure and Corrosion Characteristics of Al/Al₂O₃ Composite Coatings Prepared by Cold Spraying
/home/sprice/coldspray_documents/documents/outputs/Article_1520/auto/Article_1520.md,Improvement in Tensile Strength of Mg Alloy After Immersion in SBF by Cold-Sprayed Zn Coating
/home/sprice/coldspray_documents/documents/outputs/Article_51/auto/Article_51.md,Effects of Interface Bonding on the Residual Stresses in ColdSprayed Al-6061: A Numerical Investigation
/home/sprice/coldspray_documents/documents/outputs/Article_1123/auto/Article_1123.md,Characterization and comparison of copper coatings developed by low pressure cold spraying and laser cladding techniques
/home/sprice/coldspray_documents/documents/outputs/Article_5220/auto/Article_5220.md,Microstructure evolution and anisotropy elimination in Al-ZnMg-Cu alloy by wire-arc directed energy deposition
/home/sprice/coldspray_documents/documents/outputs/Article_2175/auto/Article_2175.md,Effects of minor Zr addition on the microstructure and mechanical properties of laser welded joint of Al/SiCp metal-matrix composite
/home/sprice/coldspray_documents/documents/outputs/Article_3621/auto/Article_3621.md,Laser modification of the microstructure and mechanical properties of (Cr₃C₂-25(Ni20Cr))-5(Ni25C) cermet coatings containing a solid lubricant
/home/sprice/coldspray_documents/documents/outputs/Article_2623/auto/Article_2623.md,Impact Conditions for Cold Spraying of Hard Metallic Glasses
/home/sprice/coldspray_documents/documents/outputs/Article_1883/auto/Article_1883.md,Properties of Cold Sprayed Titanium and Titanium Alloy Coatings after Laser Surface Treatment
/home/sprice/coldspray_documents/documents/outputs/Article_2261/auto/Article_2261.md,A detailed investigation on the microstructural and mechanical properties of high-velocity oxygen-fuel (HVOF) sprayed $\mathrm { A l } _ { 0 . 3 } \mathrm { C r F e N i T i } _ { 0 . 3 }$ medium-entropy alloy coatings
/home/sprice/coldspray_documents/documents/outputs/Article_3327/auto/Article_3327.md,A critical review of the tribocorrosion of cemented and thermal sprayed tungsten carbide
/home/sprice/coldspray_documents/documents/outputs/Article_899/auto/Article_899.md,"Development of electrodeposited multilayer coatings: A review of fabrication, microstructure, properties and applications"
/home/sprice/coldspray_documents/documents/outputs/Article_5655/auto/Article_5655.md,Effect of Photodynamic Therapy on Postoperative Pain in Posterior Teeth with Symptomatic Apical Periodontitis
/home/sprice/coldspray_documents/documents/outputs/Article_3357/auto/Article_3357.md,"Structure, Dynamics, and Photophysics in the Copper(I) Iodide− Tetrahydrothiophene System"
/home/sprice/coldspray_documents/documents/outputs/Article_2983/auto/Article_2983.md,B induces Cr grain boundary enrichment and the enhanced anti-tribocorrosion property of HEA composite coatings
/home/sprice/coldspray_documents/documents/outputs/Article_2342/auto/Article_2342.md,Influence of SiC-Ti/A1 on the Microstructural and Mechanical Properties of Deposited Ti-6V-4Al Alloy with Cold Spray Technique
/home/sprice/coldspray_documents/documents/outputs/Article_3203/auto/Article_3203.md,"Recent progress in the mechanisms, preparations and applications of polymeric antifogging coatings"
/home/sprice/coldspray_documents/documents/outputs/Article_3395/auto/Article_3395.md,Fabrication of layered ceramic-metal composites by detonation spraying
/home/sprice/coldspray_documents/documents/outputs/Article_1463/auto/Article_1463.md,Evolution of Cold-Sprayed Copper Deposit Mechanical Properties as Function of Substrate Geometry and Heat Treatment Parameters
/home/sprice/coldspray_documents/documents/outputs/Article_2658/auto/Article_2658.md,Optimizing material selection for wire arc thermal spraying of Al and Zn alloy metallized polymeric coating systems: Microstructural analysis and mechanical property evaluation
/home/sprice/coldspray_documents/documents/outputs/Article_662/auto/Article_662.md,Microstructures and properties of SLM-manufactured Cu-15Ni-8Sn alloy
/home/sprice/coldspray_documents/documents/outputs/Article_21/auto/Article_21.md,Effects of post-deposition processing on static and cyclic performance of cold sprayed 6061 aluminum alloy
/home/sprice/coldspray_documents/documents/outputs/Article_5283/auto/Article_5283.md,PDMS@SiO₂ surface modified superhydrophobic melamine sponges for enhanced drag reduction
/home/sprice/coldspray_documents/documents/outputs/Article_5541/auto/Article_5541.md,Recycling of Ti6Al4V machining swarf into additive manufacturing feedstock powder to realise sustainable recycling goals
/home/sprice/coldspray_documents/documents/outputs/Article_5739/auto/Article_5739.md,The influence of substrate temperature on properties of APS and VPS W coatings
/home/sprice/coldspray_documents/documents/outputs/Article_2961/auto/Article_2961.md,Effects of microstructure on mechanical and energy release properties of Ni–Al energetic structural materials
/home/sprice/coldspray_documents/documents/outputs/Article_5050/auto/Article_5050.md,"Structural repair using cold spray technology for enhanced esriunsgtSaoicnieatbyiIlnitterynaotifonhailgChonfvearelnuce 2a0s1s7e, tMs"
/home/sprice/coldspray_documents/documents/outputs/Article_1310/auto/Article_1310.md,Particle/substrate interaction in the cold-spray bonding process
/home/sprice/coldspray_documents/documents/outputs/Article_2963/auto/Article_2963.md,Effect of erbium on microstructures and properties of Mg-Al intermetallic
/home/sprice/coldspray_documents/documents/outputs/Article_1989/auto/Article_1989.md,Unraveling process-microstructure-property correlations in powder-bed fusion additive manufacturing through information-rich surface features with deep learning
/home/sprice/coldspray_documents/documents/outputs/Article_893/auto/Article_893.md,Controlling splat boundary network evolution towards the development of strong and ductile cold sprayed refractory metals: The role of powder characteristics
/home/sprice/coldspray_documents/documents/outputs/Article_5352/auto/Article_5352.md,Thermal spraying methods for protection against wear
/home/sprice/coldspray_documents/documents/outputs/Article_766/auto/Article_766.md,Towards load-bearing biomedical titanium-based alloys: From essential requirements to future developments
/home/sprice/coldspray_documents/documents/outputs/Article_947/auto/Article_947.md,Effect of SiC content on the microstructure and wear behavior of cold-sprayed Al-SiC coatings deposited on AZ31 alloy substrate
/home/sprice/coldspray_documents/documents/outputs/Article_2073/auto/Article_2073.md,Microstructure and improved anti-corrosion properties of cold-sprayed Zn coatings fabricated by post shot-peening process
/home/sprice/coldspray_documents/documents/outputs/Article_5134/auto/Article_5134.md,Tin and zinc microparticle impacts above the critical adhesion velocity
/home/sprice/coldspray_documents/documents/outputs/Article_2069/auto/Article_2069.md,Microstructural Characteristics in Babbitt Coatings Deposited by LPCS
/home/sprice/coldspray_documents/documents/outputs/Article_5041/auto/Article_5041.md,By invitation only: overview article Cold spraying e A materials perspective
/home/sprice/coldspray_documents/documents/outputs/Article_1430/auto/Article_1430.md,Structural and properties characterization of stellite coatings obtained by cold gas spraying
/home/sprice/coldspray_documents/documents/outputs/Article_3073/auto/Article_3073.md,Corrosion resistance and mechanical properties of coating/steel substrate system in acid rain environment
/home/sprice/coldspray_documents/documents/outputs/Article_954/auto/Article_954.md,Correlation between flattening ratio and wear performance of cold sprayed metal matrix composite coatings
/home/sprice/coldspray_documents/documents/outputs/Article_3233/auto/Article_3233.md,Study on wear behavior of FeNiCrCoCu high entropy alloy coating on Cu substrate based on molecular dynamics
/home/sprice/coldspray_documents/documents/outputs/Article_2340/auto/Article_2340.md,Effect of Tool Rotation Speed on Microstructure and Microhardness of Friction-Stir-Processed Cold-Sprayed SiCp/ Al5056 Composite Coating
/home/sprice/coldspray_documents/documents/outputs/Article_5286/auto/Article_5286.md,Enhancing the durability of Ti–Al–C coatings: The role of powder composition and processing variables
/home/sprice/coldspray_documents/documents/outputs/Article_5696/auto/Article_5696.md,Aluminization of a Si–Y co-deposition coating to protect a Ti2AlNb based alloy from high temperature oxidation
/home/sprice/coldspray_documents/documents/outputs/Article_598/auto/Article_598.md,"Measurement of mechanical and fatigue properties using unified, simple-geometry specimens: Cold spray additively manufactured pure metals"
/home/sprice/coldspray_documents/documents/outputs/Article_2440/auto/Article_2440.md,The superior mechanical and physical properties of nanocarbon reinforced bulk composites achieved by architecture design – A review
/home/sprice/coldspray_documents/documents/outputs/Article_1147/auto/Article_1147.md,Bonding mechanisms in cold spray
/home/sprice/coldspray_documents/documents/outputs/Article_2354/auto/Article_2354.md,Microstructure and properties of cold sprayed composite coatings
/home/sprice/coldspray_documents/documents/outputs/Article_965/auto/Article_965.md,Thermomechanical properties of cold-sprayed copper coatings from differently fabricated powders
/home/sprice/coldspray_documents/documents/outputs/Article_1890/auto/Article_1890.md,Spinning bonding mechanism of Mg/Al composite tube under different thinning rates
/home/sprice/coldspray_documents/documents/outputs/Article_593/auto/Article_593.md,In situ synchrotron investigation of tensile deformation and failure mechanisms in cold spray Cr-coated Zr-alloy system
/home/sprice/coldspray_documents/documents/outputs/Article_6073/auto/Article_6073.md,The role of test environment on the tribological behavior of Co-free FeNiMnCrTiAl high entropy alloy
/home/sprice/coldspray_documents/documents/outputs/Article_2744/auto/Article_2744.md,Optimization of Mechanical Properties of $\bar { \mathbf { C r } _ { 3 } } \bar { \mathbf { C } _ { 2 } }$ -Ni20Cr/Graphite Cold Sprayed Coatings
/home/sprice/coldspray_documents/documents/outputs/Article_3230/auto/Article_3230.md,Enhancement of corrosion protection of AISI 201 austenitic stainless steel in acidic chloride solutions by Ce-doped TiO₂ coating
/home/sprice/coldspray_documents/documents/outputs/Article_2521/auto/Article_2521.md,"Metal additive manufacturing using friction stir engineering: A review on microstructural evolution, tooling and design strategies"
/home/sprice/coldspray_documents/documents/outputs/Article_2919/auto/Article_2919.md,Machinability characterization in end milling of Invar 36 fabricated by wire arc additive manufacturing
/home/sprice/coldspray_documents/documents/outputs/Article_1836/auto/Article_1836.md,"Microstructural Evaluation of Tungsten Carbide Cobalt (WC17Co) Alloy Deposited by High-Velocity Oxygen Fuel, HighVelocity Air Fuel, and Cold Spraying Technologies"
/home/sprice/coldspray_documents/documents/outputs/Article_945/auto/Article_945.md,Cold spray deposition of WC–17 and 12Co cermets onto aluminum
/home/sprice/coldspray_documents/documents/outputs/Article_5213/auto/Article_5213.md,Contents
/home/sprice/coldspray_documents/documents/outputs/Article_5566/auto/Article_5566.md,A quantitative criterion to predict atomic disordering during high velocity nanoparticle impact
/home/sprice/coldspray_documents/documents/outputs/Article_6075/auto/Article_6075.md,Aerosol deposition of dense alumina coatings on micropillar-patterned Si substrates
/home/sprice/coldspray_documents/documents/outputs/Article_50/auto/Article_50.md,Bonding mechanism and microstructural evolution in mechanically-alloyed nanodiamond-reinforced Al6061 composite particle deposits in cold spray
/home/sprice/coldspray_documents/documents/outputs/Article_2806/auto/Article_2806.md,Hybrid metal additive manufacturing: A state-of-the-art review
/home/sprice/coldspray_documents/documents/outputs/Article_2896/auto/Article_2896.md,Oxidation behavior and microstructural evolution of Cr coatings prepared by multi-arc ion plating on Zry-4 in steam environments up to 1400 °C
/home/sprice/coldspray_documents/documents/outputs/Article_2516/auto/Article_2516.md,Fabrication of AA6061/AlCoCrFeNi high-entropy alloy surface composite through flame spraying and friction stir processing
/home/sprice/coldspray_documents/documents/outputs/Article_6080/auto/Article_6080.md,Investigation on tribological properties of plasma sprayed FeCoNiCrAl high-entropy alloy coatings under different sand densities
/home/sprice/coldspray_documents/documents/outputs/Article_1420/auto/Article_1420.md,Low pressure cold gas dynamic spraying of tungsten carbide-nickel coatings
/home/sprice/coldspray_documents/documents/outputs/Article_114/auto/Article_114.md,Effects of different heat treatment methods on the mechanical properties and structures of Al-6061
/home/sprice/coldspray_documents/documents/outputs/Article_5417/auto/Article_5417.md,Can Polyether Ether Ketone Dethrone Titanium as the Choice Implant Material for Metastatic Spine Tumor Surgery?
/home/sprice/coldspray_documents/documents/outputs/Article_3355/auto/Article_3355.md,High-temperature oxidation behavior of CuAlNiCrFe high-entropy alloy bond coats deposited using high-speed laser cladding process
/home/sprice/coldspray_documents/documents/outputs/Article_3483/auto/Article_3483.md,Quasi-in vivo corrosion behavior of AZ31B Mg alloy with hybrid MWCNTs-PEO/PCL based coatings
/home/sprice/coldspray_documents/documents/outputs/Article_1120/auto/Article_1120.md,Influence of spray trajectories on characteristics of cold-sprayed copper deposits
/home/sprice/coldspray_documents/documents/outputs/Article_2901/auto/Article_2901.md,Microstructural and nanomechanical studies of PVD Cr coatings on SiC for LWR fuel cladding applications
/home/sprice/coldspray_documents/documents/outputs/Article_5222/auto/Article_5222.md,"Randomised trial comparing the transversus abdominis plane block posterior approach or quadratus lumborum block type i with femoral block for postoperative analgesia in femoral neck fracture, both"
/home/sprice/coldspray_documents/documents/outputs/Article_5600/auto/Article_5600.md,Woodhead Publishing Series in Metals and Surface Engineering
/home/sprice/coldspray_documents/documents/outputs/Article_2748/auto/Article_2748.md,"Microstructure, mechanical and wear resistance properties of low-pressure cold-sprayed Al-7 Mg/Al₂O₃ and Al-10 Mg/Al₂O₃ composite coatings"
/home/sprice/coldspray_documents/documents/outputs/Article_1690/auto/Article_1690.md,Microhardness and Elastic Properties Evaluation of WC-TiC Coatings Obtained by Arc Spraying Process
/home/sprice/coldspray_documents/documents/outputs/Article_1318/auto/Article_1318.md,Low pressure cold spray coating of Ti-6Al-4V with SiC-based cermet
/home/sprice/coldspray_documents/documents/outputs/Article_3592/auto/Article_3592.md,"Impact of inhibition mechanisms, automation, and computational models on the discovery of organic corrosion inhibitors"
/home/sprice/coldspray_documents/documents/outputs/Article_5225/auto/Article_5225.md,The influence of feedstock powders on the CGS deposition efficiency of bond coats for TBCs
/home/sprice/coldspray_documents/documents/outputs/Article_2392/auto/Article_2392.md,Wear-resistant cobalt-based coatings for injection moulds by cold spray
/home/sprice/coldspray_documents/documents/outputs/Article_5368/auto/Article_5368.md,Effects of laser powers on the microstructure and wear resistance of molybdenum coatings prepared by supersonic laser deposition
/home/sprice/coldspray_documents/documents/outputs/Article_1229/auto/Article_1229.md,"Preparation of in-situ synthesized TiC/AlSi30Cu5 coating by high velocity oxy-fuel (HVOF) spraying: Microstructure evolution, mechanical properties, and tribological behavior"
/home/sprice/coldspray_documents/documents/outputs/Article_1826/auto/Article_1826.md,Synthesis of Al–Al2O3–CNF Composite by Cold Spray Method: Powder Preparation and Synthesized Objects Characterization
/home/sprice/coldspray_documents/documents/outputs/Article_2584/auto/Article_2584.md,Effect of powder reactivity on fabrication and properties of NiAl/Al₂O₃ composite coated on cast iron using spark plasma sintering
/home/sprice/coldspray_documents/documents/outputs/Article_775/auto/Article_775.md,"High-performance W–Cu composites preparation technology, modulation strategy and strengthening mechanism"
/home/sprice/coldspray_documents/documents/outputs/Article_2295/auto/Article_2295.md,Experimental Verification of Statistically Optimized Parameters for Low-Pressure Cold Spray Coating of Titanium
/home/sprice/coldspray_documents/documents/outputs/Article_2644/auto/Article_2644.md,Neutron radiation induced transmutation of boron to lithium in aluminum-boron nitride composite
/home/sprice/coldspray_documents/documents/outputs/Article_729/auto/Article_729.md,Surface functionalization of nanodiamonds and simultaneous enhancement to the strength and ductility of nanodiamond/2024Al composites
/home/sprice/coldspray_documents/documents/outputs/Article_3246/auto/Article_3246.md,In situ nanocrystalline Fe–Si coating by mechanical alloying
/home/sprice/coldspray_documents/documents/outputs/Article_1071/auto/Article_1071.md,Damage tolerance assessment of AM 304L and cold spray fabricated 316L steels and its implications for attritable aircraft
/home/sprice/coldspray_documents/documents/outputs/Article_2882/auto/Article_2882.md,Effect of process parameter on the flowability of nanocrystalline CoNiCrAlY powder synthesized by mechanical milling
/home/sprice/coldspray_documents/documents/outputs/Article_1634/auto/Article_1634.md,Measurement and analysis of cold spray residual stress using arbitrary Lagrangian–Eulerian method
/home/sprice/coldspray_documents/documents/outputs/Article_1016/auto/Article_1016.md,A novel approach for fabricating a CNT/AlSi composite with the self-aligned nacre-like architecture by cold spraying
/home/sprice/coldspray_documents/documents/outputs/Article_897/auto/Article_897.md,A review on High-Temperature Applicability: A milestone for high entropy alloys
/home/sprice/coldspray_documents/documents/outputs/Article_6017/auto/Article_6017.md,A new approach to enhancing metallurgical bonding via oxide scale fragmentation in cold-sprayed Ti6Al4V coatings
/home/sprice/coldspray_documents/documents/outputs/Article_6000/auto/Article_6000.md,Reconstructed oxide scale driving fracture behavior to improve cold spray bonding
/home/sprice/coldspray_documents/documents/outputs/Article_1403/auto/Article_1403.md,Development of protective MMC coating on TZM alloy for high temperature oxidation resistance by LPCS
/home/sprice/coldspray_documents/documents/outputs/Article_3469/auto/Article_3469.md,Microstructural Characterization of Conventional and Nanomaterial Copper Cold Spray Coatings
/home/sprice/coldspray_documents/documents/outputs/Article_5170/auto/Article_5170.md,Estimation of plastic anisotropy in Ni– $5 \%$ Al coatings via spherical indentation
/home/sprice/coldspray_documents/documents/outputs/Article_5253/auto/Article_5253.md,The influence of temperature gradient across YSZ on thermal cyclic lifetime of plasma-sprayed thermal barrier coatings
/home/sprice/coldspray_documents/documents/outputs/Article_2509/auto/Article_2509.md,Production of Titanium and Titanium Alloy Powders
/home/sprice/coldspray_documents/documents/outputs/Article_2257/auto/Article_2257.md,"An overview of surface modification, A way toward fabrication of nascent biomedical Tie6Ale4V alloys"
/home/sprice/coldspray_documents/documents/outputs/Article_2398/auto/Article_2398.md,Processing-microstructure-property correlations for temperature-controlled friction stir welding of 304L SS plates
/home/sprice/coldspray_documents/documents/outputs/Article_5378/auto/Article_5378.md,Blockchain in additive manufacturing processes: Recent trends & its future possibilities
/home/sprice/coldspray_documents/documents/outputs/Article_871/auto/Article_871.md,Surface modification of aluminium by graphene impregnation
/home/sprice/coldspray_documents/documents/outputs/Article_1919/auto/Article_1919.md,A numerical analysis of compressive residual stresses in cold gas dynamic spray (CGDS) deposition method
/home/sprice/coldspray_documents/documents/outputs/Article_5592/auto/Article_5592.md,17 Physical Agent Modalities
/home/sprice/coldspray_documents/documents/outputs/Article_686/auto/Article_686.md,Preparation of high performance Tie6Ale4V alloy thin strip by on-line warm rolling and study of its microstructure evolution and mechanical properties
/home/sprice/coldspray_documents/documents/outputs/Article_1106/auto/Article_1106.md,Investigation on reducing residual stress and optimizing performance of 2219 aluminum alloy friction stir welded joint by cold spraying
/home/sprice/coldspray_documents/documents/outputs/Article_5236/auto/Article_5236.md,Dry sliding friction and wear behavior of HVOF sprayed FeCrMnCoNi high entropy coatings (HECs) at room and elevated temperatures
/home/sprice/coldspray_documents/documents/outputs/Article_5487/auto/Article_5487.md,Anodization of magnesium (Mg) alloys to improve corrosion resistance
/home/sprice/coldspray_documents/documents/outputs/Article_1116/auto/Article_1116.md,Strengthening Ti₃SiC₂/Cu brazed joint assisted with cold spray additive manufacturing: Lower brazing temperature through interdiffusion and graded reinforcement for stress relaxation
/home/sprice/coldspray_documents/documents/outputs/Article_706/auto/Article_706.md,Microstructure and mechanical performance of cold spray Cr coatings
/home/sprice/coldspray_documents/documents/outputs/Article_749/auto/Article_749.md,Mechanical properties of cold-sprayed and thermally sprayed copper coatings
/home/sprice/coldspray_documents/documents/outputs/Article_5742/auto/Article_5742.md,Main Equipment
/home/sprice/coldspray_documents/documents/outputs/Article_5271/auto/Article_5271.md,Supersonic particle deposition as a means for enhancing the structural integrity of aircraft structures
/home/sprice/coldspray_documents/documents/outputs/Article_696/auto/Article_696.md,Impact toughness and fracture propagation mechanism of NiAl precipitation-strengthened HSLA steels
/home/sprice/coldspray_documents/documents/outputs/Article_5039/auto/Article_5039.md,A Smoothed Particle Hydrodynamics (SPH) procedure for simulating cold spray process - A study using particles
/home/sprice/coldspray_documents/documents/outputs/Article_3674/auto/Article_3674.md,Influence of particulate morphology on microstructure and tribological properties of cold sprayed A380/Al₂O₃ composite coatings
/home/sprice/coldspray_documents/documents/outputs/Article_2494/auto/Article_2494.md,Research progress in high-temperature thermo-mechanical behaviors for modelling Cr-coated cladding under loss-of-coolant accident condition
/home/sprice/coldspray_documents/documents/outputs/Article_5206/auto/Article_5206.md,A review on remanufacture of dies and moulds
/home/sprice/coldspray_documents/documents/outputs/Article_1815/auto/Article_1815.md,"Comparison of Microstructure, Microhardness, Fracture Toughness, and Abrasive Wear of WC-17Co Coatings Formed in Various Spraying Ways"
/home/sprice/coldspray_documents/documents/outputs/Article_2775/auto/Article_2775.md,Promoting osseointegration by in situ biosynthesis of metal ion-loaded bacterial cellulose coating on titanium surface
/home/sprice/coldspray_documents/documents/outputs/Article_251/auto/Article_251.md,A 4340 Steel with Superior Strength and Toughness Achieved by Heterostructure via Intercritical Quenching and Tempering
/home/sprice/coldspray_documents/documents/outputs/Article_3463/auto/Article_3463.md,Application of polymers for coating of proppant in hydraulic fracturing of subterraneous formations: A comprehensive review
/home/sprice/coldspray_documents/documents/outputs/Article_3426/auto/Article_3426.md,The effect of the standoff distance on the microstructure and mechanical properties of cold sprayed $\mathrm { C r } _ { 3 } \mathrm { C } _ { 2 } { \cdot } 2 5 ( \mathrm { N i } 2 0 \mathrm { C r } )$ coatings
/home/sprice/coldspray_documents/documents/outputs/Article_5517/auto/Article_5517.md,Study on the microstructure evolution and dynamic recrystallization mechanism of selective laser melted Inconel 718 alloy during hot deformation
/home/sprice/coldspray_documents/documents/outputs/Article_3165/auto/Article_3165.md,Investigation on the interface microstructure and phase composition of laser cladding pure copper coating
/home/sprice/coldspray_documents/documents/outputs/Article_6128/auto/Article_6128.md,Enhancing PEO coating on TC6 alloy through in-situ synthesis of MoSe2 —Towards more efficient wear-reducing lubrication and wear resistance
/home/sprice/coldspray_documents/documents/outputs/Article_3565/auto/Article_3565.md,ACTA MATERIALIA CONTENTS OF VOLUME 56
/home/sprice/coldspray_documents/documents/outputs/Article_1049/auto/Article_1049.md,Solid-state cold spraying of Ti and its alloys: A literature review
/home/sprice/coldspray_documents/documents/outputs/Article_5315/auto/Article_5315.md,Propagation feature of cracks in plasma-sprayed YSZ coatings under gradient thermal cycling
/home/sprice/coldspray_documents/documents/outputs/Article_928/auto/Article_928.md,Improving the adhesion of cold sprayed Al deposits through in-situ micro-forging
/home/sprice/coldspray_documents/documents/outputs/Article_2646/auto/Article_2646.md,A review on reinforced particles used on the production of FSP composites
/home/sprice/coldspray_documents/documents/outputs/Article_2372/auto/Article_2372.md,Fabrication and properties of mechanically milled alumina/aluminum nanocomposites
/home/sprice/coldspray_documents/documents/outputs/Article_5443/auto/Article_5443.md,Skin burns following cryotherapy in misdiagnosed pediatric injuries
/home/sprice/coldspray_documents/documents/outputs/Article_2132/auto/Article_2132.md,Effects of Nd:YAG Laser Surface Treatment on Tribological Properties of Cold-Sprayed Ti-6Al-4V Coatings Tested against 100Cr6 Steel under Dry Condition
/home/sprice/coldspray_documents/documents/outputs/Article_1248/auto/Article_1248.md,The Laser-assisted Cold Spray process and deposit characterisation
/home/sprice/coldspray_documents/documents/outputs/Article_2613/auto/Article_2613.md,Effect of Particle Morphology and Size Distribution on Cold-Sprayed Pure Titanium Coatings
/home/sprice/coldspray_documents/documents/outputs/Article_2914/auto/Article_2914.md,Study of structural stability at high temperature of pseudo-single tube with double layer as an alternative method for accident-tolerant fuel cladding
/home/sprice/coldspray_documents/documents/outputs/Article_699/auto/Article_699.md,Advancements in surface engineering: A comprehensive review of functionally graded coatings for biomaterial implants
/home/sprice/coldspray_documents/documents/outputs/Article_17/auto/Article_17.md,Effects of Process Parameters on Cold Spray Deposition of Al-6061 Alloy
/home/sprice/coldspray_documents/documents/outputs/Article_676/auto/Article_676.md,Manufacturing methods & characteristic analysis of zinc & its alloys for biomedical applications: A review
/home/sprice/coldspray_documents/documents/outputs/Article_1788/auto/Article_1788.md,Comprehensive study of microstructural evolution and strengthening mechanism of high-performance pure copper prepared by blue laser metal deposition (B-LMD)
/home/sprice/coldspray_documents/documents/outputs/Article_2058/auto/Article_2058.md,On the role of substrate temperature into bonding mechanism of cold sprayed Titanium Dioxide
/home/sprice/coldspray_documents/documents/outputs/Article_1629/auto/Article_1629.md,Local microstructure inhomogeneity and gas temperature effect in in-situ shot-peening assisted cold-sprayed Ti-6Al-4V coating
/home/sprice/coldspray_documents/documents/outputs/Article_2606/auto/Article_2606.md,Interfacial heating during low-pressure cold-gas dynamic spraying of aluminum coatings
/home/sprice/coldspray_documents/documents/outputs/Article_1592/auto/Article_1592.md,Characterization of Cold-Spray Coatings on Fiber-Reinforced Polymers through Nanoindentation Tests
/home/sprice/coldspray_documents/documents/outputs/Article_2371/auto/Article_2371.md,Magnesium research in Canada: Highlights of the last two decades
/home/sprice/coldspray_documents/documents/outputs/Article_572/auto/Article_572.md,"Effect of cold work, second phase precipitation and heat treatments on the mechanical properties of copper–silver alloys manufactured by cold spray"
/home/sprice/coldspray_documents/documents/outputs/Article_3329/auto/Article_3329.md,Al–AlN composite coatings on AZ31 magnesium alloy for surface hardening and corrosion resistance
/home/sprice/coldspray_documents/documents/outputs/Article_1605/auto/Article_1605.md,Improving Surface Properties of AlSi10Mg Fabricated by Cold Spray: Mechanical Milling is a Tool for Fabrication of Composite ZrN/AlSi10Mg Particles
/home/sprice/coldspray_documents/documents/outputs/Article_1394/auto/Article_1394.md,Synchrotron X-ray diffraction studies of the internal load transfer in Ni–CrC metal matrix composites
/home/sprice/coldspray_documents/documents/outputs/Article_5798/auto/Article_5798.md,The rebound phenomenon in kinetic spraying deposition
/home/sprice/coldspray_documents/documents/outputs/Article_3630/auto/Article_3630.md,"Influence of $\mathrm { { A l } } _ { 2 } \mathrm { { O } } _ { 3 }$ content on microstructure, electrical conductivity and adhesion strength of cold sprayed Al- ${ \mathrm { A l } } _ { 2 } { \mathrm { O } } _ { 3 }$ coatings on PEEK substrate"
/home/sprice/coldspray_documents/documents/outputs/Article_3647/auto/Article_3647.md,Exploring thermal dynamics and porosity of cold-sprayed Ti-6Al-4V coatings on Al6061-T6 substrates: A pulsed thermography and numerical modeling approach✩
/home/sprice/coldspray_documents/documents/outputs/Article_1133/auto/Article_1133.md,Thermal conductivity and wear resistance of cold sprayed Cu-ceramic phase composite coating
/home/sprice/coldspray_documents/documents/outputs/Article_1172/auto/Article_1172.md,A novel method for metal–diamond composite coating deposition with cold spray and formation mechanism
/home/sprice/coldspray_documents/documents/outputs/Article_605/auto/Article_605.md,"Hybrid interlayer hot rolling and wire arc additive manufacturing of Al-Mg alloy: Microstructure, mechanical properties and strengthening mechanism"
/home/sprice/coldspray_documents/documents/outputs/Article_2423/auto/Article_2423.md,Evolution of the Microstructure by High Velocity Impacts of Particles by Cold Spray
/home/sprice/coldspray_documents/documents/outputs/Article_2448/auto/Article_2448.md,Review Scaffolds for bone-tissue engineering
/home/sprice/coldspray_documents/documents/outputs/Article_1438/auto/Article_1438.md,Characterization and Modification of Tensile Strength Property of Cold-Sprayed Pure Iron Coating with Fine Crystal Grains
/home/sprice/coldspray_documents/documents/outputs/Article_1378/auto/Article_1378.md,Effect of addition of Al₂O₃ on the high-temperature solid particle erosion behaviour of HVOF sprayed Inconel-718 coatings
/home/sprice/coldspray_documents/documents/outputs/Article_3172/auto/Article_3172.md,Influence of phase composition and microstructure on corrosion behavior of laser based TieCoeNi ternary coatings on Tie6Ale4V alloy
/home/sprice/coldspray_documents/documents/outputs/Article_25/auto/Article_25.md,Solid-state additive manufacturing high performance aluminum alloy 6061 enabled by an in-situ micro-forging assisted cold spray
/home/sprice/coldspray_documents/documents/outputs/Article_269/auto/Article_269.md,Structural analysis and mechanical properties of some coatings obtained by cold spray method. A review
/home/sprice/coldspray_documents/documents/outputs/Article_5306/auto/Article_5306.md,Optimization of W/Cu monoblock mock-up with FGM interlayer for CFETR devertor targets
/home/sprice/coldspray_documents/documents/outputs/Article_6090/auto/Article_6090.md,Additive manufacturing of complex structures and flow channels using wire-arc thermal spray
/home/sprice/coldspray_documents/documents/outputs/Article_3491/auto/Article_3491.md,Investigation of Mechanical Properties and Binding Mechanism of Metal Based SLS Prototype Coated with Ceramics using High Velocity Oxy Fuel
/home/sprice/coldspray_documents/documents/outputs/Article_1077/auto/Article_1077.md,Microstructural evolutions and mechanical characteristics of Ti/steel clad plates fabricated through cold spray additive manufacturing followed by hot-rolling and annealing
/home/sprice/coldspray_documents/documents/outputs/Article_6069/auto/Article_6069.md,"Enhancing corrosion resistance of nickel-based alloys: A review of alloying, surface treatments, and environmental effects"
/home/sprice/coldspray_documents/documents/outputs/Article_2739/auto/Article_2739.md,Effects of Substrate Hardness and Spray Angle on the Deposition Behavior of Cold-Sprayed Ti Particles
/home/sprice/coldspray_documents/documents/outputs/Article_1091/auto/Article_1091.md,Enhancing the longevity of magnesium implants with cold-sprayed Ta/Ag coatings: Optimization of corrosion and wear resistance
/home/sprice/coldspray_documents/documents/outputs/Article_46/auto/Article_46.md,Thermal Preprocessing of Rapidly Solidified Al 6061 Feedstock for Tunable Cold Spray Additive Manufacturing
/home/sprice/coldspray_documents/documents/outputs/Article_1366/auto/Article_1366.md,Mechanical properties of Inconel 625 cold-sprayed coatings after laser remelting. Depth sensing indentation analysis
/home/sprice/coldspray_documents/documents/outputs/Article_1283/auto/Article_1283.md,"Effect of annealing on microstructure, shear and tensile strength of diffusion bonded FeCrAl/Zy4 clad plate"
/home/sprice/coldspray_documents/documents/outputs/Article_946/auto/Article_946.md,On the microstructure-dependency of mechanical properties and failure of low-pressure cold-sprayed tungsten carbide-nickel metal matrix composite coatings
/home/sprice/coldspray_documents/documents/outputs/Article_5104/auto/Article_5104.md,Laser marking of titanium coating for aerospace applications
/home/sprice/coldspray_documents/documents/outputs/Article_2329/auto/Article_2329.md,WC-Ti Coatings Deposited Via Cold Gas Spray and Modified by Laser and Furnace Heat Treatments
/home/sprice/coldspray_documents/documents/outputs/Article_889/auto/Article_889.md,Microstructural stability of Ti-TiC satellites in aerosol cold-sprayed titanium coatings☆
/home/sprice/coldspray_documents/documents/outputs/Article_3496/auto/Article_3496.md,"Influence of spray parameters on particle deposition behaviour, microstructure, phase constitutions, and mechanical properties of high velocity oxy-fuel sprayed WC-Cr₃C₂-Co coatings"
/home/sprice/coldspray_documents/documents/outputs/Article_285/auto/Article_285.md,A Review of Advances in Cold Spray Additive Manufacturing
/home/sprice/coldspray_documents/documents/outputs/Article_2826/auto/Article_2826.md,"Effect of copper addition on the microstructure, wear resistance, anti-corrosion and antibacterial behavior of laser cladding CoCrW coatings in marine environment"
/home/sprice/coldspray_documents/documents/outputs/Article_1391/auto/Article_1391.md,Structure-property correlation and high-temperature erosion performance of Inconel ${ 5 2 5 - A l _ { 2 } O _ { 3 } }$ plasma-sprayed bimodal composite coatings
/home/sprice/coldspray_documents/documents/outputs/Article_2570/auto/Article_2570.md,Characterization of microstructural and corrosion behavior of cold sprayed Zn11Al3Mg alloy coating
/home/sprice/coldspray_documents/documents/outputs/Article_1030/auto/Article_1030.md,Solid-state additive manufacturing and repairing by cold spraying: A review
/home/sprice/coldspray_documents/documents/outputs/Article_2395/auto/Article_2395.md,"Micro-pillar compression of proton-irradiated chromium examined using cross-sectional site selection, electron microscopy, and molecular dynamics simulation"
/home/sprice/coldspray_documents/documents/outputs/Article_2127/auto/Article_2127.md,Microstructure and Microhardness of Ni/Al-TiB2 Composite Coatings Prepared by Cold Spraying Combined with Postannealing Treatment
/home/sprice/coldspray_documents/documents/outputs/Article_2732/auto/Article_2732.md,Effect of Substrate Preheating on Bonding Strength of Cold-Sprayed Mg Coatings
/home/sprice/coldspray_documents/documents/outputs/Article_977/auto/Article_977.md,"Mechanical milling/alloying, characterization and phase formation prediction of Al0.1–0.5(Mn)CoCrCuFeNi-HEA powder feedstocks for cold spray deposition processing"
/home/sprice/coldspray_documents/documents/outputs/Article_5686/auto/Article_5686.md,Numerical simulation and parameter sensitivity analysis of multi-particle deposition behavior in HVAF spraying
/home/sprice/coldspray_documents/documents/outputs/Article_6108/auto/Article_6108.md,Subject Index
/home/sprice/coldspray_documents/documents/outputs/Article_289/auto/Article_289.md,Near surface transformations of stainless steel cold spray and laser cladding deposits after turning and ball-burnishing
/home/sprice/coldspray_documents/documents/outputs/Article_2222/auto/Article_2222.md,Influence of Powder Morphology and Microstructure on the Cold Spray and Mechanical Properties of Ti6Al4V Coatings
/home/sprice/coldspray_documents/documents/outputs/Article_853/auto/Article_853.md,Research progress in the preparation of electromagnetic wave absorbing and corrosion resistant nanofiber materials by electrospinning
/home/sprice/coldspray_documents/documents/outputs/Article_1804/auto/Article_1804.md,Local wear resistance of Inconel 625 coatings processed by different thermal techniques: A comparative study
/home/sprice/coldspray_documents/documents/outputs/Article_3416/auto/Article_3416.md,By invitation only: overview article Cold spraying – A materials perspective
/home/sprice/coldspray_documents/documents/outputs/Article_1171/auto/Article_1171.md,Effect of increase in Nano-particle Addition on Mechanical and Microstructural Behaviour of HVOF and Cold-Spray Ni-20Cr Coatings on Boiler Steels
/home/sprice/coldspray_documents/documents/outputs/Article_3268/auto/Article_3268.md,Elevated temperature wear behavior of thermally sprayed WC-Co/nanodiamond composite coatings
/home/sprice/coldspray_documents/documents/outputs/Article_6031/auto/Article_6031.md,Aerosol-assisted low-pressure cold spraying of $\mathrm { T i O } _ { 2 }$ suspension
/home/sprice/coldspray_documents/documents/outputs/Article_2254/auto/Article_2254.md,Releasing kinetics of dissolved copper and antifouling mechanism of cold sprayed copper composite coatings for submarine screen doors of ships
/home/sprice/coldspray_documents/documents/outputs/Article_3109/auto/Article_3109.md,Microstructure and corrosion properties of laser remelted CrFeCoNi and CrMnFeCoNi high entropy alloys coatings
/home/sprice/coldspray_documents/documents/outputs/Article_2660/auto/Article_2660.md,Characterization and mechanical properties of stainless steel coatings deposited by HVOF on ZE41 magnesium alloy
/home/sprice/coldspray_documents/documents/outputs/Article_1036/auto/Article_1036.md,Unraveling the influence of Al particle size on microstructure and tribological properties of cold sprayed Al/B4C composite coatings
/home/sprice/coldspray_documents/documents/outputs/Article_3028/auto/Article_3028.md,Repair of Damaged Mold Surface by Cold-Spray Method
/home/sprice/coldspray_documents/documents/outputs/Article_3153/auto/Article_3153.md,Microstructure and high temperature tribological properties of copper-based graphite composite coatings reinforced with in-situ $\mathrm { F e } _ { 3 } \mathrm { C }$
/home/sprice/coldspray_documents/documents/outputs/Article_2141/auto/Article_2141.md,Properties of the protective powder coating made on the basis of nickel and received by the cold spray method
/home/sprice/coldspray_documents/documents/outputs/Article_2219/auto/Article_2219.md,"A state-of-art review on functionally graded materials (FGMs) manufactured by 3D printing techniques: Advantages, existing challenges, and future scope"
/home/sprice/coldspray_documents/documents/outputs/Article_5605/auto/Article_5605.md,Progress in visible-light-activated photocatalytic coatings to combat implant-related infections: From mechanistic to translational roadmap
/home/sprice/coldspray_documents/documents/outputs/Article_3191/auto/Article_3191.md,Utilization of ball-milled powders 12 for surface protective coating
/home/sprice/coldspray_documents/documents/outputs/Article_1842/auto/Article_1842.md,Cold-Sprayed Cu-Zn-Al2O3 Coating on Magnesium Alloy: Enhanced Microhardness and Corrosion Behavior
/home/sprice/coldspray_documents/documents/outputs/Article_1187/auto/Article_1187.md,Influence of powder injection point position on efficiency of powder preheating in cold spray: Numerical study
/home/sprice/coldspray_documents/documents/outputs/Article_3629/auto/Article_3629.md,The effect of the standoff distance on the microstructure and mechanical properties of cold sprayed $\mathrm{Cr}_{3}\mathrm{C}_{2}\!\cdot\!25(\mathrm{Ni}20\mathrm{Cr})$ coatings
/home/sprice/coldspray_documents/documents/outputs/Article_1145/auto/Article_1145.md,The connections between powder variability and coating microstructures for cold spray deposition of austenitic stainless steel
/home/sprice/coldspray_documents/documents/outputs/Article_3451/auto/Article_3451.md,Effect of carbide ceramics and coke on the properties of dispersion strengthened aluminium-silicon7-magnesium hybrid composites
/home/sprice/coldspray_documents/documents/outputs/Article_1723/auto/Article_1723.md,Effect of Particle Incident Angle on the Hardness and Thermal Conductivity of Cu Coating Applied to a Cr-Zr-Cu Substrate using High-Pressure Cold Spray
/home/sprice/coldspray_documents/documents/outputs/Article_2655/auto/Article_2655.md,"Design, preparation and application of high-performance PVDF-based piezoelectric nanogenerators"
/home/sprice/coldspray_documents/documents/outputs/Article_5689/auto/Article_5689.md,Improvement in hot dip galvanized coating microstructure and properties by pre-metallic deposition on steel surface: A comprehensive review
/home/sprice/coldspray_documents/documents/outputs/Article_2037/auto/Article_2037.md,Study of Small Polyimide Open Size in Contact Resistance and Reliability For Flip Chip Cu Pillar Package
/home/sprice/coldspray_documents/documents/outputs/Article_5820/auto/Article_5820.md,Abattoir hygiene
/home/sprice/coldspray_documents/documents/outputs/Article_2656/auto/Article_2656.md,"Hybrid construction featuring wire arc additive manufacturing: review, concepts, challenges and opportunities"
/home/sprice/coldspray_documents/documents/outputs/Article_3474/auto/Article_3474.md,Slurry erosion performance of Ni–Al₂O₃ based composite coatings
/home/sprice/coldspray_documents/documents/outputs/Article_665/auto/Article_665.md,Fracture of Ni-Cr-Si-B thermal sprayed and fused reciprocating pump rods during straightening
/home/sprice/coldspray_documents/documents/outputs/Article_2373/auto/Article_2373.md,Heat treatment for metal additive manufacturing
/home/sprice/coldspray_documents/documents/outputs/Article_753/auto/Article_753.md,"Investigating of the microstructure, mechanical properties and corrosion behavior of CoCrFeMnNiSix high entropy alloy thin films deposited by co-sputtering method"
/home/sprice/coldspray_documents/documents/outputs/Article_3589/auto/Article_3589.md,Beyond Nano and the Environment: The Implications of 21st Century Innovation on Safety and Security
/home/sprice/coldspray_documents/documents/outputs/Article_1558/auto/Article_1558.md,New insights into the coating/substrate interfacial bonding mechanism in cold spray
/home/sprice/coldspray_documents/documents/outputs/Article_3422/auto/Article_3422.md,Subject index to volume 135C–146C
/home/sprice/coldspray_documents/documents/outputs/Article_6112/auto/Article_6112.md,Grain refinement in metal microparticles subjected to high impact velocities
/home/sprice/coldspray_documents/documents/outputs/Article_3138/auto/Article_3138.md,In-depth understanding of material flow behavior and refinement mechanism during bobbin tool friction stir welding
/home/sprice/coldspray_documents/documents/outputs/Article_265/auto/Article_265.md,Effect of Particle Morphology on Cold Spray Deposition of Chromium Carbide-Nickel Chromium Cermet Powders
/home/sprice/coldspray_documents/documents/outputs/Article_3519/auto/Article_3519.md,Wear Behavior of Environmentally Acceptable Alternatives to Chromium Coatings: Nickel-Based Candidates
/home/sprice/coldspray_documents/documents/outputs/Article_657/auto/Article_657.md,Review on the preparation methods and strengthening mechanisms of medium-entropy alloys with CoCrNi as the main focus
/home/sprice/coldspray_documents/documents/outputs/Article_5684/auto/Article_5684.md,A Multiscale Adhesion Model for Deposition Prediction in Laser Enhanced Nanoparticle Deposition Process
/home/sprice/coldspray_documents/documents/outputs/Article_5016/auto/Article_5016.md,Saltwater corrosion behavior of cold sprayed AA7075 aluminum alloy coatings
/home/sprice/coldspray_documents/documents/outputs/Article_5069/auto/Article_5069.md,Energetic intermetallic materials formed by cold spray
/home/sprice/coldspray_documents/documents/outputs/Article_1941/auto/Article_1941.md,"Effect of heat treatment patterns on porosity, microstructure, and mechanical properties of selective laser melted TiB2/Al–Si–Mg composite"
/home/sprice/coldspray_documents/documents/outputs/Article_36/auto/Article_36.md,Microstructural Evolution of 6061 Aluminum Gas-Atomized Powder and High-Pressure Cold-Sprayed Deposition
/home/sprice/coldspray_documents/documents/outputs/Article_1462/auto/Article_1462.md,Influence of annealing treatment on the microstructure and mechanical performance of cold sprayed 304 stainless steel coating
/home/sprice/coldspray_documents/documents/outputs/Article_1231/auto/Article_1231.md,Manufacturing of metal matrix composites: A state of review
/home/sprice/coldspray_documents/documents/outputs/Article_3609/auto/Article_3609.md,"Investigation on Microstructures, Hardness, Friction, and Wear of Cold Sprayed Ti6Al4V Coatings With Coating Thickness of 100-3000 µm"
/home/sprice/coldspray_documents/documents/outputs/Article_1359/auto/Article_1359.md,Cold spray technology in nuclear energy applications: A review of recent advances
/home/sprice/coldspray_documents/documents/outputs/Article_913/auto/Article_913.md,Optimization and microstructure analysis of Corten steel joint in mag welding by post heat treatment
/home/sprice/coldspray_documents/documents/outputs/Article_2836/auto/Article_2836.md,Application of Cold Gas Dynamic Spraying as an Additive Technology for Producing Materials Based on Nickel Aluminide and Titanium Aluminide
/home/sprice/coldspray_documents/documents/outputs/Article_1970/auto/Article_1970.md,Optimization of 316L stainless steel coatings on light alloys using Cold Gas Spray
/home/sprice/coldspray_documents/documents/outputs/Article_2066/auto/Article_2066.md,Quantitative determination of SiC particles distribution of cold sprayed Al5056/ SiC composite coatings
/home/sprice/coldspray_documents/documents/outputs/Article_2807/auto/Article_2807.md,Development of a finite element model to study the effect of temperature on erosion resistance of polyurethane elastomers
/home/sprice/coldspray_documents/documents/outputs/Article_3151/auto/Article_3151.md,CFD numerical simulation of melt flow and weld pool formation in semiconductor laser direct welding of 6061 aluminium alloy with PET based on surface microtextured
/home/sprice/coldspray_documents/documents/outputs/Article_1327/auto/Article_1327.md,Microstructure and wear properties of cold-sprayed NiCr-Tribaloy (T800) coating on Nimonic 80A
/home/sprice/coldspray_documents/documents/outputs/Article_3041/auto/Article_3041.md,ADHESION OF A PLASTIC PARTICLE TO A SUBSTRATE UPON HIGH-SPEED COLLISION: A THEORETICAL MODEL
/home/sprice/coldspray_documents/documents/outputs/Article_925/auto/Article_925.md,Thermo-mechanical post-treatment: A strategic approach to improve microstructure and mechanical properties of cold spray additively manufactured composites
/home/sprice/coldspray_documents/documents/outputs/Article_2936/auto/Article_2936.md,"Advances in test and measurement of the interface adhesion and bond strengths in coating-substrate systems, emphasising blister and bulk techniques"
/home/sprice/coldspray_documents/documents/outputs/Article_3090/auto/Article_3090.md,Acoustoplastic metal direct-write: Towards solid aluminum 3D printing in ambient conditions
/home/sprice/coldspray_documents/documents/outputs/Article_3036/auto/Article_3036.md,Experimental Study of Shot Peening Followed by Cold Spray Coating on Residual Stresses of the Treated Parts
/home/sprice/coldspray_documents/documents/outputs/Article_5111/auto/Article_5111.md,An innovative model coupling TGO growth and crack propagation for the failure assessment of lamellar structured thermal barrier coatings
/home/sprice/coldspray_documents/documents/outputs/Article_1566/auto/Article_1566.md,The effect of traverse speed on deposition efficiency of cold sprayed Stellite 21
/home/sprice/coldspray_documents/documents/outputs/Article_2686/auto/Article_2686.md,Metallization of Al₂O₃ ceramic with Mg by friction stir spot welding
/home/sprice/coldspray_documents/documents/outputs/Article_2844/auto/Article_2844.md,Material selection for cryogenically cooled toroidal field coils of the COMPASS-U tokamak
/home/sprice/coldspray_documents/documents/outputs/Article_2121/auto/Article_2121.md,Wear and Corrosion Resistance of Cold-Sprayed Cu-Based Composite Coatings on Magnesium Substrate
/home/sprice/coldspray_documents/documents/outputs/Article_5404/auto/Article_5404.md,A numerical model of severe shot peening (SSP) to predict the generation of a nanostructured surface layer of material
/home/sprice/coldspray_documents/documents/outputs/Article_1536/auto/Article_1536.md,Essential Factors Influencing the Bonding Strength of ColdSprayed Aluminum Coatings on Ceramic Substrates
/home/sprice/coldspray_documents/documents/outputs/Article_1586/auto/Article_1586.md,The Elastic Modulus of Cold Spray Coatings: Influence of Inter-splat Boundary Cracking
/home/sprice/coldspray_documents/documents/outputs/Article_1853/auto/Article_1853.md,Enhanced surface quality and properties of cold spray Al coating by high current pulsed electron beam treatment
/home/sprice/coldspray_documents/documents/outputs/Article_5654/auto/Article_5654.md,"A review on laser-assisted manufacturing process of thermoset composites: A review of fundamentals, processes, scientific modelling, challenges and prospective"
/home/sprice/coldspray_documents/documents/outputs/Article_1040/auto/Article_1040.md,Microstructure and performance of cold sprayed Al-SiC composite coatings with high fraction of particulates
/home/sprice/coldspray_documents/documents/outputs/Article_5385/auto/Article_5385.md,Ultrasonic Inspection
/home/sprice/coldspray_documents/documents/outputs/Article_3537/auto/Article_3537.md,A new method for thermal spraying of Zn–Al coatings
/home/sprice/coldspray_documents/documents/outputs/Article_2317/auto/Article_2317.md,Cold-Sprayed Aluminum-Silica Composite Coatings Enhance Antiwear/Anticorrosion Performances of AZ31 Magnesium Alloy
/home/sprice/coldspray_documents/documents/outputs/Article_1085/auto/Article_1085.md,A new strategy to prepare alumina-zirconia composite or multilayered coatings by combining cold-spray deposition and plasma electrolytic oxidation
/home/sprice/coldspray_documents/documents/outputs/Article_5477/auto/Article_5477.md,The rebound law of micro-particle on amorphous alloys under high impact velocities
/home/sprice/coldspray_documents/documents/outputs/Article_2281/auto/Article_2281.md,Metallisation of polycarbonates using a low pressure cold spray method
/home/sprice/coldspray_documents/documents/outputs/Article_3672/auto/Article_3672.md,Effects of long-time annealing on the microstructures and shear tensile strengths of diffusion-bonded FeCrAl/N18 clad plates
/home/sprice/coldspray_documents/documents/outputs/Article_542/auto/Article_542.md,Synthesis of nanodiamond-reinforced aluminum metal composite powders and coatings using high-energy ball milling and cold spray
/home/sprice/coldspray_documents/documents/outputs/Article_136/auto/Article_136.md,Study on relieving residual stress of friction stir welded joint of 2219 aluminum alloy using cold spraying
/home/sprice/coldspray_documents/documents/outputs/Article_3236/auto/Article_3236.md,Microstructures and wear-corrosion performance of vacuum plasma sprayed and cold gas dynamic sprayed Muntz alloy coatings
/home/sprice/coldspray_documents/documents/outputs/Article_1029/auto/Article_1029.md,Interfacial oxidation and boundary amorphization deposition mechanisms of GaN powder on metallic substrate by low-pressure cold spraying
/home/sprice/coldspray_documents/documents/outputs/Article_5461/auto/Article_5461.md,Protective thermal spray coatings for TES applications in CSP plants☆
/home/sprice/coldspray_documents/documents/outputs/Article_2346/auto/Article_2346.md,Cold sprayed W/Ni/Fe alloy coating: Microstructure and mechanical properties
/home/sprice/coldspray_documents/documents/outputs/Article_618/auto/Article_618.md,Production of Aluminum Alloy Powders
/home/sprice/coldspray_documents/documents/outputs/Article_697/auto/Article_697.md,Size effect of local single-crystal-layered ultrathin nickel-based superalloy GH4145 strip
/home/sprice/coldspray_documents/documents/outputs/Article_2543/auto/Article_2543.md,Computational analysis of the influence of thermal residual stresses on the strength of metal-matrix composites
/home/sprice/coldspray_documents/documents/outputs/Article_1226/auto/Article_1226.md,Pressureless sintering of cold sprayed Inconel 718 deposit
/home/sprice/coldspray_documents/documents/outputs/Article_3254/auto/Article_3254.md,High strain rate dynamic compressive properties and deformation behavior of Al matrix composite foams reinforced by in-situ grown carbon nanotubes
/home/sprice/coldspray_documents/documents/outputs/Article_3093/auto/Article_3093.md,High velocity air fuel (HVAF) spraying of nickel phosphorus-coated cubic-boron nitride powders for realizing high-performance tribological coatings
/home/sprice/coldspray_documents/documents/outputs/Article_5734/auto/Article_5734.md,Welding processes for wear resistant overlays
/home/sprice/coldspray_documents/documents/outputs/Article_2971/auto/Article_2971.md,Influence of anions in phosphate and tetraborate electrolytes on growth kinetics of microarc oxidation coatings on Ti6Al4V alloy
/home/sprice/coldspray_documents/documents/outputs/Article_140/auto/Article_140.md,Microstructure and mechanical properties of cold spray additive manufactured and post heat treated high-entropy alloys with mixed CoCrFeNi and Ti powders
/home/sprice/coldspray_documents/documents/outputs/Article_5657/auto/Article_5657.md,Deposition efficiency of barium hexaferrite by aerosol deposition
/home/sprice/coldspray_documents/documents/outputs/Article_5523/auto/Article_5523.md,Microstructure and wear behavior of spherical NbC hardmetals with nickel-based binders on AISI 4145H steel
/home/sprice/coldspray_documents/documents/outputs/Article_1117/auto/Article_1117.md,Investigations on cold spray tungsten/tantalum coatings for plasma facing applications
/home/sprice/coldspray_documents/documents/outputs/Article_2648/auto/Article_2648.md,Triboactive coatings for wear and friction reduction in chain drives
/home/sprice/coldspray_documents/documents/outputs/Article_2740/auto/Article_2740.md,Heat treatment effect on microstructural evolution of cold spray additive manufacturing Ti6Al4V
/home/sprice/coldspray_documents/documents/outputs/Article_5390/auto/Article_5390.md,"Microstructure and friction coefficient of ceramic (TiC, TiN and B₄C) reinforced Ni-based coating by laser cladding"
/home/sprice/coldspray_documents/documents/outputs/Article_5804/auto/Article_5804.md,Effects of process parameters of vacuum pre-oxidation on the microstructural evolution of CoCrAlY coating deposited by HVOF
/home/sprice/coldspray_documents/documents/outputs/Article_5777/auto/Article_5777.md,Nanocarbon materials for lithium-ion battery anodes: Review
/home/sprice/coldspray_documents/documents/outputs/Article_695/auto/Article_695.md,Effect of cold spray deposition on fatigue strength of arc-welded ultra-high strength steel sheet
/home/sprice/coldspray_documents/documents/outputs/Article_3270/auto/Article_3270.md,Microstructures and mechanical properties of CoCrFeNiMn high-entropy alloy coatings by detonation spraying
/home/sprice/coldspray_documents/documents/outputs/Article_1246/auto/Article_1246.md,Experimental Evaluation of Metallic Coating on Polymer by Cold Spray
/home/sprice/coldspray_documents/documents/outputs/Article_2085/auto/Article_2085.md,Metal Matrix Composites Using Diamond-like Carbon-Coated Particles Fabricated by Cold Spray Technique
/home/sprice/coldspray_documents/documents/outputs/Article_2886/auto/Article_2886.md,Achieving density and strength in lightweight PM alloys
/home/sprice/coldspray_documents/documents/outputs/Article_3671/auto/Article_3671.md,Effect of Annealing Treatment on the Microstructure and Properties of Cold-Sprayed Cu Coating
/home/sprice/coldspray_documents/documents/outputs/Article_576/auto/Article_576.md,Manufacturing of high strength bimetallic section steel with hot-rolling process
/home/sprice/coldspray_documents/documents/outputs/Article_127/auto/Article_127.md,Application of Plasma Sprayed Cu Intermediate Layers in the Soldering Process of Graphite Composite to 6060 Aluminum Alloy
/home/sprice/coldspray_documents/documents/outputs/Article_1912/auto/Article_1912.md,High-performance functional coatings manufactured by integrated extremely high-speed-rate laser directed energy deposition with interlayer remelting
/home/sprice/coldspray_documents/documents/outputs/Article_2434/auto/Article_2434.md,"Progress in the preparation, forming and machining of metallic glasses"
/home/sprice/coldspray_documents/documents/outputs/Article_2071/auto/Article_2071.md,"Comparative Study on the Cavitation Erosion and Sliding Wear of Cold-Sprayed Al/Al₂O₃ and Cu/Al₂O₃ Coatings, and Stainless Steel, Aluminium Alloy, Copper and Brass"
/home/sprice/coldspray_documents/documents/outputs/Article_5032/auto/Article_5032.md,Image driven analysis of plates coated by cold spray coating process using a layerwise approach
/home/sprice/coldspray_documents/documents/outputs/Article_711/auto/Article_711.md,Experimental and numerical investigation on cyclic mechanical properties of high-strength steel (HSS) after corrosion damage
/home/sprice/coldspray_documents/documents/outputs/Article_1983/auto/Article_1983.md,Post-LOCA ductility of Cr-coated cladding and its embrittlement limit
/home/sprice/coldspray_documents/documents/outputs/Article_1844/auto/Article_1844.md,The effect of process temperature and powder composition on microstructure and mechanical characteristics of low-pressure cold spraying aluminum-based coatings
/home/sprice/coldspray_documents/documents/outputs/Article_1254/auto/Article_1254.md,Corrosion and wear resistant WC17Co-TC4 composite coatings with fully dense microstructure enabled by in-situ forging of the large-sized WC17Co particles in cold spray
/home/sprice/coldspray_documents/documents/outputs/Article_5554/auto/Article_5554.md,Strategic defenses: A review of novel approaches to combat nosocomial infections on medical implants
/home/sprice/coldspray_documents/documents/outputs/Article_3401/auto/Article_3401.md,Nanostructured TiNb coating improves the bioactivity of 3D printed PEEK
/home/sprice/coldspray_documents/documents/outputs/Article_5577/auto/Article_5577.md,Substrate bias effects on mechanical properties and high temperature oxidation performance of sputtered TiN-coated Zr-4
/home/sprice/coldspray_documents/documents/outputs/Article_5397/auto/Article_5397.md,Deposition and properties of plasma sprayed NiCrCoMo–TiC composite coatings
/home/sprice/coldspray_documents/documents/outputs/Article_1070/auto/Article_1070.md,Tuning the mechanical properties of CrCoFeMnNi high entropy alloy via cold spray additive manufacturing associated with heat treatment
/home/sprice/coldspray_documents/documents/outputs/Article_2949/auto/Article_2949.md,Review of manufacturing technologies for coated accident tolerant fuel cladding
/home/sprice/coldspray_documents/documents/outputs/Article_2221/auto/Article_2221.md,Effects of Post-spray Heat Treatment on Hardness and Wear Properties of Ti-WC High-Pressure Cold Spray Coatings
/home/sprice/coldspray_documents/documents/outputs/Article_2365/auto/Article_2365.md,High bonding strength of Ti /steel clad plates prepared by a developed electromagnetic induction heating followed by rolling
/home/sprice/coldspray_documents/documents/outputs/Article_1428/auto/Article_1428.md,Effects of reducing environments on aging behavior and performance of air plasma-sprayed yttria-stabilized zirconia thermal barrier coatings
/home/sprice/coldspray_documents/documents/outputs/Article_5008/auto/Article_5008.md,"Influence of Al2O3 content on microstructure, electrical conductivity and adhesion strength of cold sprayed Al–Al2O3 coatings on PEEK substrate"
/home/sprice/coldspray_documents/documents/outputs/Article_1015/auto/Article_1015.md,Cold spray economics
/home/sprice/coldspray_documents/documents/outputs/Article_1124/auto/Article_1124.md,Microstructure and properties of Cu–Cr coatings deposited by cold spraying
/home/sprice/coldspray_documents/documents/outputs/Article_1715/auto/Article_1715.md,Cold-spray repair of CuCrZr crystallizers: Effect of substrate pretreatment
/home/sprice/coldspray_documents/documents/outputs/Article_2985/auto/Article_2985.md,Thermal spray copper-based coatings against contamination of thermoplastic surfaces: A systematic review
/home/sprice/coldspray_documents/documents/outputs/Article_6109/auto/Article_6109.md,Deposition of High-Entropy Alloy (HEA) coatings by HVOF and cold gas spray
/home/sprice/coldspray_documents/documents/outputs/Article_2590/auto/Article_2590.md,Mechanical behavior of Ti cold spray coatings determined by a multi-scale indentation method
/home/sprice/coldspray_documents/documents/outputs/Article_2082/auto/Article_2082.md,A Review of the Mechanical and Tribological Behavior of Cold Spray Metal Matrix Composites
/home/sprice/coldspray_documents/documents/outputs/Article_3280/auto/Article_3280.md,Investigating microstructural evolution in SolidStir™ extruded oxide dispersion strengthened 14YWT alloy fuel cladding tube
/home/sprice/coldspray_documents/documents/outputs/Article_2249/auto/Article_2249.md,Laser assisted cold spray of Fe–Ni–Zr oxide dispersion strengthened steel
/home/sprice/coldspray_documents/documents/outputs/Article_2220/auto/Article_2220.md,Effects of Traverse Scanning Speed of Spray Nozzle on the Microstructure and Mechanical Properties of Cold-Sprayed Ti6Al4V Coatings
/home/sprice/coldspray_documents/documents/outputs/Article_2017/auto/Article_2017.md,THE REPAIR OF INCONEL 713LC TURBINE BLADE WITH ARTIFICIAL DEFECTS BY COLDSPRAY TECHNOLOGY
/home/sprice/coldspray_documents/documents/outputs/Article_650/auto/Article_650.md,Synthesis of nanodiamond-reinforced aluminum metal matrix composites using cold-spray deposition
/home/sprice/coldspray_documents/documents/outputs/Article_3486/auto/Article_3486.md,3D microstructure and anti-oxidation behavior of porous CoAl intermetallic fabricated by rapid thermal explosion
/home/sprice/coldspray_documents/documents/outputs/Article_909/auto/Article_909.md,CNT-reinforced metal and steel nanocomposites: A comprehensive assessment of progress and future directions
/home/sprice/coldspray_documents/documents/outputs/Article_2300/auto/Article_2300.md,Microstructure and High-Temperature Oxidation Behavior of Cold Gas-sprayed Ni-Al2O3 Coatings
/home/sprice/coldspray_documents/documents/outputs/Article_3126/auto/Article_3126.md,Surface nanocrystallized structural steel with enhanced tribological properties under different sliding conditions
/home/sprice/coldspray_documents/documents/outputs/Article_1615/auto/Article_1615.md,Effect of laser remelting on the mechanical behav Inconel 625 cold-sprayed coatings
/home/sprice/coldspray_documents/documents/outputs/Article_5480/auto/Article_5480.md,Effect of adding Cr2AlC MAX Phase in NiCrAlY bond coat on the thermal cycling life of YSZ thermal barrier coatings
/home/sprice/coldspray_documents/documents/outputs/Article_2260/auto/Article_2260.md,"Microstructure, mechanical properties and fretting corrosion wear behavior of biomedical $\mathrm { Z K 6 0 M g }$ alloy treated by laser shock peening"
/home/sprice/coldspray_documents/documents/outputs/Article_2435/auto/Article_2435.md,Novel method to investigate plastic flow in micrometer powder particles by integrated experimental and computational approach
/home/sprice/coldspray_documents/documents/outputs/Article_2349/auto/Article_2349.md,Cold-Sprayed Cu-MoS2 and Its Fretting Wear Behavior
/home/sprice/coldspray_documents/documents/outputs/Article_2573/auto/Article_2573.md,Microstructure and nano-mechanical property of cold spray Co-base refractory alloy coating
/home/sprice/coldspray_documents/documents/outputs/Article_2199/auto/Article_2199.md,Improving bonding strength of medium-thick Al-Cu dissimilar joint by a novel splat cooling assisted double side friction stir welding
/home/sprice/coldspray_documents/documents/outputs/Article_108/auto/Article_108.md,Crack Repair in Aerospace Aluminum Alloy Panels by Cold Spray
/home/sprice/coldspray_documents/documents/outputs/Article_3179/auto/Article_3179.md,Cold gas spraying – A promising technique for photoelectrodes The example TiO2
/home/sprice/coldspray_documents/documents/outputs/Article_2684/auto/Article_2684.md,Formation and subsequent phase evolution of metastable Ti-Al alloy coatings by kinetic spraying of gas atomized powders
/home/sprice/coldspray_documents/documents/outputs/Article_1340/auto/Article_1340.md,Effects of Preprocessing on Multi-Direction Properties of Aluminum Alloy Cold-Spray Deposits
/home/sprice/coldspray_documents/documents/outputs/Article_1888/auto/Article_1888.md,Mechanical Properties and Residual Stress Measurement of TiN/Ti Duplex Coating Using HiPIMS TiN on Cold Spray Ti
/home/sprice/coldspray_documents/documents/outputs/Article_2838/auto/Article_2838.md,Effect of a Zn interlayer on dissimilar FSSW of Al and Cu
/home/sprice/coldspray_documents/documents/outputs/Article_782/auto/Article_782.md,"MXenes and its composite structures: synthesis, properties, applications, 3D/4D printing, and artificial intelligence; machine learning integration"
/home/sprice/coldspray_documents/documents/outputs/Article_2589/auto/Article_2589.md,Cold-Sprayed Ni-hBN Self-Lubricating Coatings
/home/sprice/coldspray_documents/documents/outputs/Article_2419/auto/Article_2419.md,"Carbon Fibers, Nanofibers, and Nanotubes"
/home/sprice/coldspray_documents/documents/outputs/Article_5274/auto/Article_5274.md,Exceptional abrasion and corrosion resistance of NiCoCrAlY/Al2O3 blade tip abrasive coatings up to $1 0 0 0 ^ { \circ } \mathrm { C }$ by laser cladding
/home/sprice/coldspray_documents/documents/outputs/Article_2443/auto/Article_2443.md,Microstructure characterization of AlCrFeCoNi high-entropy alloy coating on Inconel 718 by electrospark deposition
/home/sprice/coldspray_documents/documents/outputs/Article_5473/auto/Article_5473.md,"Hardness, wear resistance and bonding strength of nano structured functionally graded Ni–Al₂O₃ composite coatings fabricated by ball milling method"
/home/sprice/coldspray_documents/documents/outputs/Article_2579/auto/Article_2579.md,The role of material properties in cold spraying for the surface modification of nuclear main pump
/home/sprice/coldspray_documents/documents/outputs/Article_2861/auto/Article_2861.md,Pulsed laser deposition of hydroxyapatite coatings on laser sintered polyamide for enhanced osseointegration
/home/sprice/coldspray_documents/documents/outputs/Article_2007/auto/Article_2007.md,Performance of Ni-Based Coatings with Various Additives Fabricated by Cold Gas Spraying
/home/sprice/coldspray_documents/documents/outputs/Article_5773/auto/Article_5773.md,Long-term oxidation resistance and deterioration mechanism of magnetron sputtered Cr-Al-Si-N coatings on zirconium alloys in 1200 °C steam atmosphere
/home/sprice/coldspray_documents/documents/outputs/Article_2645/auto/Article_2645.md,Plasma-sprayed Al-based coating with WC-addition for excellent corrosion resistance and enhanced wear protection of Mg alloys
/home/sprice/coldspray_documents/documents/outputs/Article_3544/auto/Article_3544.md,Preparation of Al2O3/TiO2 particle-reinforced copper through plasma spraying and friction stir processing
/home/sprice/coldspray_documents/documents/outputs/Article_3150/auto/Article_3150.md,Evolution mechanism of microstructure and bond strength based on interface diffusion and IMCs of Ti/steel clad plates fabricated by double-layered hot rolling
/home/sprice/coldspray_documents/documents/outputs/Article_5565/auto/Article_5565.md,Preparation and properties of multiphase composite enhanced functional organosilicon nano-coatings
/home/sprice/coldspray_documents/documents/outputs/Article_3226/auto/Article_3226.md,Microstructural evolution and interfacial diffusion during heat treatment of Hastelloy/stainless steel bimetals
/home/sprice/coldspray_documents/documents/outputs/Article_1259/auto/Article_1259.md,Wear Evaluation of Nanostructured Ti Cermets for Joint Reconstruction
/home/sprice/coldspray_documents/documents/outputs/Article_1645/auto/Article_1645.md,Effect of annealing on the microstructure and erosion performance of cold-sprayed FeAl intermetallic coatings
/home/sprice/coldspray_documents/documents/outputs/Article_5013/auto/Article_5013.md,Influence of spraying parameters on microstructure of oxygen-rich TiO2 coatings deposited using suspension low-pressure cold spray
/home/sprice/coldspray_documents/documents/outputs/Article_3573/auto/Article_3573.md,"Glass-ceramics in dentistry: Fundamentals, technologies, experimental techniques, applications, and open issues"
/home/sprice/coldspray_documents/documents/outputs/Article_3532/auto/Article_3532.md,Influence of Al addition on microstructures of Cu−B alloys and Cu–ZrB₂ composites
/home/sprice/coldspray_documents/documents/outputs/Article_5200/auto/Article_5200.md,Elevated-temperature wear behavior and mechanisms of APS-sprayed $\mathsf { A l } _ { 0 . 6 }$ TiCrFeCoNi high entropy alloy coating
/home/sprice/coldspray_documents/documents/outputs/Article_3288/auto/Article_3288.md,Microstructure and mechanical properties of Mg/Al joints welded by ultrasonic spot welding with Zn interlayer
/home/sprice/coldspray_documents/documents/outputs/Article_3127/auto/Article_3127.md,Ultra-thin metal composites for electromagnetic interference shielding
/home/sprice/coldspray_documents/documents/outputs/Article_2720/auto/Article_2720.md,Deposition characteristics and tribological performance of atmospheric plasma sprayed diamond metal matrix composite (DMMC) coatings
/home/sprice/coldspray_documents/documents/outputs/Article_164/auto/Article_164.md,Critical Assessment 11: Structural repairs by cold spray
/home/sprice/coldspray_documents/documents/outputs/Article_2954/auto/Article_2954.md,Investigation of the atomic-level microstructural evolution of quadruple-fused $\alpha / \beta$ titanium particles during sintering
/home/sprice/coldspray_documents/documents/outputs/Article_3365/auto/Article_3365.md,Microstructure design and dissolution behavior between 2024 Al/Sn with the ultrasonic-associated soldering
/home/sprice/coldspray_documents/documents/outputs/Article_3247/auto/Article_3247.md,Application and development of blue and green laser in industrial manufacturing: A review
/home/sprice/coldspray_documents/documents/outputs/Article_5482/auto/Article_5482.md,‘Getting the tone right’: an approach to managing hypertonia in cerebral palsy
/home/sprice/coldspray_documents/documents/outputs/Article_2829/auto/Article_2829.md,Effect of electrodeposited Cu interlayer thickness on characterizations and adhesion force of Ni/Cu/Ni coatings on polyetherimide composite substrates
/home/sprice/coldspray_documents/documents/outputs/Article_5738/auto/Article_5738.md,Effects of cervical restorations on the periodontal tissues: 5-year follow-up results of a randomized clinical trial
/home/sprice/coldspray_documents/documents/outputs/Article_14/auto/Article_14.md,Microstructure and Micromechanical Response in Gas-Atomized Al 6061 Alloy Powder and Cold-Sprayed Splats
/home/sprice/coldspray_documents/documents/outputs/Article_5349/auto/Article_5349.md,Management of Lacertus syndrome: Perspectives for hand therapists
/home/sprice/coldspray_documents/documents/outputs/Article_5226/auto/Article_5226.md,Twin-rich Ag coatings by additive rotary spray deposition manufacturing: Current-carrying friction machining to construct nanolamellar structures
/home/sprice/coldspray_documents/documents/outputs/Article_1728/auto/Article_1728.md,Porosity Reduction and Strength Increase of SS316&Cu Produced through Cold Spray Additive Manufacturing
/home/sprice/coldspray_documents/documents/outputs/Article_5463/auto/Article_5463.md,Tribology and mechanical performance of Al₂O₃/CaF₂ self-lubricating ceramics prepared by gelcasting
/home/sprice/coldspray_documents/documents/outputs/Article_2231/auto/Article_2231.md,Applying a polyurea coating to high-performance organic cementitious materials
/home/sprice/coldspray_documents/documents/outputs/Article_5580/auto/Article_5580.md,Woodhead Publishing Series in Metals and Surface Engineering
/home/sprice/coldspray_documents/documents/outputs/Article_5663/auto/Article_5663.md,"Supersonically sprayed rGO Zn2SnO4 composites as flexible, binderfree, scalable, and high-capacity lithium ion battery anodes"
/home/sprice/coldspray_documents/documents/outputs/Article_5275/auto/Article_5275.md,Vertical crack distribution effect on the TBC delamination induced by crack growth from the ceramic surface and near the interface
/home/sprice/coldspray_documents/documents/outputs/Article_968/auto/Article_968.md,"Polymer metallization via cold spray additive manufacturing: A review of process control, coating qualities, and prospective applications"
/home/sprice/coldspray_documents/documents/outputs/Article_273/auto/Article_273.md,Cold Spray and Laser-Assisted Cold Spray of CrMnCoFeNi High Entropy Alloy Using Nitrogen as the Propelling Gas
/home/sprice/coldspray_documents/documents/outputs/Article_1594/auto/Article_1594.md,Influence of Annealing Treatment on the Microstructure and Mechanical Properties of Cold-Sprayed CoCrFeNiMn High Entropy Alloy
/home/sprice/coldspray_documents/documents/outputs/Article_1081/auto/Article_1081.md,Enhancement on mechanical properties of CoCrNi medium entropy alloy via cold spray additive manufacturing associated with sintering
/home/sprice/coldspray_documents/documents/outputs/Article_727/auto/Article_727.md,In-situ hot rolling directed energy deposition-arc repair of shafts
/home/sprice/coldspray_documents/documents/outputs/Article_5457/auto/Article_5457.md,Tribologically enhanced self-healing of niobium oxide surfaces
/home/sprice/coldspray_documents/documents/outputs/Article_5668/auto/Article_5668.md,Assessment of the ecological impact of metal additive repair and refurbishment using powder bed fusion by laser beam based on a multiple case study
/home/sprice/coldspray_documents/documents/outputs/Article_1352/auto/Article_1352.md,Microstructural and fatigue behavior of cold sprayed Ni-based superalloys coatings
/home/sprice/coldspray_documents/documents/outputs/Article_2879/auto/Article_2879.md,Fast-charging zinc-air battery with thin flexible design enhanced by superabsorbent quasi-solid-state electrolytes
/home/sprice/coldspray_documents/documents/outputs/Article_781/auto/Article_781.md,Improving bond strength and deposition efficiency of ceramic coatings via low pressure cold spraying: A study on hydroxyapatite coatings with Cu-Zn blends
/home/sprice/coldspray_documents/documents/outputs/Article_2489/auto/Article_2489.md,Thermodynamic analysis and compatibility improvement of latent heat stores: Insights from experimental and numerical studies
/home/sprice/coldspray_documents/documents/outputs/Article_5156/auto/Article_5156.md,Towards a quantitative understanding of bonding in supersonic single particle impacts: A three-dimensional FIB-SEM exploration
/home/sprice/coldspray_documents/documents/outputs/Article_639/auto/Article_639.md,The effect of pure aluminum cold spray coating on corrosion and corrosion fatigue of magnesium (3% Al–1% Zn) extrusion
/home/sprice/coldspray_documents/documents/outputs/Article_3574/auto/Article_3574.md,Oxidation during electric arc spray forming of steel
/home/sprice/coldspray_documents/documents/outputs/Article_2013/auto/Article_2013.md,Role of stacking fault energy (SFE) on the high strain rate deformation of cold sprayed Cu and Cu–Al alloy coatings
/home/sprice/coldspray_documents/documents/outputs/Article_78/auto/Article_78.md,"Fabrication and Study of Electrochemical, Mechanical & Tribological Properties of Al Alloys Coatings by Cold Spraying"
/home/sprice/coldspray_documents/documents/outputs/Article_6018/auto/Article_6018.md,Dynamic behavior and shock-induced energy release characteristics of Ni/ Al energetic structural materials prepared by cold spray additive manufacturing
/home/sprice/coldspray_documents/documents/outputs/Article_547/auto/Article_547.md,Investigations on the mechanical and corrosion properties of silicon nitride reinforced AZ61 composites
/home/sprice/coldspray_documents/documents/outputs/Article_850/auto/Article_850.md,The recovery stress of hot drawn and annealed NiTiNb SMA considering effect of temperature and cyclic loads: Experimental and comparative study
/home/sprice/coldspray_documents/documents/outputs/Article_3091/auto/Article_3091.md,Laser cladding [Cr–Fe4Co4Ni4]Cr2.6- ${ . x \mathbf { A l } _ { x } \mathbf { M o } _ { 0 . 4 } }$ high-entropy alloy coating to strong-acid erosion
/home/sprice/coldspray_documents/documents/outputs/Article_5465/auto/Article_5465.md,Multi-stage load partitioning in additively manufactured Al6061 TiC nanocomposite characterized by in-situ neutron diffraction☆
/home/sprice/coldspray_documents/documents/outputs/Article_5076/auto/Article_5076.md,Ternary CueCNTeAlN composite coatings consolidated by cold spray deposition of mechanically alloyed powders
/home/sprice/coldspray_documents/documents/outputs/Article_1033/auto/Article_1033.md,The erosion performance of cold spray deposited metal matrix composite coatings with subsequent friction stir processing
/home/sprice/coldspray_documents/documents/outputs/Article_1977/auto/Article_1977.md,Structural transformations in carbon nanotubes during thermal spray processing
/home/sprice/coldspray_documents/documents/outputs/Article_5012/auto/Article_5012.md,Microstructure and properties of vacuum cold sprayed lead zirconate titanate coating with different pre-annealing of the powder
/home/sprice/coldspray_documents/documents/outputs/Article_707/auto/Article_707.md,Synergistic grain boundary engineering for achieving strength-ductility balance in ultrafine-grained high-Cr-bearing multicomponent alloys
/home/sprice/coldspray_documents/documents/outputs/Article_72/auto/Article_72.md,Impact of cold spraying on microstructure and mechanical properties of optimized friction stir welded AA2024-T3 joint
/home/sprice/coldspray_documents/documents/outputs/Article_5125/auto/Article_5125.md,A molecular dynamics study of high velocity impact of zinc oxide aggregates
/home/sprice/coldspray_documents/documents/outputs/Article_109/auto/Article_109.md,Properties of SiC-reinforced aluminum alloy coatings produced by the cold gas dynamic spraying process
/home/sprice/coldspray_documents/documents/outputs/Article_898/auto/Article_898.md,Effect of post-deposition heat treatment on microstructure and mechanical properties of NASA HR-1 cold spray coatings
/home/sprice/coldspray_documents/documents/outputs/Article_1988/auto/Article_1988.md,Double effects of recrystallization behavior on grain morphology evolution and mechanical properties of Al/Mg/Al composite plate by hard plate rolling
/home/sprice/coldspray_documents/documents/outputs/Article_2104/auto/Article_2104.md,Enhancing anti-wear and anti-corrosion performance of cold spraying aluminum coating by high current pulsed electron beam irradiation
/home/sprice/coldspray_documents/documents/outputs/Article_624/auto/Article_624.md,"Effect of temper, specimen orientation and test temperature on tensile and fatigue properties of wrought and PM AA6061-alloys"
/home/sprice/coldspray_documents/documents/outputs/Article_1132/auto/Article_1132.md,"Microstructure, high-temperature oxidation and tribological performance of cold-sprayed CuCrZr coating"
/home/sprice/coldspray_documents/documents/outputs/Article_501/auto/Article_501.md,"Mechanical properties of aluminium-graphene/carbon nanotubes (CNTs) metal matrix composites: Advancement, opportunities and perspective"
/home/sprice/coldspray_documents/documents/outputs/Article_3601/auto/Article_3601.md,
/home/sprice/coldspray_documents/documents/outputs/Article_1931/auto/Article_1931.md,Mechanical performance of integrally bonded copper coatings for the long term disposal of used nuclear fuel
/home/sprice/coldspray_documents/documents/outputs/Article_5242/auto/Article_5242.md,Microstructure and wear mechanism of FeCrMoCBWNb coating deposited by arc-spraying and its application on 65Mn steel blades
/home/sprice/coldspray_documents/documents/outputs/Article_1630/auto/Article_1630.md,Cold spray blended $\mathsf { A l { + } M g _ { 1 7 } A l _ { 1 2 } }$ coating for corrosion protection of AZ91D magnesium alloy
/home/sprice/coldspray_documents/documents/outputs/Article_5610/auto/Article_5610.md,An in-situ oxide-dispersion-strengthened AlCoCrFeNiY high-entropy alloy composite coating prepared by AC-HVAF with superior oxidation and spallation resistance
/home/sprice/coldspray_documents/documents/outputs/Article_2335/auto/Article_2335.md,"Tribological behavior of TiN and Ti (Si,C)N coatings on cold sprayed Ti substrates"
/home/sprice/coldspray_documents/documents/outputs/Article_2974/auto/Article_2974.md,Current state and prospect on the development of advanced nuclear fuel system materials: A review
/home/sprice/coldspray_documents/documents/outputs/Article_1379/auto/Article_1379.md,Mechanical characteristics of laser-deposited sandwich structures and quasi-homogeneous alloys of Fe-Cu system
/home/sprice/coldspray_documents/documents/outputs/Article_1822/auto/Article_1822.md,The Effect of Fe/Al Ratio and Substrate Hardness on Microstructure and Deposition Behavior of Cold-Sprayed Fe/Al Coatings
/home/sprice/coldspray_documents/documents/outputs/Article_1770/auto/Article_1770.md,Tungsten/copper composite deposits produced by a cold spray
/home/sprice/coldspray_documents/documents/outputs/Article_3603/auto/Article_3603.md,"The Microstructure, Surface Topography and Wear Resistance of Cold-Sprayed (Cr₃C₂–25(Ni20Cr))–(Ni-graphite) Composite Coatings Modified by Diode Laser Treatment"
/home/sprice/coldspray_documents/documents/outputs/Article_3242/auto/Article_3242.md,Characteristics of Stellite 6 Deposited by Supersonic Laser Deposition Under Optimized Parameters
/home/sprice/coldspray_documents/documents/outputs/Article_1593/auto/Article_1593.md,"Microstructure, mechanical property and heat treatment schedule of the Inconel 718 manufactured by low and high power laser powder bed fusion"
/home/sprice/coldspray_documents/documents/outputs/Article_5196/auto/Article_5196.md,Rationale and Organisation
/home/sprice/coldspray_documents/documents/outputs/Article_3273/auto/Article_3273.md,"Metal telluride nanotubes: Synthesis, and applications"
/home/sprice/coldspray_documents/documents/outputs/Article_2158/auto/Article_2158.md,"A process parameters review on selective laser melting-based additive manufacturing of single and multi-material: Microstructure, physical properties, tribological, and surface roughness"
/home/sprice/coldspray_documents/documents/outputs/Article_5728/auto/Article_5728.md,Effectiveness of pre-treatment with chlorhexidine in restoration retention: A 36-month follow-up randomized clinical trial
/home/sprice/coldspray_documents/documents/outputs/Article_1561/auto/Article_1561.md,Solid state additive manufacture of highly-reflective Al coatings using cold spray
/home/sprice/coldspray_documents/documents/outputs/Article_3611/auto/Article_3611.md,3D printing austenitic stainless steel 316L by cold spray process: optimum post-spraying heat treatment conditions
/home/sprice/coldspray_documents/documents/outputs/Article_2436/auto/Article_2436.md,Wear and corrosion characteristics of copper-based composite coatings
/home/sprice/coldspray_documents/documents/outputs/Article_1657/auto/Article_1657.md,Oscillating and unidirectional sliding wear behaviour of cold sprayed Ti-6Al4V coating on Ti-6Al-4V substrate
/home/sprice/coldspray_documents/documents/outputs/Article_500/auto/Article_500.md,Evaluation of a laser powder bed fusion designer Al-Mg-Zr-Si alloy for cold spray additive manufacturing
/home/sprice/coldspray_documents/documents/outputs/Article_5224/auto/Article_5224.md,"Investigation of in vitro behavior of plasma sprayed Ti, TiO₂ and HA coatings on PEEK"
/home/sprice/coldspray_documents/documents/outputs/Article_3032/auto/Article_3032.md,Preparation of TiAl₃-Al composite coating by cold spraying
/home/sprice/coldspray_documents/documents/outputs/Article_2079/auto/Article_2079.md,Magnesium Technology 2021
/home/sprice/coldspray_documents/documents/outputs/Article_3345/auto/Article_3345.md,"A review on laser cladding of high-entropy alloys, their recent trends and potential applications"
/home/sprice/coldspray_documents/documents/outputs/Article_2290/auto/Article_2290.md,Effect of Cold-Spray Conditions Using a Nitrogen Propellant Gas on AISI 316L Stainless Steel-Coating Microstructures
/home/sprice/coldspray_documents/documents/outputs/Article_31/auto/Article_31.md,"Cold spray processing of AA2024/Al₂O₃ coating on magnesium AZ31B alloy: Process parameters optimization, microstructure and adhesive strength performance of coating"
/home/sprice/coldspray_documents/documents/outputs/Article_5448/auto/Article_5448.md,NiTi coating formation on Ti for enhanced wear resistance utilizing electron-beam additive manufacturing technique
/home/sprice/coldspray_documents/documents/outputs/Article_785/auto/Article_785.md,Sustainable Materials for Tribological Applications
/home/sprice/coldspray_documents/documents/outputs/Article_2126/auto/Article_2126.md,Effect of water environment on particle deposition of underwater cold spray
/home/sprice/coldspray_documents/documents/outputs/Article_5625/auto/Article_5625.md,Corrosion failure process of organic conductive coating on Mg-RE alloy with PEO in the simulated Xisha atmospheric solution
/home/sprice/coldspray_documents/documents/outputs/Article_3285/auto/Article_3285.md,Production and tribological characterization of a textured diamondreinforced copper-beryllium alloy
/home/sprice/coldspray_documents/documents/outputs/Article_3484/auto/Article_3484.md,Microstructural characterisation of titanium coatings deposited using cold gas spraying on Al₂O₃ substrates
/home/sprice/coldspray_documents/documents/outputs/Article_277/auto/Article_277.md,How to Unleash the Remarkable Potential of Cold Spray: A Perspective
/home/sprice/coldspray_documents/documents/outputs/Article_1252/auto/Article_1252.md,Modified ball bond shear test for determination of adhesion strength of cold spray splats
/home/sprice/coldspray_documents/documents/outputs/Article_3029/auto/Article_3029.md,Production of Titanium Deposits by Cold-Gas Dynamic Spray: Numerical Modeling and Experimental Characterization
/home/sprice/coldspray_documents/documents/outputs/Article_5191/auto/Article_5191.md,Corrosion wear properties of Fe-based amorphous coatings sprayed by supersonic atmospheric plasma spraying
/home/sprice/coldspray_documents/documents/outputs/Article_5249/auto/Article_5249.md,Zirconium-diboride silicon-carbide composites: A review☆
/home/sprice/coldspray_documents/documents/outputs/Article_2852/auto/Article_2852.md,"Friction stir welding: Types, merits & demerits, applications, process variables & effect of tool pin profile"
/home/sprice/coldspray_documents/documents/outputs/Article_2377/auto/Article_2377.md,Various manufacturing methods and ideal properties of scaffolds for tissue engineering applications
/home/sprice/coldspray_documents/documents/outputs/Article_523/auto/Article_523.md,Achieving simultaneously improved tensile strength and ductility of a nano-TiB2/AlSi10Mg composite produced by cold spray additive manufacturing
/home/sprice/coldspray_documents/documents/outputs/Article_2384/auto/Article_2384.md,Effect of ${ \bf N } _ { 2 }$ and He Carrier Gases on Oxidation Behavior of Cold Sprayed CoNiCrAlY Powder to Deposit Bond Coats
/home/sprice/coldspray_documents/documents/outputs/Article_786/auto/Article_786.md,"Microstructure, mechanical properties, and cavitation erosion performances of cold sprayed CuZn35 coatings"
/home/sprice/coldspray_documents/documents/outputs/Article_1114/auto/Article_1114.md,An induction heat treatment method for improving the mechanical properties and electrical conductivity of cold spray additive manufactured copper deposit
/home/sprice/coldspray_documents/documents/outputs/Article_2137/auto/Article_2137.md,The Problem of Copper Softening During Cold Gas Dynamic Spraying
/home/sprice/coldspray_documents/documents/outputs/Article_712/auto/Article_712.md,Effect of cryorolling on microstructure evolution and mechanical properties of spray deposited Cu-Fe alloy
/home/sprice/coldspray_documents/documents/outputs/Article_1365/auto/Article_1365.md,Development of nano-crystalline cold sprayed Ni–20Cr coatings for high temperature oxidation resistance
/home/sprice/coldspray_documents/documents/outputs/Article_1589/auto/Article_1589.md,"Microstructure, mechanical and electrical properties of dissimilar friction stir welded 2024 aluminum alloy and copper joints"
/home/sprice/coldspray_documents/documents/outputs/Article_5309/auto/Article_5309.md,Bioactive silicon nitride by surface thermal treatment
/home/sprice/coldspray_documents/documents/outputs/Article_3547/auto/Article_3547.md,ACTA MATERIALIA CONTENTS OF VOLUME 55
/home/sprice/coldspray_documents/documents/outputs/Article_2545/auto/Article_2545.md,Experimental and numerical analysis of friction stir additive manufacturing of 2024 aluminium alloy
/home/sprice/coldspray_documents/documents/outputs/Article_2208/auto/Article_2208.md,Effect of spray angle on Ni particle deposition behaviour in cold spray
/home/sprice/coldspray_documents/documents/outputs/Article_990/auto/Article_990.md,Cold spray deposition of graded Al-SiC composites
/home/sprice/coldspray_documents/documents/outputs/Article_43/auto/Article_43.md,"Effect of particle size, morphology, and hardness on cold gas dynamic sprayed aluminum alloy coatings"
/home/sprice/coldspray_documents/documents/outputs/Article_2601/auto/Article_2601.md,Nanostructured Al-Based Metal Matrix Composite Coating Production by Pulsed Gas Dynamic Spraying Process
/home/sprice/coldspray_documents/documents/outputs/Article_1235/auto/Article_1235.md,Metallurgical enhancement and mechanical performance of GTAW of AA5083 plates using medium and high-entropy fillers
/home/sprice/coldspray_documents/documents/outputs/Article_1320/auto/Article_1320.md,Cold spray deformation and deposition of blended feedstock powders not necessarily obey the rule of mixture
/home/sprice/coldspray_documents/documents/outputs/Article_1749/auto/Article_1749.md,Microstructure and Stress Corrosion Behavior of Cold-Sprayed Al-Based Composite Coatings on Q345R Pressure Vessel Steel
/home/sprice/coldspray_documents/documents/outputs/Article_2427/auto/Article_2427.md,Recent research and progress of biodegradable zinc alloys and composites for biomedical applications: Biomechanical and biocorrosion perspectives
/home/sprice/coldspray_documents/documents/outputs/Article_737/auto/Article_737.md,An alternative method for manufacturing high-strength CP Ti–SiC composites by accumulative roll bonding process
/home/sprice/coldspray_documents/documents/outputs/Article_3628/auto/Article_3628.md,
/home/sprice/coldspray_documents/documents/outputs/Article_2671/auto/Article_2671.md,Additive manufacturing of copper-tool steel dissimilar joining: Experimental characterization and thermal modeling
/home/sprice/coldspray_documents/documents/outputs/Article_5001/auto/Article_5001.md,Interfacial microstructure characterization and solderability of the low pressure cold sprayed Cu–Al₂O₃ coating on Al substrate
/home/sprice/coldspray_documents/documents/outputs/Article_1073/auto/Article_1073.md,Comparative study on the annealing of cold-sprayed boron nitride nanosheet/copper coating using spark plasma sintering and atmosphere furnace
/home/sprice/coldspray_documents/documents/outputs/Article_3095/auto/Article_3095.md,Formation of dispersed Al/MoO₃ interfaces and their effect on the energy release performance of Al–Ni composites
/home/sprice/coldspray_documents/documents/outputs/Article_3676/auto/Article_3676.md,"Microstructure, mechanical and tribological properties of cold sprayed Ti6Al4V–CoCr composite coatings"
/home/sprice/coldspray_documents/documents/outputs/Article_2096/auto/Article_2096.md,
/home/sprice/coldspray_documents/documents/outputs/Article_1795/auto/Article_1795.md,Repair of magnesium components by cold spray techniques
/home/sprice/coldspray_documents/documents/outputs/Article_23/auto/Article_23.md,Towards better understanding supersonic impact-bonding behavior of cold sprayed 6061-T6 aluminum alloy based on a high-accuracy material model
/home/sprice/coldspray_documents/documents/outputs/Article_1122/auto/Article_1122.md,Characterization of commercially cold sprayed copper coatings and determination of the effects of impacting copper powder velocities
/home/sprice/coldspray_documents/documents/outputs/Article_1875/auto/Article_1875.md,Manufacturing and the process-structure-property correlation of detonation sprayed iron coatings under an unconventional coating deposition mechanism
/home/sprice/coldspray_documents/documents/outputs/Article_2151/auto/Article_2151.md,A review on characteristics of cold sprayed coatings
/home/sprice/coldspray_documents/documents/outputs/Article_1108/auto/Article_1108.md,Co-deposition reconstruction and defects evolution of cold-sprayed alumina/aluminum composites: advanced modeling and experimental validation
/home/sprice/coldspray_documents/documents/outputs/Article_3039/auto/Article_3039.md,Analysis of Tantalum Coatings Produced by the Kinetic Spray Process
/home/sprice/coldspray_documents/documents/outputs/Article_5713/auto/Article_5713.md,"Deposition, characterization and high-temperature steam oxidation behavior of single-phase Ti2AlC-coated Zircaloy-4"
/home/sprice/coldspray_documents/documents/outputs/Article_3617/auto/Article_3617.md,Improvement of microstructures and mechanical properties of AZ31 alloy sheets by particle micro-forging process
/home/sprice/coldspray_documents/documents/outputs/Article_888/auto/Article_888.md,Additive manufacturing of functional gradient materials: A review of research progress and challenges
/home/sprice/coldspray_documents/documents/outputs/Article_2123/auto/Article_2123.md,Nanostructural AlNiCoFeCrTi High-Entropy Coatings Performed by Cold Spraying
/home/sprice/coldspray_documents/documents/outputs/Article_1754/auto/Article_1754.md,Effect of Pressure and Temperature on the Microstructure and Mechanical Properties of SiCp/6061Al Coating Using High-Pressure Cold Spray
/home/sprice/coldspray_documents/documents/outputs/Article_5343/auto/Article_5343.md,Plasma sprayed copper coatings for improved surface and mechanical properties
/home/sprice/coldspray_documents/documents/outputs/Article_1895/auto/Article_1895.md,The influence of cold and detonation thermal spraying processes on the microstructure and properties of Al-based composite coatings on Mg alloy
/home/sprice/coldspray_documents/documents/outputs/Article_142/auto/Article_142.md,Cold Spray Aluminum–Alumina Cermet Coatings: Effect of Alumina Content
/home/sprice/coldspray_documents/documents/outputs/Article_568/auto/Article_568.md,Tailoring cold spray additive manufacturing of steel 316 L for static and cyclic load-bearing applications
/home/sprice/coldspray_documents/documents/outputs/Article_2353/auto/Article_2353.md,Wear and Corrosion Properties of 316L-SiC Composite Coating Deposited by Cold Spray on Magnesium Alloy
/home/sprice/coldspray_documents/documents/outputs/Article_1732/auto/Article_1732.md,A Study on the Effect of Nickel-Plated Graphite Content on the Microstructure and Properties of AlZn/Nickel-Plated Graphite Composite Cold Spray Coatings
/home/sprice/coldspray_documents/documents/outputs/Article_907/auto/Article_907.md,Fatigue properties of type 316LN stainless steel in air and mercury
/home/sprice/coldspray_documents/documents/outputs/Article_1957/auto/Article_1957.md,3D printing of fine-grained aluminum alloys through extrusion-based additive manufacturing: Microstructure and property characterization
/home/sprice/coldspray_documents/documents/outputs/Article_6008/auto/Article_6008.md,Plasma in-situ thermal-assisted cold spray depositing of 7075 aluminum alloys: Microstructure optimization and property enhancement
/home/sprice/coldspray_documents/documents/outputs/Article_5681/auto/Article_5681.md,"A review of ultrasonic testing applications in additive manufacturing: Defect evaluation, material characterization, and process control"
/home/sprice/coldspray_documents/documents/outputs/Article_5818/auto/Article_5818.md,Interdigital capacitive strain gauges fabricated by direct-write thermal spray and ultrafast laser micromachining
/home/sprice/coldspray_documents/documents/outputs/Article_5454/auto/Article_5454.md,Effect of particle size on various substrates for deposition of NiO film via nanoparticle deposition system
/home/sprice/coldspray_documents/documents/outputs/Article_3033/auto/Article_3033.md,Effect of standoff distance on coating deposition characteristics in cold spraying
/home/sprice/coldspray_documents/documents/outputs/Article_884/auto/Article_884.md,A review on biomedical implant materials and the effect of friction stir based techniques on their mechanical and tribological properties
/home/sprice/coldspray_documents/documents/outputs/Article_1608/auto/Article_1608.md,The bond strength of $\mathbf { A l } + \mathbf { A l } _ { 2 } \mathbf { O } _ { 3 }$ cermet coatings deposited by low-pressure cold spraying
/home/sprice/coldspray_documents/documents/outputs/Article_606/auto/Article_606.md,Improving heat-affected zone softening of aluminum alloys by in-situ cooling and post-weld rolling
/home/sprice/coldspray_documents/documents/outputs/Article_2286/auto/Article_2286.md,On the Interplay Between Adhesion Strength and Tensile Properties of Thermal Spray Coated Laminates—Part II: Low-Velocity Thermal Spray Coatings
/home/sprice/coldspray_documents/documents/outputs/Article_1087/auto/Article_1087.md,Microstructure and tribology of cold spray additively manufactured multimodal Ni-WC metal matrix composites
/home/sprice/coldspray_documents/documents/outputs/Article_991/auto/Article_991.md,Preliminary study on deposition of aluminium and copper powders by cold spray micronozzle using helium
/home/sprice/coldspray_documents/documents/outputs/Article_1721/auto/Article_1721.md,Erosion Behavior of Cold-Sprayed Coatings Made of CoCrFeMnNi HEA and Tungsten Carbide Nanoparticles in a Nickel Matrix
/home/sprice/coldspray_documents/documents/outputs/Article_557/auto/Article_557.md,Study of microstructural and mechanical anisotropy of 7075 Al deposits fabricated by cold spray additive manufacturing
/home/sprice/coldspray_documents/documents/outputs/Article_1409/auto/Article_1409.md,Nanoscale deformation twinning at ultrahigh strain rates during kinetic spraying of nickel
/home/sprice/coldspray_documents/documents/outputs/Article_2093/auto/Article_2093.md,Cold Spray Deposition of Copper/Tungsten Composite Coatings
/home/sprice/coldspray_documents/documents/outputs/Article_5310/auto/Article_5310.md,Subject index
/home/sprice/coldspray_documents/documents/outputs/Article_1134/auto/Article_1134.md,Improving microstructural and mechanical characteristics of coldsprayed Inconel 718 deposits via local induction heat treatment
/home/sprice/coldspray_documents/documents/outputs/Article_40/auto/Article_40.md,Comparison of Cold-Sprayed Coatings of Copper-Based Composite Deposited on AZ31B Magnesium Alloy and 6061 T6 Aluminum Alloy Substrates
/home/sprice/coldspray_documents/documents/outputs/Article_801/auto/Article_801.md,Evaluation of Microstructure and Mechanical Properties of Thermally Sprayed NiCrAlY Bond Coats on Superni C-263 Aero Engine Combustor Liner Alloy
/home/sprice/coldspray_documents/documents/outputs/Article_304/auto/Article_304.md,Solid-State Metal Additive Manufacturing for Structural Repair
/home/sprice/coldspray_documents/documents/outputs/Article_6097/auto/Article_6097.md,The research of interfacial reaction behavior and stress-strain law towards laser cladding of titanium alloys on CFRP
/home/sprice/coldspray_documents/documents/outputs/Article_3649/auto/Article_3649.md,Effects of Dissimilar Alumina Particulates on Microstructure and Properties of Cold-Sprayed Alumina/A380 Composite Coatings
/home/sprice/coldspray_documents/documents/outputs/Article_1006/auto/Article_1006.md,Recrystallization in the particles interfacial region of the cold-sprayed aluminum coating: Strain-induced boundary migration
/home/sprice/coldspray_documents/documents/outputs/Article_5444/auto/Article_5444.md,Biomineralized PEEK cages containing osteoinductive CaP bioceramics promote spinal fusion in goats
/home/sprice/coldspray_documents/documents/outputs/Article_528/auto/Article_528.md,Influence of cold sprayed Cr₃C₂-Ni coating on fracture characteristics of additively manufactured 15Cr-5Ni stainless steel
/home/sprice/coldspray_documents/documents/outputs/Article_2206/auto/Article_2206.md,New dispersion mechanism for oxide dispersion-strengthened steels by liquid metallurgy
/home/sprice/coldspray_documents/documents/outputs/Article_3035/auto/Article_3035.md,Evaluation of Coatings Produced via Kinetic and Cold Spray Processes
/home/sprice/coldspray_documents/documents/outputs/Article_18/auto/Article_18.md,Fatigue and delamination of 6061 aluminum cold spray on a similar wrought substrate✩
/home/sprice/coldspray_documents/documents/outputs/Article_5691/auto/Article_5691.md,Plasma technology in antimicrobial nanocoatings
/home/sprice/coldspray_documents/documents/outputs/Article_2019/auto/Article_2019.md,Reducing failure in power transition lines using a novel nano silica/silicone rubber hydrophobic coating of glass insulator
/home/sprice/coldspray_documents/documents/outputs/Article_2476/auto/Article_2476.md,Evaluation of NiCoCrAlY coatings deposited on superalloy with novel cold spray process
/home/sprice/coldspray_documents/documents/outputs/Article_2945/auto/Article_2945.md,End to end process evaluation for additively manufactured liquid rocket engine thrust chambers
/home/sprice/coldspray_documents/documents/outputs/Article_5301/auto/Article_5301.md,List of Contents for Volume 37
/home/sprice/coldspray_documents/documents/outputs/Article_2569/auto/Article_2569.md,Microstructure and mechanical properties of HSLA-100 steel repaired by laser metal deposition
/home/sprice/coldspray_documents/documents/outputs/Article_3364/auto/Article_3364.md,THROUGH-PROCESS MODELING FOR COLD SPRAY ALLOY OPTIMIZATION
/home/sprice/coldspray_documents/documents/outputs/Article_2083/auto/Article_2083.md,"Microstructure, Microhardness, Fracture Toughness, and Abrasive Wear of In-Situ Synthesized TiC/Ti-A1 Composite Coatings by Cold Spraying Combined with Heat Treatment"
/home/sprice/coldspray_documents/documents/outputs/Article_5380/auto/Article_5380.md,Combustion synthesis of coatings
/home/sprice/coldspray_documents/documents/outputs/Article_3578/auto/Article_3578.md,High temperature dry sliding wear behaviour of laser powder bed fused Inconel 718
/home/sprice/coldspray_documents/documents/outputs/Article_3535/auto/Article_3535.md,A comprehensive review: Super hydrophobic graphene nanocomposite coatings for underwater and wet applications to enhance corrosion resistance
/home/sprice/coldspray_documents/documents/outputs/Article_1207/auto/Article_1207.md,Influence of Gas Temperature on Microstructure and Properties of Cold Spray 304SS Coating
/home/sprice/coldspray_documents/documents/outputs/Article_1387/auto/Article_1387.md,Understanding Liquid Impingement erosion behaviour of nickel–alumina based thermal spray coatings
/home/sprice/coldspray_documents/documents/outputs/Article_1676/auto/Article_1676.md,Characterization and Sliding Wear Behavior of Low-Pressure Cold-Spray A λ1-Al2O3 and Al-Al2O3/TiN Composite Coatings
/home/sprice/coldspray_documents/documents/outputs/Article_2113/auto/Article_2113.md,Microstructure and bioactivity of a cold sprayed rough/porous Ta coating on Ti6Al4V substrate
/home/sprice/coldspray_documents/documents/outputs/Article_3536/auto/Article_3536.md,Thermal sprayed stainless steel/carbon nanotube composite coatings
/home/sprice/coldspray_documents/documents/outputs/Article_81/auto/Article_81.md,"Effect of Gas Propellant Temperature on the Microstructure, Friction, and Wear Resistance of High-Pressure Cold Sprayed Zr702 Coatings on Al6061 Alloy"
/home/sprice/coldspray_documents/documents/outputs/Article_2376/auto/Article_2376.md,Investigation microstructure and fracture behavior of welded stainless steel specimens previously obtained by supersonic laser deposition
/home/sprice/coldspray_documents/documents/outputs/Article_3007/auto/Article_3007.md,Cold gas spraying of Ti-48Al-2Cr-2Nb intermetallic for jet engine applications
/home/sprice/coldspray_documents/documents/outputs/Article_1892/auto/Article_1892.md,Evaluation of the effect of temperature on mechanical properties and wear resistance of polyurethane elastomers
/home/sprice/coldspray_documents/documents/outputs/Article_3612/auto/Article_3612.md,"Correlating Titanium Powder Manufacturing Methods and Resultant Particle Morphologies to Microstructural Properties, Particle Flight and Impact Velocity, and Bonding and Deposition Characteristics in Cold Spray Additive Manufacturing"
/home/sprice/coldspray_documents/documents/outputs/Article_6019/auto/Article_6019.md,Integrated filler metal/base metal manufacturing via cold spray additive manufacturing for brazing $\mathrm { C _ { f } / S i C }$ and superalloy
/home/sprice/coldspray_documents/documents/outputs/Article_2136/auto/Article_2136.md,Formation of Al-based amorphous/nanocrystalline coatings by cold spraying
/home/sprice/coldspray_documents/documents/outputs/Article_1456/auto/Article_1456.md,Exploring Eye Tracking to Detect Cognitive Load in Complex Virtual Reality Training
/home/sprice/coldspray_documents/documents/outputs/Article_67/auto/Article_67.md,Dissimilar metal joining and structural repair of ZE41A-T5 cast magnesium by the cold spray (CS) process
/home/sprice/coldspray_documents/documents/outputs/Article_2647/auto/Article_2647.md,Additive manufacturing of copper-stainless steel hybrid components using laser-aided directed energy deposition
/home/sprice/coldspray_documents/documents/outputs/Article_1776/auto/Article_1776.md,Application of laser shock adhesion testing to the study of the interlamellar strength and coating–substrate adhesion in cold-sprayed copper coating of aluminum
/home/sprice/coldspray_documents/documents/outputs/Article_531/auto/Article_531.md,Low-velocity impact response of self-piercing riveted carbon fiber reinforced polymer-AA6061T651 hybrid joints
/home/sprice/coldspray_documents/documents/outputs/Article_5037/auto/Article_5037.md,The role of particles flow characteristics in the performance of cold spray nozzles
/home/sprice/coldspray_documents/documents/outputs/Article_1792/auto/Article_1792.md,Multi-particle impact behavior of Cu nanoparticles: A molecular dynamics investigation
/home/sprice/coldspray_documents/documents/outputs/Article_3482/auto/Article_3482.md,Characterisation of Cold Spray Titanium Coatings
/home/sprice/coldspray_documents/documents/outputs/Article_1685/auto/Article_1685.md,The Effect of Post Heat Treatment on the Microstructure and Mechanical Properties of Cold-Sprayed Zn-6Cu Deposits
/home/sprice/coldspray_documents/documents/outputs/Article_5790/auto/Article_5790.md,A probabilistic model for estimating the life expectancy of used nuclear fuel containers in a Canadian geological repository: Baseline model
/home/sprice/coldspray_documents/documents/outputs/Article_19/auto/Article_19.md,Deformation and cracking phenomena in cold sprayed 6061 Al alloy powders with nanoscale aluminum oxide films
/home/sprice/coldspray_documents/documents/outputs/Article_2718/auto/Article_2718.md,Challenges in additive manufacturing of high-strength aluminium alloys and current developments in hybrid additive manufacturing
/home/sprice/coldspray_documents/documents/outputs/Article_5767/auto/Article_5767.md,Modern Sm-Co permanent magnets
/home/sprice/coldspray_documents/documents/outputs/Article_3560/auto/Article_3560.md,NANOCRYSTALLINE Fe-40Al COATING PROCESSED BY THERMAL SPRAYING OF MILLED POWDER
/home/sprice/coldspray_documents/documents/outputs/Article_2067/auto/Article_2067.md,Optimization of Cold Spray Process Inputs to Minimize Porosity and Maximize Hardness of Metal Matrix Composite Coatings on AZ31B Magnesium Alloy
/home/sprice/coldspray_documents/documents/outputs/Article_580/auto/Article_580.md,Effects of powder characteristics and mixing powders on cold sprayability and corrosion properties of tantalum coatings
/home/sprice/coldspray_documents/documents/outputs/Article_597/auto/Article_597.md,"Deposition behavior, microstructure and mechanical properties of an in-situ micro-forging assisted cold spray enabled additively manufactured Inconel 718 alloy"
/home/sprice/coldspray_documents/documents/outputs/Article_5172/auto/Article_5172.md,Implications of the lead crack philosophy and the role of short cracks in combat aircraft
/home/sprice/coldspray_documents/documents/outputs/Article_3604/auto/Article_3604.md,Copper Raw Material with Elongation Factor to Improve Delamination Performance
/home/sprice/coldspray_documents/documents/outputs/Article_6102/auto/Article_6102.md,Combinatorial aerosol deposition of bismuth–antimony thermoelectric coatings with tunable composition
/home/sprice/coldspray_documents/documents/outputs/Article_2714/auto/Article_2714.md,Crack safety analysis of coating with plastic behavior in surface-coated Zircaloy cladding
/home/sprice/coldspray_documents/documents/outputs/Article_5048/auto/Article_5048.md,Thermal gradient of in-flight polymer particles during cold spraying
/home/sprice/coldspray_documents/documents/outputs/Article_2114/auto/Article_2114.md,Cold spray deposition of 304L stainless steel to mitigate chlorideinduced stress corrosion cracking in canisters for used nuclear fuel storage
/home/sprice/coldspray_documents/documents/outputs/Article_2899/auto/Article_2899.md,Advanced ceramics and coatings for wear and corrosion related applications in modern high-efficient coal production and processing: A technical review
/home/sprice/coldspray_documents/documents/outputs/Article_2767/auto/Article_2767.md,Tungsten carbide coating prepared by ultrasonic shot peening to improve the wear properties of magnesium alloys
/home/sprice/coldspray_documents/documents/outputs/Article_1037/auto/Article_1037.md,Preparation of aluminum coating on Lexan by cold spray
/home/sprice/coldspray_documents/documents/outputs/Article_754/auto/Article_754.md,On the prediction of the mechanical properties of ultrafine grain Al- TiO₂ nanocomposites using a modified long-short term memory model with beluga whale optimizer
/home/sprice/coldspray_documents/documents/outputs/Article_1740/auto/Article_1740.md,The wear properties of Al-BN nanosheets coating by cold spray
/home/sprice/coldspray_documents/documents/outputs/Article_2522/auto/Article_2522.md,Achieving fully equiaxed grain structure and ultrahigh density of the high entropy alloy coating via resistance seam processing: Experiment and simulation
/home/sprice/coldspray_documents/documents/outputs/Article_5568/auto/Article_5568.md,Fabrication of bioactive poly(ether ether ketone) by laser melt infiltration of poly(ether ether ketone) inside the strontium apatite coatings
/home/sprice/coldspray_documents/documents/outputs/Article_748/auto/Article_748.md,"Wire arc additive manufacturing of metals: A review on processes, materials and their behaviour"
/home/sprice/coldspray_documents/documents/outputs/Article_5501/auto/Article_5501.md,Effects of TiC addition on the hot corrosion behavior of IN718 fabricated by laser direct metal deposition
/home/sprice/coldspray_documents/documents/outputs/Article_1743/auto/Article_1743.md,Wear Characterization of Cold-Sprayed HEA Coatings by Means of Active–Passive Thermography and Tribometer
/home/sprice/coldspray_documents/documents/outputs/Article_2564/auto/Article_2564.md,Iron boron based powders sprayed by high velocity spray processes
/home/sprice/coldspray_documents/documents/outputs/Article_5633/auto/Article_5633.md,PowderMet 2013 preview
/home/sprice/coldspray_documents/documents/outputs/Article_6023/auto/Article_6023.md,Microstructure evolution of cold sprayed copper coatings based on particle diameter control and its effect on corrosion resistance of aluminum-copper contacts
/home/sprice/coldspray_documents/documents/outputs/Article_5632/auto/Article_5632.md,Self-healing nanocoatings for automotive application
/home/sprice/coldspray_documents/documents/outputs/Article_2064/auto/Article_2064.md,Wear and Fretting Behavior of Cold Sprayed IN625 Superalloy
/home/sprice/coldspray_documents/documents/outputs/Article_2229/auto/Article_2229.md,Effect of 2D WS₂ Addition on Cold-Sprayed Aluminum Coating
/home/sprice/coldspray_documents/documents/outputs/Article_2908/auto/Article_2908.md,High-heat-flux technologies for the European demo divertor targets: State-of-the-art and a review of the latest testing campaign
/home/sprice/coldspray_documents/documents/outputs/Article_1224/auto/Article_1224.md,Chloride-induced stress corrosion cracking in Austenitic steels for SNF storage canisters - Recent understanding and advances in mitigation and repair
/home/sprice/coldspray_documents/documents/outputs/Article_2267/auto/Article_2267.md,Advanced ceramics coating composites with high corrosion resistance in oil and gas application
/home/sprice/coldspray_documents/documents/outputs/Article_3336/auto/Article_3336.md,Magnesium and Aluminium alloys dissimilar joining by Friction Stir Welding
/home/sprice/coldspray_documents/documents/outputs/Article_5623/auto/Article_5623.md,Journal of Endodontics
/home/sprice/coldspray_documents/documents/outputs/Article_5498/auto/Article_5498.md,Coatings based on high entropy alloys: An overview
/home/sprice/coldspray_documents/documents/outputs/Article_5061/auto/Article_5061.md,Enhanced sintering behavior of LSGM electrolyte and its performance for solid oxide fuel cells deposited by vacuum cold spray
/home/sprice/coldspray_documents/documents/outputs/Article_1339/auto/Article_1339.md,Recrystallization of Cold Spray-Fabricated CP Titanium Structures
/home/sprice/coldspray_documents/documents/outputs/Article_1765/auto/Article_1765.md,Microstructure and Mechanical Properties of Cold Sprayed Amorphous Coating
/home/sprice/coldspray_documents/documents/outputs/Article_1206/auto/Article_1206.md,Evaluation of cold sprayed graphene nanoplates–Inconel 718 composite coatings
/home/sprice/coldspray_documents/documents/outputs/Article_959/auto/Article_959.md,"Effect of cold spray processing parameters on the microstructure, wear, and corrosion behavior of Cu and Cu–Al₂O₃ coatings deposited on AZ31 alloy substrate"
/home/sprice/coldspray_documents/documents/outputs/Article_3305/auto/Article_3305.md,"Investigations on microstructure, oxidation, and tribological behavior of NiCoCrAlYTa/ $\mathrm{Y}_2\mathrm{O}_3$ blade tip protective coating produced by electro spark deposition over a wide temperature range"
/home/sprice/coldspray_documents/documents/outputs/Article_2109/auto/Article_2109.md,Microstructure and Properties of Cold Sprayed NiCrAl Coating on AZ91D Magnesium Alloy
/home/sprice/coldspray_documents/documents/outputs/Article_1407/auto/Article_1407.md,Microstructural characterization of copper coatings in development for application to used nuclear fuel containers
/home/sprice/coldspray_documents/documents/outputs/Article_5682/auto/Article_5682.md,Osteoconductive hydroxyapatite coated PEEK for spinal fusion surgery
/home/sprice/coldspray_documents/documents/outputs/Article_3008/auto/Article_3008.md,Microstructure and cavitation erosion resistance of arc ion plating NiCrAlY coating on the 304L stainless steel
/home/sprice/coldspray_documents/documents/outputs/Article_1148/auto/Article_1148.md,Investigation of the microstructure and tribological behavior of cold-sprayed tin-bronze-based composite coatings
/home/sprice/coldspray_documents/documents/outputs/Article_2487/auto/Article_2487.md,Mechanical strength and corrosion resistance of Al-additive friction stir welded AZ31B joints
/home/sprice/coldspray_documents/documents/outputs/Article_1515/auto/Article_1515.md,MICROSTRUCTURE AND PROPERTIES OF MULTI-ELEMENTARY POWDERS OBTAINEDBY COLD SPRAY DEPOSITION
/home/sprice/coldspray_documents/documents/outputs/Article_275/auto/Article_275.md,Particle deformation and microstructure evolution during cold spray of individual Al-Cu alloy powder particles
/home/sprice/coldspray_documents/documents/outputs/Article_3351/auto/Article_3351.md,Gas-Atomized Al 6061 Powder: Phase Identification and Evolution During Thermal Treatment
/home/sprice/coldspray_documents/documents/outputs/Article_2115/auto/Article_2115.md,‘Cold spray +′ as a new hybrid additive manufacturing technology: a literature review
/home/sprice/coldspray_documents/documents/outputs/Article_2724/auto/Article_2724.md,Effect of heat treatment on residual stress and wear resistance of CX stainless steel manufactured by Selective Laser Melting
/home/sprice/coldspray_documents/documents/outputs/Article_5575/auto/Article_5575.md,SUR/FIN 2012
/home/sprice/coldspray_documents/documents/outputs/Article_143/auto/Article_143.md,The effect of cold spray impact velocity on deposit hardness
/home/sprice/coldspray_documents/documents/outputs/Article_2193/auto/Article_2193.md,Synergistic strength and toughness through impact-induced nanostructural evolutions in metals
/home/sprice/coldspray_documents/documents/outputs/Article_1734/auto/Article_1734.md,The effect of laser post-treatment on the microstructure and properties of Al coating on the PEEK substrate
/home/sprice/coldspray_documents/documents/outputs/Article_3613/auto/Article_3613.md,INVESTIGATING THE EFFECTS OF POLYMER PARTICLE SHAPE AND IMPACT ORIENTATION IN COLD SPRAY ADDITIVE MANUFACTURING
/home/sprice/coldspray_documents/documents/outputs/Article_2937/auto/Article_2937.md,Corrosion performance and mechanisms of tantalum coatings on 316 stainless-steel in subcritical aqueous solutions of NaCl and NaBr
/home/sprice/coldspray_documents/documents/outputs/Article_5288/auto/Article_5288.md,Thermal sprays are the stars at 'Winterev 06
/home/sprice/coldspray_documents/documents/outputs/Article_3176/auto/Article_3176.md,Room and elevated temperature sliding wear behavior and mechanisms of additively manufactured novel precipitation strengthened metallic composites
/home/sprice/coldspray_documents/documents/outputs/Article_2040/auto/Article_2040.md,In-Situ Formation Fe Al5 IntermetallicReinforced Aluminum Matrix Composite by Annealing Treatment of Cold-Sprayed Precursor Deposit
/home/sprice/coldspray_documents/documents/outputs/Article_5534/auto/Article_5534.md,Physical treatment of the equine athlete
/home/sprice/coldspray_documents/documents/outputs/Article_3582/auto/Article_3582.md,Development of graphene oxide/calcium phosphate coating by pulse electrodeposition on anodized titanium: Biocorrosion and mechanical behavior
/home/sprice/coldspray_documents/documents/outputs/Article_1753/auto/Article_1753.md,Review Cold Spray Technology and Its Application in the Manufacturing of Metal Matrix Composite Materials with Carbon-Based Reinforcements
/home/sprice/coldspray_documents/documents/outputs/Article_5424/auto/Article_5424.md,Shear-driven solid-state additive manufacturing of aerospace aluminum on impurity contaminated surfaces
/home/sprice/coldspray_documents/documents/outputs/Article_2190/auto/Article_2190.md,Improving deposition efficiency in cold spraying chromium coatings by powder annealing
/home/sprice/coldspray_documents/documents/outputs/Article_5796/auto/Article_5796.md,21 Infections and infestations
/home/sprice/coldspray_documents/documents/outputs/Article_911/auto/Article_911.md,"An overview of graphene and its derivatives reinforced metal matrix composites: Preparation, properties and applications"
/home/sprice/coldspray_documents/documents/outputs/Article_28/auto/Article_28.md,Annealing behaviour of 6061 aluminium deposited by high pressure cold spray
/home/sprice/coldspray_documents/documents/outputs/Article_2788/auto/Article_2788.md,Research progress in surface strengthening technology of carbide-based coating
/home/sprice/coldspray_documents/documents/outputs/Article_2473/auto/Article_2473.md,Cold spray deposition of Ti2AlC coatings for improved nuclear fuel cladding
/home/sprice/coldspray_documents/documents/outputs/Article_3375/auto/Article_3375.md,POWDER CHARACTERIZATION FOR THROUGH-PROCESS MODELING OF COLD SPRAY AL ALLOYS
/home/sprice/coldspray_documents/documents/outputs/Article_6101/auto/Article_6101.md,A Comprehensive Review of Solid-phase Additive Techniques: Insights into Friction Stir Additive Manufacturing (FSAM) and Additive Friction Stir Deposition (AFSD)
/home/sprice/coldspray_documents/documents/outputs/Article_653/auto/Article_653.md,Investigation and Testing of Mechanical Properties of Al-Nano SiC Composites through Cold Isostatic Compaction Process
/home/sprice/coldspray_documents/documents/outputs/Article_1873/auto/Article_1873.md,Enhanced wear and corrosion resistances of Al coated Mg alloy using high pressure cold sprayed commercially pure-zirconium coating
/home/sprice/coldspray_documents/documents/outputs/Article_2313/auto/Article_2313.md,Deposition Behavior of Nanostructured WC–23Co Particles in Cold Spraying Process
/home/sprice/coldspray_documents/documents/outputs/Article_1376/auto/Article_1376.md,Study of stellite-6 deposition by cold gas spraying
/home/sprice/coldspray_documents/documents/outputs/Article_3417/auto/Article_3417.md,Antimicrobial Copper Cold Spray Coatings and SARS-CoV-2 Surface Inactivation
/home/sprice/coldspray_documents/documents/outputs/Article_2533/auto/Article_2533.md,Effect of process parameters on surface roughness of 316L stainless steel coated 3D printed PLA parts
/home/sprice/coldspray_documents/documents/outputs/Article_822/auto/Article_822.md,"Behavior, synthesis, and effectiveness of an activity of anilinium-based Ionic Liquids (AnILs) as a hardeners and modifiers for epoxy-coatings of flax biocomposites"
/home/sprice/coldspray_documents/documents/outputs/Article_1794/auto/Article_1794.md,Dual-scale oxide dispersoids reinforcement of Fe–40 at.%Al intermetallic coating for both high hardness and high fracture toughness
/home/sprice/coldspray_documents/documents/outputs/Article_2414/auto/Article_2414.md,The Effect of Hot Treatment on Composition and Microstructure of HVOF Iron Aluminide Coatings in $\mathbf{Na}_{2}\mathbf{SO}_{4}$ Molten Salts
/home/sprice/coldspray_documents/documents/outputs/Article_5389/auto/Article_5389.md,2020 Acta Award Recipients
/home/sprice/coldspray_documents/documents/outputs/Article_3059/auto/Article_3059.md,Influence of substrate hardness transition on built-up of nanostructured WC–12Co by cold spraying
/home/sprice/coldspray_documents/documents/outputs/Article_3220/auto/Article_3220.md,Plasma spray of Ti₂AlC MAX phase powders: Effects of process parameters on coatings' properties
/home/sprice/coldspray_documents/documents/outputs/Article_57/auto/Article_57.md,"Cold sprayed aluminum based glassy coating: Synthesis, wear and corrosion properties"
/home/sprice/coldspray_documents/documents/outputs/Article_995/auto/Article_995.md,Friction stir lap welding of aluminum alloy to advanced high strength steel using a cold-spray deposition as an interlayer
/home/sprice/coldspray_documents/documents/outputs/Article_924/auto/Article_924.md,A review on recent progress of refractory high entropy alloys: From fundamental research to engineering applications
/home/sprice/coldspray_documents/documents/outputs/Article_2737/auto/Article_2737.md,Microstructure and properties of ${ \sf A g } / { \sf S n O } _ { 2 }$ coatings prepared by cold spraying
/home/sprice/coldspray_documents/documents/outputs/Article_1832/auto/Article_1832.md,Improvement of Microstructure and Sliding Wear Property of Cold-Sprayed FeAl Intermetallic Compound Coating by Annealing Treatment
/home/sprice/coldspray_documents/documents/outputs/Article_3479/auto/Article_3479.md,Particle-based simulation of cold spray: Influence of oxide layer on impact process
/home/sprice/coldspray_documents/documents/outputs/Article_2015/auto/Article_2015.md,Fretting Wear and Scratch Resistance of Cold-Sprayed Pure Cu and Ti
/home/sprice/coldspray_documents/documents/outputs/Article_5493/auto/Article_5493.md,Investigating the microstructure and composition of cold gas-dynamic spray (CGDS) Ti powder deposited on Al 6063 substrate
/home/sprice/coldspray_documents/documents/outputs/Article_3659/auto/Article_3659.md,Revealing the fretting corrosion mechanisms of laser shock peened cold spray 316L stainless steel
/home/sprice/coldspray_documents/documents/outputs/Article_992/auto/Article_992.md,A novel cold spray process flow technique - a numerical investigation
/home/sprice/coldspray_documents/documents/outputs/Article_2328/auto/Article_2328.md,Characterisation of cold sprayed Al5056/SiCp coating: effect of SiC particle size
/home/sprice/coldspray_documents/documents/outputs/Article_1831/auto/Article_1831.md,Study of Wear and Corrosion Resistance of Cold Sprayed TC4 Coating on the Surface of Mg-Li Alloy
/home/sprice/coldspray_documents/documents/outputs/Article_6106/auto/Article_6106.md,Polymer-based lubricating drag reducing materials: Design and applications
/home/sprice/coldspray_documents/documents/outputs/Article_132/auto/Article_132.md,The effects of heat treatment on 7075 Al cold spray deposits
/home/sprice/coldspray_documents/documents/outputs/Article_1889/auto/Article_1889.md,Effect of Metallic Interlayer Hardness on Deposition Characteristics of Cold-Sprayed Copper Particles on Carbon Fiber-Reinforced Polymers
/home/sprice/coldspray_documents/documents/outputs/Article_724/auto/Article_724.md,Effect of heat treatment on the inherent anisotropy of cold sprayed copper deposits
/home/sprice/coldspray_documents/documents/outputs/Article_2155/auto/Article_2155.md,Machinability of additively manufactured titanium alloys: A comprehensive review
/home/sprice/coldspray_documents/documents/outputs/Article_5715/auto/Article_5715.md,Suspension plasma spraying of TiO₂ for the manufacture of photovoltaic cells
/home/sprice/coldspray_documents/documents/outputs/Article_3188/auto/Article_3188.md,Spiral extrusion of aluminum/copper composite for future manufacturing of hybrid rods: A study of bond strength and interfacial characteristics
/home/sprice/coldspray_documents/documents/outputs/Article_1294/auto/Article_1294.md,"Enhanced spreading, migration and osteodifferentiation of HBMSCs on macroporous CS-Ta – A biocompatible macroporous coating for hard tissue repair"
/home/sprice/coldspray_documents/documents/outputs/Article_5466/auto/Article_5466.md,"Mussel-inspired “built-up” surface chemistry coating on polyetheretherketone enhances osteogenic, angiogenic, and antibacterial properties for improved osseointegration"
/home/sprice/coldspray_documents/documents/outputs/Article_2028/auto/Article_2028.md,Cold Spray Additive Manufacturing: Microstructure Evolution and Bonding Features
/home/sprice/coldspray_documents/documents/outputs/Article_1264/auto/Article_1264.md,Effect of type of reinforcing particles on the deposition efficiency and wear resistance of low-pressure cold-sprayed metal matrix composite coatings
/home/sprice/coldspray_documents/documents/outputs/Article_1503/auto/Article_1503.md,Tensile and biodegradable properties of Mg-6.0Zn-1.0Nd-0.5Zr alloy
/home/sprice/coldspray_documents/documents/outputs/Article_2389/auto/Article_2389.md,Additive manufacturing of copper – H13 tool steel bi-metallic structures via Ni-based multi-interlayer
/home/sprice/coldspray_documents/documents/outputs/Article_138/auto/Article_138.md,Characterization of Low-Pressure Cold-Sprayed Aluminum Coatings
/home/sprice/coldspray_documents/documents/outputs/Article_2495/auto/Article_2495.md,A review of topology optimization for additive manufacturing: Status and challenges
/home/sprice/coldspray_documents/documents/outputs/Article_504/auto/Article_504.md,"Integrity of APS, HVOF and HVAF sprayed NiCr and NiCrBSi coatings based on the tensile stress-strain response"
/home/sprice/coldspray_documents/documents/outputs/Article_2246/auto/Article_2246.md,Cracking resistance and adhesion of $\mathsf { A l / A l _ { 2 } O _ { 3 } }$ thick lamellar structure coatings sprayed with plasma spraying
/home/sprice/coldspray_documents/documents/outputs/Article_6068/auto/Article_6068.md,The research of interfacial reaction behavior and stress-strain law towards laser cladding of titanium alloys on CFRP
/home/sprice/coldspray_documents/documents/outputs/Article_5817/auto/Article_5817.md,Review of the untapped potentials of antimicrobial materials in the construction sector
/home/sprice/coldspray_documents/documents/outputs/Article_3104/auto/Article_3104.md,Warm-particle peening assisted HVOF spraying: A new process to improve the coating performances
/home/sprice/coldspray_documents/documents/outputs/Article_1686/auto/Article_1686.md,Effect of vacuum heat treatment on microstructure and microhardness of cold sprayed Cu-4Cr-2Nb alloy coating
/home/sprice/coldspray_documents/documents/outputs/Article_5759/auto/Article_5759.md,Mediating bone regeneration by means of drug eluting implants: From passive to smart strategies
/home/sprice/coldspray_documents/documents/outputs/Article_2771/auto/Article_2771.md,Microstructure and properties of metal parts remanufactured by laser cladding TiC and $\mathrm { T i B } _ { 2 }$ reinforced Fe-based coatings
/home/sprice/coldspray_documents/documents/outputs/Article_902/auto/Article_902.md,Property prediction and crack growth behavior in cold sprayed Cu deposits
/home/sprice/coldspray_documents/documents/outputs/Article_2670/auto/Article_2670.md,Influence of heat treatment on microstructures and mechanical properties of K447A cladding layers obtained by laser solid forming
/home/sprice/coldspray_documents/documents/outputs/Article_1041/auto/Article_1041.md,Cold sprayed refractory metals for chrome reduction in gun barrel liners
/home/sprice/coldspray_documents/documents/outputs/Article_5145/auto/Article_5145.md,"Impact-bonding with aluminum, silver, and gold microparticles: Toward understanding the role of native oxide layer"
/home/sprice/coldspray_documents/documents/outputs/Article_2154/auto/Article_2154.md,Amorphous Steel Coatings Deposited by Cold-Gas Spraying
/home/sprice/coldspray_documents/documents/outputs/Article_1961/auto/Article_1961.md,Microstructural and mechanical optimization of selective laser melted Ti6Al4V lattices: Effect of hot isostatic pressing
/home/sprice/coldspray_documents/documents/outputs/Article_5229/auto/Article_5229.md,"Microstructural evolution, bonding mechanism, and fracture behavior of 6061-T4 Al/Q355B steel dissimilar joints fabricated by inertia friction welding"
/home/sprice/coldspray_documents/documents/outputs/Article_5205/auto/Article_5205.md,Study of the influence of stress distribution and evolution on the mechanical properties of prestressed ceramics using in-situ Raman spectroscopy
/home/sprice/coldspray_documents/documents/outputs/Article_2621/auto/Article_2621.md,Influence of the Powder Size Distribution on the Microstructure of Cold-Sprayed Copper Coatings Studied by X-ray Diffraction
/home/sprice/coldspray_documents/documents/outputs/Article_5105/auto/Article_5105.md,Enhancing the deposition capability of $\mathrm { C r } _ { 3 } \mathrm { C } _ { 2 }$–NiCr in kinetic spraying via damage accumulation in feedstock powder
/home/sprice/coldspray_documents/documents/outputs/Article_1519/auto/Article_1519.md,Improvement of corrosion and stress corrosion properties of magnesium alloys by coating aluminum with the electric arc spray method
/home/sprice/coldspray_documents/documents/outputs/Article_2822/auto/Article_2822.md,"Big data, machine learning, and digital twin assisted additive manufacturing: A review"
/home/sprice/coldspray_documents/documents/outputs/Article_1479/auto/Article_1479.md,Mechanical Properties of Cu-0.1Ag Alloys Deposited by Cold Spray with Various Powder Feed Rate and Heat Treatment
/home/sprice/coldspray_documents/documents/outputs/Article_3290/auto/Article_3290.md,Influence of process parameters in additive manufacturing of highly reinforced 316L / SiCp composites
/home/sprice/coldspray_documents/documents/outputs/Article_1525/auto/Article_1525.md,Factors Affecting the Ductility of Cold-Sprayed Copper Coatings
/home/sprice/coldspray_documents/documents/outputs/Article_2105/auto/Article_2105.md,High Rate Deposition in Cold Spray
/home/sprice/coldspray_documents/documents/outputs/Article_1579/auto/Article_1579.md,Mechanical and microstructural behavior of nanocomposites produced via cold spray
/home/sprice/coldspray_documents/documents/outputs/Article_1384/auto/Article_1384.md,The impact of sintering temperatures on the microstructure and mechanical characteristics of $\mathrm { T i B } _ { 2 }$-TiN-Al0.3CoCrFeNi ultrafine cermets using in-situ reaction hot pressing
/home/sprice/coldspray_documents/documents/outputs/Article_1866/auto/Article_1866.md,"Influence of $\mathrm { { A l } } _ { 2 } \mathrm { { O } } _ { 3 }$ content on microstructure, electrical conductivity and adhesion strength of cold sprayed Al- ${ \mathrm { A l } } _ { 2 } { \mathrm { O } } _ { 3 }$ coatings on PEEK substrate"
/home/sprice/coldspray_documents/documents/outputs/Article_2794/auto/Article_2794.md,In-situ synthesised interlayer enhances bonding strength in additively manufactured multi-material hybrid tooling
/home/sprice/coldspray_documents/documents/outputs/Article_1331/auto/Article_1331.md,Dynamic recrystallization of Sn coatings on carbon-fiber-reinforced plastics during cold spray additive manufacturing
/home/sprice/coldspray_documents/documents/outputs/Article_1578/auto/Article_1578.md,The impact of AA7075 cold spray coating on the fatigue life of AZ31B cast alloy
/home/sprice/coldspray_documents/documents/outputs/Article_932/auto/Article_932.md,A study of the parameters affecting the particle velocity in cold-spray: Theoretical results and comparison with experimental data
/home/sprice/coldspray_documents/documents/outputs/Article_903/auto/Article_903.md,Microstructure and mechanical properties of cold spray additive manufactured Cu-Cr-Nb and Fe-Ni-Cr alloys
/home/sprice/coldspray_documents/documents/outputs/Article_2932/auto/Article_2932.md,Microstructural investigation of bonding and melting-induced rebound of HVOF sprayed Ni particles on an aluminum substrate
/home/sprice/coldspray_documents/documents/outputs/Article_1258/auto/Article_1258.md,A novel solid-state metal additive manufacturing process – Laser-induced Supersonic Impact Printing (LISIP): Exploration of process capability
/home/sprice/coldspray_documents/documents/outputs/Article_5563/auto/Article_5563.md,Surface modification of biomedical metals by double glow plasma surface alloying technology: A review of recent advances
/home/sprice/coldspray_documents/documents/outputs/Article_3396/auto/Article_3396.md,The Effect of Nano-Scale Surface Roughness on Copper Cold Spray Inactivation of Influenza A Virus
/home/sprice/coldspray_documents/documents/outputs/Article_815/auto/Article_815.md,Al-Si controlled expansion alloys for electronic packaging applications
/home/sprice/coldspray_documents/documents/outputs/Article_5432/auto/Article_5432.md,Compressive stress in nano-crystalline titanium dioxide films by aerosol deposition
/home/sprice/coldspray_documents/documents/outputs/Article_1008/auto/Article_1008.md,Surface modification of magnesium alloys using thermal and solid-state cold spray processes: Challenges and latest progresses
/home/sprice/coldspray_documents/documents/outputs/Article_2248/auto/Article_2248.md,Tribological behaviour of plasma sprayed diamond reinforced molybdenum coatings
/home/sprice/coldspray_documents/documents/outputs/Article_2566/auto/Article_2566.md,"Preparation, structure and properties of Mg/Al laminated metal composites fabricated by roll-bonding, a review"
/home/sprice/coldspray_documents/documents/outputs/Article_760/auto/Article_760.md,Mechanical property and cracking mechanism of Cr-coated Zr alloy under tensile and compressive loading
/home/sprice/coldspray_documents/documents/outputs/Article_5453/auto/Article_5453.md,Effect of neutron irradiation on defect evolution in Ti3SiC2 and Ti2AlC
/home/sprice/coldspray_documents/documents/outputs/Article_3157/auto/Article_3157.md,Understanding the fretting corrosion mechanism of zirconium alloy exposed to high temperature high pressure water
/home/sprice/coldspray_documents/documents/outputs/Article_2791/auto/Article_2791.md,Weldability improvement of immiscible polycarbonate/GFRP by femtosecond laser surface treatment
/home/sprice/coldspray_documents/documents/outputs/Article_2159/auto/Article_2159.md,A novel fabrication method for a TiO₂ layer over CoCr alloy
/home/sprice/coldspray_documents/documents/outputs/Article_1453/auto/Article_1453.md,Comparison of the Properties of Cold-Sprayed Cu-0.5Cr-0.05Zr Alloys after Various Heat Treatments Versus Forged and Vacuum Plasma-Sprayed Alloys
/home/sprice/coldspray_documents/documents/outputs/Article_2832/auto/Article_2832.md,Microwave sintering of metal powders
/home/sprice/coldspray_documents/documents/outputs/Article_263/auto/Article_263.md,Towards Strength–Ductility Synergy in Cold Spray for Manufacturing and Repair Application: A Review
/home/sprice/coldspray_documents/documents/outputs/Article_5707/auto/Article_5707.md,Effects of Cr and Mo additions on formation and mechanical properties of Arc-sprayed FeBSiNb-based glassy coatings
/home/sprice/coldspray_documents/documents/outputs/Article_3620/auto/Article_3620.md,Effect of heat treatment on properties of cold sprayed Al-B C composite coatings
/home/sprice/coldspray_documents/documents/outputs/Article_118/auto/Article_118.md,Carbon nanotube reinforced aluminum composite coating via cold spraying
/home/sprice/coldspray_documents/documents/outputs/Article_6105/auto/Article_6105.md,"Toward predicting thermal conductivity of hybrid nanofluids: Application of a committee of robust neural networks, theoretical, and empirical models"
/home/sprice/coldspray_documents/documents/outputs/Article_2950/auto/Article_2950.md,Unveiling damage mechanisms of chromium-coated zirconium-based fuel claddings at LWR operating temperature by in-situ digital image correlation
/home/sprice/coldspray_documents/documents/outputs/Article_2277/auto/Article_2277.md,Research advances in magnesium and magnesium alloys worldwide in 2020
/home/sprice/coldspray_documents/documents/outputs/Article_1156/auto/Article_1156.md,Effect of processing conditions on the mechanical performance of stainless steel cold sprayed coatings
/home/sprice/coldspray_documents/documents/outputs/Article_3017/auto/Article_3017.md,"Process characteristics, particle behavior and coating properties during HVOF spraying of conventional, fine and nanostructured WC-12Co powders"
/home/sprice/coldspray_documents/documents/outputs/Article_2637/auto/Article_2637.md,Quantification of carbon nanotube distribution and property correlation in nanocomposites
/home/sprice/coldspray_documents/documents/outputs/Article_2511/auto/Article_2511.md,Resistance spot welding of dissimilar AISI-1008 steel/Al-1100 alloy lap joints with a graphene interlayer
/home/sprice/coldspray_documents/documents/outputs/Article_5092/auto/Article_5092.md,Ablation laser and heating laser combined to cold spraying
/home/sprice/coldspray_documents/documents/outputs/Article_2176/auto/Article_2176.md,"Modeling and analysis of the effects of age hardening, magnesium dissolution, and SiC reinforcement on wear properties in eutectic Al-Si composites using full factorial techniques"
/home/sprice/coldspray_documents/documents/outputs/Article_1915/auto/Article_1915.md,Atomistic study of metallurgical bonding upon the high velocity impact of fcc core-shell particles
/home/sprice/coldspray_documents/documents/outputs/Article_2668/auto/Article_2668.md,"Laser-aided additive manufacturing of high entropy alloys: Processes, properties, and emerging applications"
/home/sprice/coldspray_documents/documents/outputs/Article_1603/auto/Article_1603.md,In Situ Monitoring of Particle Consolidation During Low Pressure Cold Spray by Ultrasonic Techniques
/home/sprice/coldspray_documents/documents/outputs/Article_3522/auto/Article_3522.md,Subject index of volume 433
/home/sprice/coldspray_documents/documents/outputs/Article_5099/auto/Article_5099.md,Environmental Temperature Drastically Affects Flexural Fatigue Resistance of Nickel-titanium Rotary Files
/home/sprice/coldspray_documents/documents/outputs/Article_2055/auto/Article_2055.md,EFFECT OF HIGH-TEMPERATURE TREATMENT OF BRONZE PARTICLES ON THE CHARACTERISTICS OF COATINGS FORMED BY THE METHOD OF COLD SPRAYING
/home/sprice/coldspray_documents/documents/outputs/Article_3310/auto/Article_3310.md,Towards next generation polymer surfaces: Nano- and microlayers of star macromolecules and their design for applications in biology and medicine
/home/sprice/coldspray_documents/documents/outputs/Article_6059/auto/Article_6059.md,Enhancing the mechanical properties of Cu crystal substrate by CoCrCuFeNi HEA coating: A molecular dynamics study
/home/sprice/coldspray_documents/documents/outputs/Article_2941/auto/Article_2941.md,Neural network-supported study on erosive wear performance analysis of $\Upsilon _ { 2 } 0 _ { 3 I }$ /WC-10Co4Cr HVOF coating
/home/sprice/coldspray_documents/documents/outputs/Article_5081/auto/Article_5081.md,Nondestructive inspection of fatigue crack propagation beneath supersonic particle deposition coatings during fatigue testing
/home/sprice/coldspray_documents/documents/outputs/Article_2820/auto/Article_2820.md,Mechanical and Tribological Properties of Cold Sprayed Composite Al-B4C Coatings
/home/sprice/coldspray_documents/documents/outputs/Article_2849/auto/Article_2849.md,"Microstructure, hardness, and tribological properties of Mo-MoSi2 double layer prepared by red-blue laser cladding and embedding composite technology"
/home/sprice/coldspray_documents/documents/outputs/Article_94/auto/Article_94.md,A critical analysis of collision dynamics pertaining to aluminum micro particles on aluminium 6061 alloy substrate in cold spray additive manufacturing process
/home/sprice/coldspray_documents/documents/outputs/Article_874/auto/Article_874.md,The critical role of liquid surface tension in determining cavitation erosion and dry wear performance of WC-17Co coatings produced by cold spray technology
/home/sprice/coldspray_documents/documents/outputs/Article_3253/auto/Article_3253.md,Scratch resistance and in-vitro biocompatibility of plasma-sprayed baghdadite coatings reinforced with carbon nanotubes
/home/sprice/coldspray_documents/documents/outputs/Article_1193/auto/Article_1193.md,The role of deposition sequence in cold spraying of dissimilar materials
/home/sprice/coldspray_documents/documents/outputs/Article_2479/auto/Article_2479.md,In-Situ Agglomeration and De-agglomeration by Milling of Nano-Engineered Lubricant Particulate Composites for Cold Spray Deposition
/home/sprice/coldspray_documents/documents/outputs/Article_1953/auto/Article_1953.md,Status of R&D on plasma facing materials in China
/home/sprice/coldspray_documents/documents/outputs/Article_1934/auto/Article_1934.md,Effects of tool pin profile on the formation of friction stir processing zone in AA1100 aluminium alloy
/home/sprice/coldspray_documents/documents/outputs/Article_1901/auto/Article_1901.md,Laser metal deposition as repair technology for 316L stainless steel: Influence of feeding powder compositions on microstructure and mechanical properties
/home/sprice/coldspray_documents/documents/outputs/Article_1127/auto/Article_1127.md,Preparation of highly dense Ti-based coatings with enhanced corrosion protection performance via cold spray
/home/sprice/coldspray_documents/documents/outputs/Article_1646/auto/Article_1646.md,Characterization of cold-sprayed nanostructured Fe-based alloy
/home/sprice/coldspray_documents/documents/outputs/Article_1275/auto/Article_1275.md,Durability assessment of low-pressure cold-sprayed $\mathrm { T i O } _ { 2 }$ photocatalytic coatings: Photocatalytic and mechanical stability
/home/sprice/coldspray_documents/documents/outputs/Article_2406/auto/Article_2406.md,The low-cycle fatigue performance aluminum matrix composites reinforced with particles AlFeCrMnTi and SiC that are extruded by equal-channel angular pressing
/home/sprice/coldspray_documents/documents/outputs/Article_1381/auto/Article_1381.md,Laser powder deposition of carbon nanotube reinforced nickel-based superalloy Inconel 718
/home/sprice/coldspray_documents/documents/outputs/Article_2297/auto/Article_2297.md,On the Interplay Between Adhesion Strength and Tensile Properties of Thermal Spray Coated Laminates—Part I: High Velocity Thermal Spray Coatings
/home/sprice/coldspray_documents/documents/outputs/Article_5248/auto/Article_5248.md,A review of fretting study on nuclear power equipment
/home/sprice/coldspray_documents/documents/outputs/Article_5642/auto/Article_5642.md,Biomaterials and osteoradionecrosis of the jaw: Review of the literature according to the SWiM methodology
/home/sprice/coldspray_documents/documents/outputs/Article_3644/auto/Article_3644.md,Robot-guided Pre-machining for Repair by Cold Spray
/home/sprice/coldspray_documents/documents/outputs/Article_2400/auto/Article_2400.md,Erosion resistance enhancement of polymeric composites with air plasma sprayed coatings
/home/sprice/coldspray_documents/documents/outputs/Article_292/auto/Article_292.md,Advanced Functional Metal-Ceramic and Ceramic Coatings Deposited by Low-Pressure Cold Spraying: A Review
/home/sprice/coldspray_documents/documents/outputs/Article_3526/auto/Article_3526.md,ITER vacuum vessel: Design review and start of procurement process
/home/sprice/coldspray_documents/documents/outputs/Article_2741/auto/Article_2741.md,Microstructure and Mechanical Properties of Ti–Ta Composites Prepared Through Cold Spray Additive Manufacturing
/home/sprice/coldspray_documents/documents/outputs/Article_5585/auto/Article_5585.md,Protection of magnesium alloys: From physical barrier coating to smart self-healing coating
/home/sprice/coldspray_documents/documents/outputs/Article_1477/auto/Article_1477.md,Additive manufacturing of Al thick wall using high-pressure cold spraying: issues of porosity and mechanical properties
/home/sprice/coldspray_documents/documents/outputs/Article_527/auto/Article_527.md,Effect of heat treatments on the microstructure and mechanical properties of Al-Mg-Sc-Zr alloy fabricated by selective laser melting
/home/sprice/coldspray_documents/documents/outputs/Article_976/auto/Article_976.md,"On the PEO treatment of cold sprayed 7075 aluminum alloy and its effects on mechanical, corrosion and dry sliding wear performances thereof"
/home/sprice/coldspray_documents/documents/outputs/Article_2081/auto/Article_2081.md,Influence of embedded reduced graphene oxide on the corrosion-wear performance of cold sprayed Zn-rGO/Al coating in NaCl solution
/home/sprice/coldspray_documents/documents/outputs/Article_22/auto/Article_22.md,"Effects of build orientation and heat treatment on microstructure, mechanical and corrosion properties of Al6061 aluminium parts built by cold spray additive manufacturing process"
/home/sprice/coldspray_documents/documents/outputs/Article_1768/auto/Article_1768.md,In situ X-ray computed micro-tomography imaging of failure processes in Cr-coated Zircaloy nuclear fuel cladding materials
/home/sprice/coldspray_documents/documents/outputs/Article_5514/auto/Article_5514.md,Influence of substrate roughness on the wear behaviour of kinetic spray coating
/home/sprice/coldspray_documents/documents/outputs/Article_622/auto/Article_622.md,Fabrication of aluminum metal matrix composite through continuous casting route: A review and future directions
/home/sprice/coldspray_documents/documents/outputs/Article_3286/auto/Article_3286.md,Effect of carbon content on the microstructure and bonding properties of hot-rolling pure titanium clad carbon steel plates
/home/sprice/coldspray_documents/documents/outputs/Article_1516/auto/Article_1516.md,Improving the strength and corrosion resistance of 316L stainless steel for biomedical applications using cold spray
/home/sprice/coldspray_documents/documents/outputs/Article_1025/auto/Article_1025.md,The development of the cold spray process
/home/sprice/coldspray_documents/documents/outputs/Article_2729/auto/Article_2729.md,Dynamic recrystallization during microindentation: A site-specific study of indents using a novel LaserFIB method
/home/sprice/coldspray_documents/documents/outputs/Article_1857/auto/Article_1857.md,Numerical Simulation of Cold Spray Bonding for CrFeNi Medium-Entropy Alloy
/home/sprice/coldspray_documents/documents/outputs/Article_1290/auto/Article_1290.md,Development of a generalized parameter window for cold spray deposition
/home/sprice/coldspray_documents/documents/outputs/Article_3063/auto/Article_3063.md,Nanomechanics of $\mathrm { M g - } { \tt A l }$ intermetallic compounds
/home/sprice/coldspray_documents/documents/outputs/Article_2997/auto/Article_2997.md,Chemical strengthening of glass powder particles
/home/sprice/coldspray_documents/documents/outputs/Article_2401/auto/Article_2401.md,Microstructure and mechanical properties in additive manufacturing by friction surfacing of AA6061 alloy
/home/sprice/coldspray_documents/documents/outputs/Article_5606/auto/Article_5606.md,Nano-TiC reinforced $[\mathbf{Cr}-\mathbf{Fe_4Co_4Ni_4}]\mathbf{Cr_3}$ highentropy-alloy composite coating fabricated by laser cladding
/home/sprice/coldspray_documents/documents/outputs/Article_502/auto/Article_502.md,Effect of milling time on microstructural and mechanical properties of nano-Al₂O₃/6061Al composites prepared by transient liquid-phase sintering
/home/sprice/coldspray_documents/documents/outputs/Article_5409/auto/Article_5409.md,Recent progress in inorganic and composite coatings with bactericidal capability for orthopaedic applications
/home/sprice/coldspray_documents/documents/outputs/Article_6116/auto/Article_6116.md,Manufacturing Engineering and Non-Stoichiometry International Conference 2017
/home/sprice/coldspray_documents/documents/outputs/Article_548/auto/Article_548.md,Recent research progress in solid state friction-stir welding of aluminium–magnesium alloys: a critical review
/home/sprice/coldspray_documents/documents/outputs/Article_2271/auto/Article_2271.md,Spray processing of 2014-Al+SiC_P composites and their property evaluation
/home/sprice/coldspray_documents/documents/outputs/Article_3506/auto/Article_3506.md,Vacuum brazing of dissimilar tubular component of AA2219 and AISI 304 by a low melting Al-18Ag-20Cu-5Si-0.2Zn braze alloy
/home/sprice/coldspray_documents/documents/outputs/Article_2916/auto/Article_2916.md,Mechanical behavior of a chromium coating on a zirconium alloy substrate at room temperature
/home/sprice/coldspray_documents/documents/outputs/Article_5678/auto/Article_5678.md,Non-pharmacological and non-surgical interventions to manage patients with knee osteoarthritis: An umbrella review 5-year update
/home/sprice/coldspray_documents/documents/outputs/Article_5421/auto/Article_5421.md,Microstructure and mechanical properties of Ti–C–TiN-reinforced Ni204-based laser-cladding composite coating
/home/sprice/coldspray_documents/documents/outputs/Article_1717/auto/Article_1717.md,Optimal design of a cold spray nozzle by numerical analysis of particle velocity and experimental validation with 316L stainless steel powder
/home/sprice/coldspray_documents/documents/outputs/Article_1170/auto/Article_1170.md,Temperature and strain rate effects in cold spray investigated by smoothed particle hydrodynamics
/home/sprice/coldspray_documents/documents/outputs/Article_5355/auto/Article_5355.md,"Effect of Ti mass fraction on microstructure, salt spray corrosion and electrochemical performances of laser cladded $\mathrm {F e_{90-6\%}Al_{2}O_{3}}$ coatings"
/home/sprice/coldspray_documents/documents/outputs/Article_922/auto/Article_922.md,"An overview of phase change materials, their production, and applications in textiles"
/home/sprice/coldspray_documents/documents/outputs/Article_3555/auto/Article_3555.md,Characteristics of plasma sprayed coatings produced from carbon nanotube doped ceramic powder feedstock
/home/sprice/coldspray_documents/documents/outputs/Article_2090/auto/Article_2090.md,COLD-SPRAYED Al-COMPOSITE COATINGS ON S135 DRILL-PIPE STEEL
/home/sprice/coldspray_documents/documents/outputs/Article_2784/auto/Article_2784.md,Bfianlilsishteics faonrdtiemxtpilaecst protection 19
/home/sprice/coldspray_documents/documents/outputs/Article_1906/auto/Article_1906.md,Direct manufacturing of diamond composite coatings onto silicon wafers and heat transfer performance
/home/sprice/coldspray_documents/documents/outputs/Article_5031/auto/Article_5031.md,Formation conditions of vortex-like intermixing interfaces in cold spray
/home/sprice/coldspray_documents/documents/outputs/Article_5440/auto/Article_5440.md,Corrosion resistance of 316 stainless steel in a simulated pressurized water reactor improved by laser cladding with chromium
/home/sprice/coldspray_documents/documents/outputs/Article_3377/auto/Article_3377.md,Understanding the Antipathogenic Performance of Nanostructured and Conventional Copper Cold Spray Material Consolidations and Coated Surfaces
/home/sprice/coldspray_documents/documents/outputs/Article_3350/auto/Article_3350.md,Oxidation and hot corrosion behavior of NiCrAlYSi + NiAl/cBN abrasive coating
/home/sprice/coldspray_documents/documents/outputs/Article_2174/auto/Article_2174.md,Surface composites by friction stir processing: A review
/home/sprice/coldspray_documents/documents/outputs/Article_5026/auto/Article_5026.md,Characterization of bonding quality of a cold-sprayed deposit by laser resonant ultrasound spectroscopy
/home/sprice/coldspray_documents/documents/outputs/Article_5339/auto/Article_5339.md,Thermal spraying of transition metal aluminides: An overview
/home/sprice/coldspray_documents/documents/outputs/Article_1964/auto/Article_1964.md,Shock-wave induced spraying: Gas and particle flow and coating analysis
/home/sprice/coldspray_documents/documents/outputs/Article_858/auto/Article_858.md,Recent progress in low-dimensional nanomaterials filled multifunctional metal matrix nanocomposites
/home/sprice/coldspray_documents/documents/outputs/Article_2878/auto/Article_2878.md,Shear localization in metallic materials at high strain rates
/home/sprice/coldspray_documents/documents/outputs/Article_702/auto/Article_702.md,Fabrication of carbon nanotubes/Cu composites with orthotropic mechanical and tribological properties
/home/sprice/coldspray_documents/documents/outputs/Article_5165/auto/Article_5165.md,Introduction to Comprehensive Structural Integrity $( 2 ^ { \mathsf { n d } }$ Edition)
/home/sprice/coldspray_documents/documents/outputs/Article_3077/auto/Article_3077.md,Preliminary studies on detonation sprayed W/W-steel composite coating materials on steel substrates for the first wall of blanket
/home/sprice/coldspray_documents/documents/outputs/Article_27/auto/Article_27.md,Effect of substrate surface finish and particle velocity on fatigue performance of cold spray coated A6061 aluminum alloy
/home/sprice/coldspray_documents/documents/outputs/Article_76/auto/Article_76.md,Microstructural and Micromechanical Characterization of Feedstock for Cold Spray Additive Manufacturing and Processing
/home/sprice/coldspray_documents/documents/outputs/Article_3298/auto/Article_3298.md,Microstructural evolution and wear properties of the continual local induction cladding NiCrBSi coatings
/home/sprice/coldspray_documents/documents/outputs/Article_1623/auto/Article_1623.md,Hybrid Bond Layers for Cold Spray Metallization of CFRP Surfaces
/home/sprice/coldspray_documents/documents/outputs/Article_2169/auto/Article_2169.md,Cold Sprayed Tungsten Armor for Tokamak First Wall
/home/sprice/coldspray_documents/documents/outputs/Article_157/auto/Article_157.md,A Repair Method for Damage in Aluminum Alloy Structures with the Cold Spray Process
/home/sprice/coldspray_documents/documents/outputs/Article_5057/auto/Article_5057.md,In-vitro comparison of hydroxyapatite coatings obtained by cold spray and conventional thermal spray technologies
/home/sprice/coldspray_documents/documents/outputs/Article_2847/auto/Article_2847.md,"Current trends, challenges, and prospects in material advances for improving the overall safety of lithium-ion battery pack"
/home/sprice/coldspray_documents/documents/outputs/Article_2192/auto/Article_2192.md,Development of directed energy deposition strategy for a mechanically interlocked pure Ti and Al alloy component with cross-shaped internal pure Ti lattice
/home/sprice/coldspray_documents/documents/outputs/Article_104/auto/Article_104.md,Electrochemical corrosion performance of friction stir processed cold spray metal matrix composite coatings on AZ31B magnesium alloy under sodium chloride environment
/home/sprice/coldspray_documents/documents/outputs/Article_1128/auto/Article_1128.md,Possibility of spraying of copper coatings on polyamide 6 with low pressure cold spray method
/home/sprice/coldspray_documents/documents/outputs/Article_3054/auto/Article_3054.md,Improvement of solid cold sprayed TiO$_2$–Zn coating with direct diode laser
/home/sprice/coldspray_documents/documents/outputs/Article_3332/auto/Article_3332.md,Corrosion of FeCrAl alloys used as fuel cladding in nuclear reactors
/home/sprice/coldspray_documents/documents/outputs/Article_2995/auto/Article_2995.md,Microsegregation behavior of Inconel 718 superalloy prepared by electron beam smelting layered solidification technology
/home/sprice/coldspray_documents/documents/outputs/Article_5811/auto/Article_5811.md,High-Velocity Impact of Encased Al/PTFE Projectiles on Structural Aluminum Armor
/home/sprice/coldspray_documents/documents/outputs/Article_2469/auto/Article_2469.md,Mechanical property and wear performance dependence on processing condition for cold-sprayed WC-(nanoWC-Co)
/home/sprice/coldspray_documents/documents/outputs/Article_1863/auto/Article_1863.md,Application of high current pulsed electron beam irradiation to smoothing of cold spray aluminum bronze coating
/home/sprice/coldspray_documents/documents/outputs/Article_620/auto/Article_620.md,Post-fire mechanical properties of aluminum alloy 6082-T6
/home/sprice/coldspray_documents/documents/outputs/Article_1450/auto/Article_1450.md,"Microstructure, Tensile and Fatigue Properties of Al–5 wt.%Mg Alloy Manufactured by Twin Roll Strip Casting"
/home/sprice/coldspray_documents/documents/outputs/Article_1208/auto/Article_1208.md,Elucidation of cold-spray deposition mechanism by auger electron spectroscopic evaluation of bonding interface oxide film
/home/sprice/coldspray_documents/documents/outputs/Article_133/auto/Article_133.md,"Cold spray deposition of solution heat treated, artificially aged and naturally aged Al 7075 powder"
/home/sprice/coldspray_documents/documents/outputs/Article_3458/auto/Article_3458.md,Experimental Verification of Through-Process Modeling of Cold Spray Aluminum Alloys
/home/sprice/coldspray_documents/documents/outputs/Article_1485/auto/Article_1485.md,High-performance bulk pure Al prepared through cold spray-friction stir processing composite additive manufacturing
/home/sprice/coldspray_documents/documents/outputs/Article_543/auto/Article_543.md,Solid-state additive manufacturing of tantalum using high-pressure cold gas-dynamic spray
/home/sprice/coldspray_documents/documents/outputs/Article_690/auto/Article_690.md,Comparison of slurry erosion performance of thermally sprayed coatings with the addition of $\mathrm { T i O } _ { 2 }$ feedstock powder
/home/sprice/coldspray_documents/documents/outputs/Article_694/auto/Article_694.md,"Micro-structural and -mechanical characterisation of Cu-based foils using Electron Backscatter Diffraction, Bulge Testing and Instrumented Indentation"
/home/sprice/coldspray_documents/documents/outputs/Article_77/auto/Article_77.md,High cycle fatigue behavior of bulk 6061Al prepared by cold spray-friction stir processing composite additive manufacturing
/home/sprice/coldspray_documents/documents/outputs/Article_5702/auto/Article_5702.md,Sinter-joining of W-10Ti powder to W-10Ti waste target by spark plasma sintering
/home/sprice/coldspray_documents/documents/outputs/Article_2510/auto/Article_2510.md,Review of Microstructure and Mechanical properties of materials manufactured by direct energy deposition
/home/sprice/coldspray_documents/documents/outputs/Article_939/auto/Article_939.md,Experimental and numerical investigations of pore formation mechanisms in cold spray
/home/sprice/coldspray_documents/documents/outputs/Article_5607/auto/Article_5607.md,Current and advanced coating technologies for industrial applications
/home/sprice/coldspray_documents/documents/outputs/Article_2345/auto/Article_2345.md,Selective Laser Treatment on Cold-Sprayed Titanium Coatings: Numerical Modeling and Experimental Analysis
/home/sprice/coldspray_documents/documents/outputs/Article_5227/auto/Article_5227.md,Unveiling the interface fracture mechanism dominated by intermetallic compounds during tensile deformation of copper/aluminum composite thin strips
/home/sprice/coldspray_documents/documents/outputs/Article_2688/auto/Article_2688.md,Progress in the application of spray-type antibacterial coatings for disinfection
/home/sprice/coldspray_documents/documents/outputs/Article_1026/auto/Article_1026.md,Numerical simulations of ceramic deposition and retention in metal-ceramic composite cold spray
/home/sprice/coldspray_documents/documents/outputs/Article_1833/auto/Article_1833.md,The Mechanical and Tribological Properties of Cold-Sprayed Cermet Coatings—Al Alloy Substrate Systems
/home/sprice/coldspray_documents/documents/outputs/Article_3239/auto/Article_3239.md,Role of structural hierarchy on mechanics and electrochemistry of wire arc additive manufactured (WAAM) single phase titanium
/home/sprice/coldspray_documents/documents/outputs/Article_5129/auto/Article_5129.md,Research progress of composite technology of laser processing and friction stir processing
/home/sprice/coldspray_documents/documents/outputs/Article_1880/auto/Article_1880.md,Influence of powder properties and processing gas on the microstructural evolution of Armstrong CP-titanium and Ti6Al4V powders processed by cold spray
/home/sprice/coldspray_documents/documents/outputs/Article_2633/auto/Article_2633.md,Characteristics and heat treatment of cold-sprayed Al–Sn binary alloy coatings
/home/sprice/coldspray_documents/documents/outputs/Article_779/auto/Article_779.md,Microstructural characterization of interfaces between cold sprayed copper and electrodeposited copper corrosion barrier coatings for used nuclear fuel containers
/home/sprice/coldspray_documents/documents/outputs/Article_1612/auto/Article_1612.md,Mechanical Properties of Complex Concentrated Alloys: Implications for Structural Integrity
/home/sprice/coldspray_documents/documents/outputs/Article_2330/auto/Article_2330.md,Palladium clusters deposited on the heterogeneous substrates
/home/sprice/coldspray_documents/documents/outputs/Article_2387/auto/Article_2387.md,Effect of fabrication methods on the microstructure and properties of a Cu–Cr–Nb alloy
/home/sprice/coldspray_documents/documents/outputs/Article_1798/auto/Article_1798.md,Influence of surface modification on the interfacial properties of ultra-thin steel foils and CFRP co-curing without adhesive film: A comparative study of different techniques
/home/sprice/coldspray_documents/documents/outputs/Article_3300/auto/Article_3300.md,Development of advanced alloys with improved resistance to corrosion and stress corrosion cracking (SCC) in power plants
/home/sprice/coldspray_documents/documents/outputs/Article_2809/auto/Article_2809.md,"Microstructure, wear and corrosion properties of Cu–SiC/WCCo composite coatings on the Cu substrate surface by plasma spray method"
/home/sprice/coldspray_documents/documents/outputs/Article_3292/auto/Article_3292.md,Microstructures and properties of plasma sprayed FeAl/CeO2/ZrO2 nano-composite coating
/home/sprice/coldspray_documents/documents/outputs/Article_2993/auto/Article_2993.md,Influence of build angles on thin-wall geometry and surface texture in laser powder directed energy deposition
/home/sprice/coldspray_documents/documents/outputs/Article_6005/auto/Article_6005.md,Development of cold spray epoxy asphalt (CSEA) for low-carbon road maintenance applications and its curing mechanism
/home/sprice/coldspray_documents/documents/outputs/Article_87/auto/Article_87.md,"Microstructural Development in Cold Sprayed Al 6061: Feedstock Powders, Single-Particle Impacts, and Consolidated Coatings"
/home/sprice/coldspray_documents/documents/outputs/Article_3279/auto/Article_3279.md,Nanocrystalline ${ \sf A l } _ { 2 } 0 _ { 3 } – { \sf N i } ( { \sf C r } )$ particle synthesis by high-energy mechanical alloying method
/home/sprice/coldspray_documents/documents/outputs/Article_948/auto/Article_948.md,Microstructural and bulk properties evolution of cold-sprayed copper coatings after low temperature annealing
/home/sprice/coldspray_documents/documents/outputs/Article_5410/auto/Article_5410.md,Multi-level Framework for the Assessment of Additive Manufacturing for Spare Parts Supply
/home/sprice/coldspray_documents/documents/outputs/Article_5472/auto/Article_5472.md,Influence of Cr and Al contents on the corrosion resistance of FeCrAl coatings on Zry-4 under simulated Pressurized Water Reactor conditions
/home/sprice/coldspray_documents/documents/outputs/Article_2819/auto/Article_2819.md,Understanding the effect of surface topography on the formation of aerosol-deposited coatings
/home/sprice/coldspray_documents/documents/outputs/Article_5458/auto/Article_5458.md,Synthesis and interfacial characterization of Cr/CoNiCrAlTaY bilayer coating on γ-TiAl alloy for oxidation protection
/home/sprice/coldspray_documents/documents/outputs/Article_5110/auto/Article_5110.md,Microstructure evolution of the laser surface melted WC-Ni coatings exposed to cavitation erosion
/home/sprice/coldspray_documents/documents/outputs/Article_2223/auto/Article_2223.md,An Economical Approach to Cold Spray Using In-line Nitrogen–Helium Blending
/home/sprice/coldspray_documents/documents/outputs/Article_2703/auto/Article_2703.md,"Developments, challenges and prospects in thermal-hydraulic research on accident tolerant fuel"
/home/sprice/coldspray_documents/documents/outputs/Article_2282/auto/Article_2282.md,Taguchi and utility based concept for determining optimal process parameters of cold sprayed coatings for multiple responses
/home/sprice/coldspray_documents/documents/outputs/Article_2165/auto/Article_2165.md,The effect of TiC addition on the mechanical properties and thermal expansion coefficient during laser metal deposition of invar 36 alloy
/home/sprice/coldspray_documents/documents/outputs/Article_2525/auto/Article_2525.md,The influence of bi-layer metal-matrix composite coating on the strength of the coated material
/home/sprice/coldspray_documents/documents/outputs/Article_5042/auto/Article_5042.md,Tribological properties of Al/diamond composites produced by cold spray additive manufacturing
/home/sprice/coldspray_documents/documents/outputs/Article_1752/auto/Article_1752.md,Ultrafine grain stabilization and corrosion studies on supersonic cold-sprayed Al-5Si/ $\mathrm { \Delta } ^ { \prime } \mathrm { A l } _ { 2 } \mathrm { O } _ { 3 }$ coating via thermal annealing
/home/sprice/coldspray_documents/documents/outputs/Article_6007/auto/Article_6007.md,A single particle impact study on the effects of substrate strength and ductility on adhesion in cold spray
/home/sprice/coldspray_documents/documents/outputs/Article_2097/auto/Article_2097.md,Cold spray (CS) deposition of a durable silver coating with high infrared reflectivity for radiation energy saving in the polysilicon CVD reactor
/home/sprice/coldspray_documents/documents/outputs/Article_1374/auto/Article_1374.md,Cavitation erosion and jet impingement erosion mechanism of cold sprayed Ni–Al₂O₃ coating
/home/sprice/coldspray_documents/documents/outputs/Article_3650/auto/Article_3650.md,Investigation of dynamic contact between cold spray particles and substrate based on 2D SPH method
/home/sprice/coldspray_documents/documents/outputs/Article_2014/auto/Article_2014.md,Metal Knitting: A New Strategy for Cold Gas Spray Additive Manufacturing
/home/sprice/coldspray_documents/documents/outputs/Article_1993/auto/Article_1993.md,Interface structure and tensile behavior of high entropy alloy particles reinforced Al matrix composites by spark plasma sintering
/home/sprice/coldspray_documents/documents/outputs/Article_2828/auto/Article_2828.md,Mechanical and high-temperature steam oxidation properties of Cr coatings deposited via high-power impulse magnetron sputtering
/home/sprice/coldspray_documents/documents/outputs/Article_5446/auto/Article_5446.md,Tribological performance of c-BN/TiC-enhanced NiCrBSi coatings prepared by high-velocity oxy-fuel spraying tested from room temperature to 1000 °C
/home/sprice/coldspray_documents/documents/outputs/Article_1583/auto/Article_1583.md,"Vulcanization, compounding, thermo-mechanical properties and surface morphology of montmorillonite nanoclay based nitrile rubber nanocomposites"
/home/sprice/coldspray_documents/documents/outputs/Article_2341/auto/Article_2341.md,Potential of New-Generation Electron Beam Technology in Interface Modification of Cold and HVOF Sprayed MCrAlY Bond Coats
/home/sprice/coldspray_documents/documents/outputs/Article_2755/auto/Article_2755.md,Mechanical optimisation of Ni coatings produced by low-pressure cold spray
/home/sprice/coldspray_documents/documents/outputs/Article_2363/auto/Article_2363.md,Strengthening characteristic and mechanism of AlCoCrFeNi high-entropy alloy particles for Al-Cu dissimilar friction stir lap welded joint
/home/sprice/coldspray_documents/documents/outputs/Article_5470/auto/Article_5470.md,Recent progresses and applications in laser-based surface texturing systems
/home/sprice/coldspray_documents/documents/outputs/Article_688/auto/Article_688.md,Mechanism of void healing in cold rolled aeroengine M50 bearing steel under electroshocking treatment: A combined experimental and simulation study
/home/sprice/coldspray_documents/documents/outputs/Article_2200/auto/Article_2200.md,Fabrication of a nanostructured high strength steel tube by friction-forging tubular additive manufacturing (FFTAM) technology
/home/sprice/coldspray_documents/documents/outputs/Article_2415/auto/Article_2415.md,Microstructural and Mechanical Evaluation of Laser-Assisted Cold Sprayed Bio-ceramic Coatings: Potential Use for Biomedical Applications
/home/sprice/coldspray_documents/documents/outputs/Article_1118/auto/Article_1118.md,Prediction of heterogeneous microstructural evolution in cold sprayed copper coatings using local Zener-Hollomon parameter and strain
/home/sprice/coldspray_documents/documents/outputs/Article_2029/auto/Article_2029.md,Fatigue Bending of V-Notched Cold-Sprayed FeCoCrNiMn Coatings
/home/sprice/coldspray_documents/documents/outputs/Article_1198/auto/Article_1198.md,Microstructure and tribological behavior of copper and composite copper + alumina cold sprayed coatings for various alumina contents
/home/sprice/coldspray_documents/documents/outputs/Article_1161/auto/Article_1161.md,Numerical and experimental analysis of copper particles velocity in low-pressure cold spraying process
/home/sprice/coldspray_documents/documents/outputs/Article_3418/auto/Article_3418.md,The influence of milling parameters on the properties of the milled powders and the resultant coatings
/home/sprice/coldspray_documents/documents/outputs/Article_5/auto/Article_5.md,Mechanical properties and growth mechanisms of long and small fatigue cracks in as-deposited bulk cold spray Al-6061
/home/sprice/coldspray_documents/documents/outputs/Article_1096/auto/Article_1096.md,Cold sprayed AlNiCoFeCr–TiB2 metal matrix composite coatings
/home/sprice/coldspray_documents/documents/outputs/Article_48/auto/Article_48.md,Substrate Roughness and Thickness Effects on Cold Spray Nanocrystalline Al-Mg Coatings
/home/sprice/coldspray_documents/documents/outputs/Article_3600/auto/Article_3600.md,Ultrafine grain stabilization and corrosion studies on supersonic cold-sprayed Al-5Si/ $\mathrm { \Delta } ^ { \prime } \mathrm { A l } _ { 2 } \mathrm { O } _ { 3 }$ coating via thermal annealing
/home/sprice/coldspray_documents/documents/outputs/Article_5573/auto/Article_5573.md,PowderMet 2013 update
/home/sprice/coldspray_documents/documents/outputs/Article_3159/auto/Article_3159.md,A
/home/sprice/coldspray_documents/documents/outputs/Article_2641/auto/Article_2641.md,WC-Co Composite Coating Deposited by Cold Spraying of a Core-Shell-Structured WC-Co Powder
/home/sprice/coldspray_documents/documents/outputs/Article_1562/auto/Article_1562.md,"Effects of laser remelting process on the microstructure, roughness and microhardness of in-situ cold sprayed hypoeutectic Al-Si coating"
/home/sprice/coldspray_documents/documents/outputs/Article_971/auto/Article_971.md,Printability of low-cost pre-heat-treated ball milled Al7075 powders using compressed air assisted cold spray additive manufacturing
/home/sprice/coldspray_documents/documents/outputs/Article_137/auto/Article_137.md,The Effect of a Simple Annealing Heat Treatment on the Mechanical Properties of Cold-Sprayed Aluminum
/home/sprice/coldspray_documents/documents/outputs/Article_5763/auto/Article_5763.md,Elastoplastic frictional collisions with Collisional-SPH
/home/sprice/coldspray_documents/documents/outputs/Article_3508/auto/Article_3508.md,Direct-Write Thermal Spraying of Multilayer Electronics and Sensor Structures
/home/sprice/coldspray_documents/documents/outputs/Article_3493/auto/Article_3493.md,HA coating on Mg alloys for biomedical applications: A review
/home/sprice/coldspray_documents/documents/outputs/Article_2445/auto/Article_2445.md,Microstructure control and properties of cold-sprayed titanium and its alloy coatings
/home/sprice/coldspray_documents/documents/outputs/Article_2001/auto/Article_2001.md,Microstructure and mechanical properties of $\mathtt { B _ { 4 } C }$ reinforced Al-based matrix composite coatings deposited by CGDS and PGDS processes
/home/sprice/coldspray_documents/documents/outputs/Article_2407/auto/Article_2407.md,Impact-induced bonding process of copper at low velocity and room temperature
/home/sprice/coldspray_documents/documents/outputs/Article_290/auto/Article_290.md,Impact of Ultrasonic Nanocrystal Surface Modification on the Corrosion Behavior of Cold Sprayed and Additive Friction Stir Deposited 304L Austenitic Stainless Steel
/home/sprice/coldspray_documents/documents/outputs/Article_681/auto/Article_681.md,Titanium alloys
/home/sprice/coldspray_documents/documents/outputs/Article_5782/auto/Article_5782.md,On the relationships between the geometric processing parameters of APS and the $\mathrm { A l } _ { 2 } \mathrm { O } _ { 3 } { - } \mathrm { T i O } _ { 2 }$ deposit shapes
/home/sprice/coldspray_documents/documents/outputs/Article_5178/auto/Article_5178.md,In-situ observations of single micro-particle impact bonding
/home/sprice/coldspray_documents/documents/outputs/Article_49/auto/Article_49.md,"Adhesion, tribological and corrosion properties of cold-sprayed CoCrMo and Ti6Al4V coatings on 6061-T651 Al alloy"
/home/sprice/coldspray_documents/documents/outputs/Article_3515/auto/Article_3515.md,Maintenance and repair of gas turbine components
/home/sprice/coldspray_documents/documents/outputs/Article_5240/auto/Article_5240.md,Exploring the enhancement mechanism of crack and oxidation resistances of annealed Cr-coated Zr-4 alloy
/home/sprice/coldspray_documents/documents/outputs/Article_1053/auto/Article_1053.md,SPH modeling and investigation of cold spray additive manufacturing with multi-layer multi-track powders
/home/sprice/coldspray_documents/documents/outputs/Article_5670/auto/Article_5670.md,Chronic Widespread Pain
/home/sprice/coldspray_documents/documents/outputs/Article_6079/auto/Article_6079.md,Eutectic aluminum alloys fabricated by additive manufacturing: A comprehensive review
/home/sprice/coldspray_documents/documents/outputs/Article_3543/auto/Article_3543.md,Drugs eluting dental implants
/home/sprice/coldspray_documents/documents/outputs/Article_2205/auto/Article_2205.md,Sp² carbon embedded in Al-6061 and Al-7075 alloys in the form of crystalline graphene nanoribbons
/home/sprice/coldspray_documents/documents/outputs/Article_5066/auto/Article_5066.md,Interfacial bonding features of Ni coating on Al substrate with different surface pretreatments in cold spray
/home/sprice/coldspray_documents/documents/outputs/Article_85/auto/Article_85.md,Role of in-situ splat sintering on elastic and damping behavior of cold sprayed aluminum coatings
/home/sprice/coldspray_documents/documents/outputs/Article_1499/auto/Article_1499.md,The effect of cold sprayed coatings on the mechanical properties of AZ91D magnesium alloys
/home/sprice/coldspray_documents/documents/outputs/Article_2504/auto/Article_2504.md,Insights into the exceptional cavitation erosion resistance of laser surface melted Ni-WC composites: The effects of WC morphology and distribution
/home/sprice/coldspray_documents/documents/outputs/Article_2546/auto/Article_2546.md,Modification of polyetheretherketone implants: From enhancing bone integration to enabling multi-modal therapeutics
/home/sprice/coldspray_documents/documents/outputs/Article_2825/auto/Article_2825.md,Enhancing corrosion resistance and radiation shielding of AISI 304 SS with Nb and Mo-added Al0.3CrFeCoNi-based high-entropy alloy coatings in 3.5 wt% NaCl: The effect of environmental temperature
/home/sprice/coldspray_documents/documents/outputs/Article_3321/auto/Article_3321.md,The structural characterizations of Ti-17 alloy films prepared by magnetron sputtering
/home/sprice/coldspray_documents/documents/outputs/Article_1011/auto/Article_1011.md,Characterization of single- and multilayer cold-spray coating of Zn on AZ31B
/home/sprice/coldspray_documents/documents/outputs/Article_5295/auto/Article_5295.md,Deposition of high-velocity oxygen-fuel (HVOF) coatings on laser-powder bed fused (L-PBF) parts subjected to in-situ laser remelting treatments
/home/sprice/coldspray_documents/documents/outputs/Article_5608/auto/Article_5608.md,Atomic insights into the deformation mechanism of an amorphous wrapped nanolamellar heterostructure and its effect on self-lubrication
/home/sprice/coldspray_documents/documents/outputs/Article_3488/auto/Article_3488.md,Subject index of volume 527
/home/sprice/coldspray_documents/documents/outputs/Article_1809/auto/Article_1809.md,Laser assisted cold spray of 15–5 PH stainless steel in a designed and developed setup
/home/sprice/coldspray_documents/documents/outputs/Article_935/auto/Article_935.md,A bibliometric analysis of cold spray coating process using VOSviewer
/home/sprice/coldspray_documents/documents/outputs/Article_2747/auto/Article_2747.md,Effect of $\mathsf{\pmb{B_{4}C}}$ content on microhardness and sliding wear behavior of cold sprayed aluminum matrix coatings
/home/sprice/coldspray_documents/documents/outputs/Article_2512/auto/Article_2512.md,"On the processability of copper components via powder-based additive manufacturing processes: Potentials, challenges and feasible solutions"
/home/sprice/coldspray_documents/documents/outputs/Article_1092/auto/Article_1092.md,Wear and corrosion properties of Cu–AlN composite coatings deposited by cold spray
/home/sprice/coldspray_documents/documents/outputs/Article_2503/auto/Article_2503.md,"Interfacial grain structure, texture and tensile behavior of multilayer deformation-based additively manufactured Al 6061 alloy"
/home/sprice/coldspray_documents/documents/outputs/Article_3518/auto/Article_3518.md,Cavitation and electrochemical characteristics of thermal spray coating with sealing material
/home/sprice/coldspray_documents/documents/outputs/Article_1783/auto/Article_1783.md,"Microstructure, mechanical and electrochemical performance of spark plasma sintered CoCrNi medium-entropy alloy"
/home/sprice/coldspray_documents/documents/outputs/Article_2425/auto/Article_2425.md,Examination of the impact of hierarchical lamellar carbide on the nanowear characteristics of laser-cladded Stellite-6 alloy
/home/sprice/coldspray_documents/documents/outputs/Article_5024/auto/Article_5024.md,Complete fatigue crack arrest in metallic structures using bonded prestressed iron-based shape memory alloy repairs
/home/sprice/coldspray_documents/documents/outputs/Article_6067/auto/Article_6067.md,High-current pulsed electron beam modification enhancing the structure and properties of $\mathrm { T i C N } / \mathrm { A l } _ { 2 } \mathrm { O } _ { 3 }$ coatings on cemented carbide
/home/sprice/coldspray_documents/documents/outputs/Article_1202/auto/Article_1202.md,Development of low pressure cold sprayed copper coatings on carbon fiber reinforced polymer (CFRP)
/home/sprice/coldspray_documents/documents/outputs/Article_3349/auto/Article_3349.md,Characterizing the Effect of Thermal Processing on Feedstock Al Alloy Powder for Additive Manufacturing Applications
/home/sprice/coldspray_documents/documents/outputs/Article_655/auto/Article_655.md,Research on fatigue behavior of welded joint spraying fused by low transformation temperature alloy powder
/home/sprice/coldspray_documents/documents/outputs/Article_3575/auto/Article_3575.md,"HYDROXYAPATITENANOMATERIALS: SYNTHESIS,PROPERTIES, AND FUNCTIONALAPPLICATIONS"
/home/sprice/coldspray_documents/documents/outputs/Article_1553/auto/Article_1553.md,Enhanced bonding property of cold-sprayed Zn-Al coating on interstitial-free steel substrate with a nanostructured surface layer
/home/sprice/coldspray_documents/documents/outputs/Article_5673/auto/Article_5673.md,Microstructure and wear behavior of spray-formed and conventionally cast rolls of 18Cr–2.5Mo–Fe alloy
/home/sprice/coldspray_documents/documents/outputs/Article_3183/auto/Article_3183.md,High-temperature corrosion behavior of the FeCrAl laser cladding coatings in waste-to-energy superheaters: Influence of Al content
/home/sprice/coldspray_documents/documents/outputs/Article_20/auto/Article_20.md,Joining of Cast ZE41A Mg to Wrought 6061 Al by the Cold Spray Process and Friction Stir Welding
/home/sprice/coldspray_documents/documents/outputs/Article_5793/auto/Article_5793.md,Lattice misorientation evolution and grain refinement in Al-Si alloys under high-strain shear deformation
/home/sprice/coldspray_documents/documents/outputs/Article_1548/auto/Article_1548.md,The development of heterogeneous materials based on Ni and $\mathtt{B_{4}C}$ powders using a cold spray and stratified selective laser melting technologies
/home/sprice/coldspray_documents/documents/outputs/Article_2850/auto/Article_2850.md,Anti-biofilm activity and in vitro biocompatibility of copper surface prepared by cold gas spray
/home/sprice/coldspray_documents/documents/outputs/Article_2183/auto/Article_2183.md,Driving additive manufacturing towards circular economy: State-of-the-art and future research directions
/home/sprice/coldspray_documents/documents/outputs/Article_2111/auto/Article_2111.md,Effect of Strain Rate on the Microstructure Evolution and Compressive Deformation Behavior of High-Strength Cu Bulk Material Manufactured by Cold Spray Process
/home/sprice/coldspray_documents/documents/outputs/Article_301/auto/Article_301.md,Corrosion Properties of Cold-Sprayed $\mathbf{C r}_{3}\mathbf{C}_{2}$-25(Ni20Cr) Coatings After Heat Treatment
/home/sprice/coldspray_documents/documents/outputs/Article_1778/auto/Article_1778.md,Microstructure evolution and enhanced mechanical properties of additively manufactured CrCoNi medium-entropy alloy composites
/home/sprice/coldspray_documents/documents/outputs/Article_3462/auto/Article_3462.md,Air-isolated stir casting of homogeneous Al-SiC composite with no air entrapment and $\mathrm { { A l } } _ { 4 } \mathrm { { C } } _ { 3 }$
/home/sprice/coldspray_documents/documents/outputs/Article_1464/auto/Article_1464.md,Measurement of Tensile Properties and Hardness of Friction Stir Welded Aluminium Alloy AA1200
/home/sprice/coldspray_documents/documents/outputs/Article_679/auto/Article_679.md,Mechanical properties of meteoritic Fe–Ni alloys for in-situ extraterrestrial structures
/home/sprice/coldspray_documents/documents/outputs/Article_2303/auto/Article_2303.md,Cold-spray coating of an Fe-40 at. % Al alloy with additions of ruthenium
/home/sprice/coldspray_documents/documents/outputs/Article_2325/auto/Article_2325.md,Laser-Assisted Cold-Sprayed Corrosionand Wear-Resistant Coatings: A Review
/home/sprice/coldspray_documents/documents/outputs/Article_2989/auto/Article_2989.md,Copper metallization of carbon fiber-reinforced epoxy polymer composites by surface activation and electrodeposition
/home/sprice/coldspray_documents/documents/outputs/Article_2696/auto/Article_2696.md,Reinforcing material addition techniques in friction stir processing: A review
/home/sprice/coldspray_documents/documents/outputs/Article_5502/auto/Article_5502.md,Tribologically enhanced self-healing of niobium oxide surfaces
/home/sprice/coldspray_documents/documents/outputs/Article_793/auto/Article_793.md,Deposit shape control for local repair and welding by cold spray
/home/sprice/coldspray_documents/documents/outputs/Article_5117/auto/Article_5117.md,A matching design co-enhancing thermal barrier and thermal cyclic performances of sintering-resistant coatings
/home/sprice/coldspray_documents/documents/outputs/Article_5635/auto/Article_5635.md,Woodhead Publishing Series in Metals and Surface Engineering
/home/sprice/coldspray_documents/documents/outputs/Article_5698/auto/Article_5698.md,Investigation of hot corrosion resistance of bare and Ni-20%Cr coated superalloya 825 to Na2bSO4-60%V2Oa5 environment at $9 0 0 ^ { \circ } \mathrm { C }$
/home/sprice/coldspray_documents/documents/outputs/Article_1938/auto/Article_1938.md,Super ductile metallic glasses for energy-saving solid-state processing
/home/sprice/coldspray_documents/documents/outputs/Article_1648/auto/Article_1648.md,On high velocity impact of micro-sized metallic particles in cold spraying
/home/sprice/coldspray_documents/documents/outputs/Article_555/auto/Article_555.md,"Cold sprayed AA2024/Al₂O₃ metal matrix composites improved by friction stir processing: Microstructure characterization, mechanical performance and strengthening mechanisms"
/home/sprice/coldspray_documents/documents/outputs/Article_2880/auto/Article_2880.md,Thermal spray coatings on high-temperature oxidation and corrosion applications – A comprehensive review
/home/sprice/coldspray_documents/documents/outputs/Article_5029/auto/Article_5029.md,Evaluation of residual stresses induced by cold spraying of Ti-6Al-4V on Ti6Al-4V substrates
/home/sprice/coldspray_documents/documents/outputs/Article_5447/auto/Article_5447.md,Supersonically sprayed thermal barrier layers using clay micro-particles
/home/sprice/coldspray_documents/documents/outputs/Article_1801/auto/Article_1801.md,Numerical simulation of deformation behavior of Al particles impacting on Al substrate and effect of surface oxide films on interfacial bonding in cold spraying
/home/sprice/coldspray_documents/documents/outputs/Article_3390/auto/Article_3390.md,Solid-state cold spray welding: Evaluation and future direction
/home/sprice/coldspray_documents/documents/outputs/Article_1671/auto/Article_1671.md,Microstructural Nano-Scale Evolution at Inter-Particles Bonding Interface of Cold-Sprayed Ti6Al4V Deposits During Heat Treatment
/home/sprice/coldspray_documents/documents/outputs/Article_2892/auto/Article_2892.md,Multiphysics analysis of thermal mechanical behavior and tritium migration in FeCrAl and Cr-coated Zircaloy cladding under PWR normal operating and transient conditions
/home/sprice/coldspray_documents/documents/outputs/Article_5086/auto/Article_5086.md,Effect of different incidence angles on bonding performance in cold spraying
/home/sprice/coldspray_documents/documents/outputs/Article_1574/auto/Article_1574.md,Enhanced erosion performance of cold spray co-deposited AISI316 MMCs modified by friction stir processing
/home/sprice/coldspray_documents/documents/outputs/Article_5717/auto/Article_5717.md,Garnet related lithium ion conductor processed by spark plasma sintering for all solid state batteries
/home/sprice/coldspray_documents/documents/outputs/Article_2088/auto/Article_2088.md,Mechanism of formation of intermetallic coatings by the Cold Spray Technology
/home/sprice/coldspray_documents/documents/outputs/Article_6052/auto/Article_6052.md,Optimisation of properties of Ti₃SiC₂ reinforced copper matrix composites
/home/sprice/coldspray_documents/documents/outputs/Article_2050/auto/Article_2050.md,Bonding Characteristics of Cold Sprayed Copper Coating on Alumina Coated Q235 Steel Substrate
/home/sprice/coldspray_documents/documents/outputs/Article_5210/auto/Article_5210.md,Progress of a cost optimization for an HLW repository in Korea
/home/sprice/coldspray_documents/documents/outputs/Article_2930/auto/Article_2930.md,Recent progress in protective coatings against corrosion upon magnesium–lithium alloys: A critical review
/home/sprice/coldspray_documents/documents/outputs/Article_3326/auto/Article_3326.md,Effect of surface modification on friction characteristics of sliding bearings: A review
/home/sprice/coldspray_documents/documents/outputs/Article_2204/auto/Article_2204.md,Investigation on AA7075 and AA7075/SiC surface composites using friction stir processing: An experimental and numerical approach
/home/sprice/coldspray_documents/documents/outputs/Article_575/auto/Article_575.md,Influence of sintering methods on the mechanical properties of aluminium nanocomposites reinforced with carbonaceous compounds: A review
/home/sprice/coldspray_documents/documents/outputs/Article_5030/auto/Article_5030.md,Low pressure cold spraying of TiO2 on acrylonitrile butadiene styrene (ABS)
/home/sprice/coldspray_documents/documents/outputs/Article_5722/auto/Article_5722.md,Comparison of microstructural evolution and oxidation behaviour of NiCoCrAlY and CoNiCrAlY as bond coats used for thermal barrier coatings
/home/sprice/coldspray_documents/documents/outputs/Article_5073/auto/Article_5073.md,Influence of coating defects on the corrosion behavior of cold sprayed refractory metals
/home/sprice/coldspray_documents/documents/outputs/Article_1417/auto/Article_1417.md,"Understanding the processing, microstructure, and deformation behavior of AZ31B Mg alloy fabricated by additive friction stir deposition"
/home/sprice/coldspray_documents/documents/outputs/Article_2536/auto/Article_2536.md,Production of Magnesium and Magnesium Alloy Powders
/home/sprice/coldspray_documents/documents/outputs/Article_293/auto/Article_293.md,Toward Efficient Cold Spraying of Inconel 718: Understanding the Influence of Coating and Particle Impact Temperatures
/home/sprice/coldspray_documents/documents/outputs/Article_3319/auto/Article_3319.md,Research progress on advanced rail materials for electromagnetic railgun technology
/home/sprice/coldspray_documents/documents/outputs/Article_5500/auto/Article_5500.md,Review of PWSCC and mitigation management strategies of Alloy 600 materials of PWRs
/home/sprice/coldspray_documents/documents/outputs/Article_1257/auto/Article_1257.md,A critical review on additive manufacturing of Ti-6Al-4V alloy: microstructure and mechanical properties
/home/sprice/coldspray_documents/documents/outputs/Article_3465/auto/Article_3465.md,Thermal expansion of vacuum plasma sprayed coatings
/home/sprice/coldspray_documents/documents/outputs/Article_3231/auto/Article_3231.md,Adiabatic shear instability based mechanism for particles/substrate bonding in the cold-gas dynamic-spray process
/home/sprice/coldspray_documents/documents/outputs/Article_1190/auto/Article_1190.md,The interfacial restructuring to amorphous: A new adhesion mechanism of cold-sprayed coatings
/home/sprice/coldspray_documents/documents/outputs/Article_93/auto/Article_93.md,Analysis of the residual stress and bonding mechanism in the cold spray technique using experimental and numerical methods
/home/sprice/coldspray_documents/documents/outputs/Article_1088/auto/Article_1088.md,High speed impact induced dehydrogenation of titanium hydride and formation of cellular structure via cold spray
/home/sprice/coldspray_documents/documents/outputs/Article_895/auto/Article_895.md,Tuning the microstructure and mechanical properties of additive manufactured aluminum matrix composites by cold spray
/home/sprice/coldspray_documents/documents/outputs/Article_3117/auto/Article_3117.md,Dissimilar joining of AA2024 aluminum studs and AZ80 magnesium plates by high-speed solid-state welding
/home/sprice/coldspray_documents/documents/outputs/Article_5344/auto/Article_5344.md,Clinical evaluation of lithium disilicate versus indirect resin composite partial posterior restorations – A 7.8-year retrospective study
/home/sprice/coldspray_documents/documents/outputs/Article_2078/auto/Article_2078.md,Advanced Laser Process for Surface Enhancement
/home/sprice/coldspray_documents/documents/outputs/Article_66/auto/Article_66.md,The Microstructural Annealing Response of Cold Gas Dynamically Sprayed Al 6061
/home/sprice/coldspray_documents/documents/outputs/Article_5376/auto/Article_5376.md,Preparation of NiCrAlY/nano- $\mathrm { C e O } _ { 2 }$ powder with the core-shell structure using high-velocity oxy-fuel spraying process
/home/sprice/coldspray_documents/documents/outputs/Article_1861/auto/Article_1861.md,EFFECT OF THE INTENSITY OF MECHANICAL PROCESSING OF BRONZE PARTICLES ON THE CHARACTERISTICS OF COATINGS FORMED BY THE METHOD OF COLD SPRAYING
/home/sprice/coldspray_documents/documents/outputs/Article_610/auto/Article_610.md,Making sustainable aluminum by recycling scrap: The science of “dirty” alloys
/home/sprice/coldspray_documents/documents/outputs/Article_989/auto/Article_989.md,Metallization of carbon-fibre reinforced composites via a metal-epoxy biphasic sublayer and low-pressure cold spraying
/home/sprice/coldspray_documents/documents/outputs/Article_1346/auto/Article_1346.md,The effect of the standoff distance on the microstructure and mechanical properties of cold sprayed $\mathrm { C r } _ { 3 } \mathrm { C } _ { 2 } { \cdot } 2 5 ( \mathrm { N i } 2 0 \mathrm { C r } )$ coatings
/home/sprice/coldspray_documents/documents/outputs/Article_2725/auto/Article_2725.md,An exploratory study on miniaturized additive friction stir deposition
/home/sprice/coldspray_documents/documents/outputs/Article_1979/auto/Article_1979.md,Comparison of the mechanical and electrochemical properties of WC-17 and 12Co coatings onto Al7075-T6 obtained by high velocity oxy-fuel and cold gas spraying
/home/sprice/coldspray_documents/documents/outputs/Article_2938/auto/Article_2938.md,Improving the surface characteristics of additively manufactured parts: A review
/home/sprice/coldspray_documents/documents/outputs/Article_1166/auto/Article_1166.md,Parameter study influencing thermal conductivity of annealed pure copper coatings deposited by selective cold spray processes
/home/sprice/coldspray_documents/documents/outputs/Article_2672/auto/Article_2672.md,Recent progress in research on bonding technologies of W/Cu monoblocks as the divertor for nuclear fusion reactors
/home/sprice/coldspray_documents/documents/outputs/Article_5531/auto/Article_5531.md,Preparation and properties of chromium protective coatings on lithium targets for accelerator-based neutron sources
/home/sprice/coldspray_documents/documents/outputs/Article_960/auto/Article_960.md,"Cold spray deposition and microstructure characterization of CuNi, CuSn, and CuNiSiCr coatings"
/home/sprice/coldspray_documents/documents/outputs/Article_1575/auto/Article_1575.md,TEM microanalysis of interfacial structures after dry sliding of cold sprayed Al–Al₂O₃
/home/sprice/coldspray_documents/documents/outputs/Article_1820/auto/Article_1820.md,Investigation of Mechanical Behavior and Surface Characteristics of Cold Spray Metallized B4C/AA7075 Composites Coated by AZ64 Alloy through Plasma Electrolytic Oxidation
/home/sprice/coldspray_documents/documents/outputs/Article_84/auto/Article_84.md,CHARACTERIZATION OF AL6061 SPLATS COLD SPRAY-DEPOSITED ON AL6061-T6 SUBSTRATE
/home/sprice/coldspray_documents/documents/outputs/Article_3616/auto/Article_3616.md,Study of Low-Pressure Cold Spray Additive Manufacturing: Investigation of Kinematic Spray Parameters on Deposition and Properties
/home/sprice/coldspray_documents/documents/outputs/Article_6118/auto/Article_6118.md,A study of investigating the effects of variables and assessing the efficiency of air plasma spray as a coating technique
/home/sprice/coldspray_documents/documents/outputs/Article_5333/auto/Article_5333.md,Influence of nanodiamond on compressive and dry-sliding wear behaviors of $\mathsf{Al}_{2}\mathsf{O}_{3}$–$\mathsf{Al}$ interpenetrating-phase composites
/home/sprice/coldspray_documents/documents/outputs/Article_1597/auto/Article_1597.md,Effects of Spray Parameters and Heat Treatment on the Microstructure and Mechanical Properties of Titanium Coatings Formed by Warm Spraying
/home/sprice/coldspray_documents/documents/outputs/Article_252/auto/Article_252.md,On the Role of Deformation and Cracking in the Cold Spray Processing of Refractory Ta Powders Onto Ta or 4340 Steel Substrates: Effects of Topical Oxide Layers and Spray Velocity
/home/sprice/coldspray_documents/documents/outputs/Article_5612/auto/Article_5612.md,Neuromodulation of the Cervical Dorsal Root Ganglion for Upper Extremity Complex Regional Pain Syndrome—Case Report
/home/sprice/coldspray_documents/documents/outputs/Article_2918/auto/Article_2918.md,"Microstructure, multi-scale mechanical and tribological performance of HVAF sprayed AlCoCrFeNi high-entropy alloy coating"
/home/sprice/coldspray_documents/documents/outputs/Article_1218/auto/Article_1218.md,Role of crystalline orientations and additive layers on bulk tensile response of wire-arc directed energy deposited (WDED) single phase titanium
/home/sprice/coldspray_documents/documents/outputs/Article_5353/auto/Article_5353.md,Status and future trends in suspension spray techniques
/home/sprice/coldspray_documents/documents/outputs/Article_1944/auto/Article_1944.md,In-situ observation of twinning and grain rotation assisted deformation in wire-arc direct energy deposited (WDED) single phase titanium
/home/sprice/coldspray_documents/documents/outputs/Article_2704/auto/Article_2704.md,Wear and corrosion properties of mechanically coated 316 stainless Steel-TiC nanocomposites
/home/sprice/coldspray_documents/documents/outputs/Article_1451/auto/Article_1451.md,Exploring Miniaturized HVOF Systems for the Deposition of Ti-6Al-4V
/home/sprice/coldspray_documents/documents/outputs/Article_286/auto/Article_286.md,The Study of Assessment Parameters and Performance Measurement of Cold Spray Technique: A Futuristic Approach Towards Additive Manufacturing
/home/sprice/coldspray_documents/documents/outputs/Article_936/auto/Article_936.md,Mechanical alloying of AlCoCrFe and AlCoCrFeNi: Design and experimental evaluation of medium- and high-entropy alloy particles for cold spraying
/home/sprice/coldspray_documents/documents/outputs/Article_1509/auto/Article_1509.md,Effect of encapsulated hot isostatic pressing on properties of Ti6Al4V deposits produced by cold spray
/home/sprice/coldspray_documents/documents/outputs/Article_2272/auto/Article_2272.md,Cold-Sprayed AZ91D Coating and SiC/AZ91D Composite Coatings
/home/sprice/coldspray_documents/documents/outputs/Article_5345/auto/Article_5345.md,"Influence of $1 3 \ \mathrm { w t } \%$ $\mathrm { T i O } _ { 2 }$ content in alumina-titania powders on microstructure, sliding wear and cavitation erosion resistance of APS sprayed coatings"
/home/sprice/coldspray_documents/documents/outputs/Article_670/auto/Article_670.md,"Enhancement mechanisms of mechanical, electrical and thermal properties of carbon nanotube-copper composites: A review"
/home/sprice/coldspray_documents/documents/outputs/Article_5287/auto/Article_5287.md,Wear resistance enhancement of HVOF-sprayed WC-Co coating by complete densification of starting powder
/home/sprice/coldspray_documents/documents/outputs/Article_3434/auto/Article_3434.md,Update on Alternatives for Cadmium Coatings on Military Electrical Connectors
/home/sprice/coldspray_documents/documents/outputs/Article_5653/auto/Article_5653.md,A multi-centred clinical audit to describe the efficacy of direct supra-coronal splinting – A minimally invasive approach to the management of cracked tooth syndrome
/home/sprice/coldspray_documents/documents/outputs/Article_2928/auto/Article_2928.md,Mechanical plating of Al/CNT composite coatings on aluminum substrates
/home/sprice/coldspray_documents/documents/outputs/Article_2380/auto/Article_2380.md,POWDERMET2017: lightweight materials for the future
/home/sprice/coldspray_documents/documents/outputs/Article_2130/auto/Article_2130.md,Powder Properties and Processing Conditions Affecting Cold Spray Deposition
/home/sprice/coldspray_documents/documents/outputs/Article_630/auto/Article_630.md,Revealing strengthening contribution of grain refinement and phase precipitation in CrMnFeCoNi high-entropy alloy prepared from different powders
/home/sprice/coldspray_documents/documents/outputs/Article_1927/auto/Article_1927.md,"Manufacturing of an innovative composite structure: Design, manufacturing and impact behaviour"
/home/sprice/coldspray_documents/documents/outputs/Article_2518/auto/Article_2518.md,Development of a micro-scale method to assess the effect of corrosion on the mechanical properties of a biodegradable Fe-316L stent material
/home/sprice/coldspray_documents/documents/outputs/Article_3235/auto/Article_3235.md,Isothermal oxidation of the Ti₂AlC MAX phase coatings deposited by kerosene-fuelled HVOF spray
/home/sprice/coldspray_documents/documents/outputs/Article_3164/auto/Article_3164.md,Fabrication of high aspect ratio free-standing structures using abrasive water jet micro-machining
/home/sprice/coldspray_documents/documents/outputs/Article_1232/auto/Article_1232.md,Cold-spray coatings on magnesium and its alloys
/home/sprice/coldspray_documents/documents/outputs/Article_6022/auto/Article_6022.md,Microstructural evolution of AA7075 powder as feedstock material for cold spray deposition
/home/sprice/coldspray_documents/documents/outputs/Article_1478/auto/Article_1478.md,Microstructures and elevated temperature properties of rapidly solidified Cu-3Ag-0.5Zr and Cu-3Ag-0.5Zr-0.4Cr-0.35Nb alloys
/home/sprice/coldspray_documents/documents/outputs/Article_1576/auto/Article_1576.md,Additive manufacturing hybrid Ni/Ti-6Al-4V structural component via selective laser melting and cold spraying
/home/sprice/coldspray_documents/documents/outputs/Article_1028/auto/Article_1028.md,In-situ $\mathsf{Si}_{\mathrm{p}}/\mathsf{A380}$ alloy nano/micro composite formation through cold spray additive manufacturing and subsequent hot rolling treatment: Microstructure and mechanical properties
/home/sprice/coldspray_documents/documents/outputs/Article_2417/auto/Article_2417.md,Martensite morphology and volume fraction evaluation of dual-phase X70 steel using magnetic Barkhausen noise technique
/home/sprice/coldspray_documents/documents/outputs/Article_2430/auto/Article_2430.md,Laser shock peening optimized microstructure stabilizes compressive residual stress to improve fatigue performance of high-strength aluminum alloy hole structure
/home/sprice/coldspray_documents/documents/outputs/Article_710/auto/Article_710.md,Cold Spray Equipments and Technologies
/home/sprice/coldspray_documents/documents/outputs/Article_3132/auto/Article_3132.md,Autoclave grid-to-rod fretting wear evaluation of a candidate cladding coating for accident-tolerant fuel
/home/sprice/coldspray_documents/documents/outputs/Article_2948/auto/Article_2948.md,Effect of heat treatment and cryo-treatment on dry tribological behavior of Inconel 718 fabricated using laser powder bed fusion
/home/sprice/coldspray_documents/documents/outputs/Article_6028/auto/Article_6028.md,"Cold spray-friction stir hybrid additive manufacturing of 316L SS: Feasibility, microstructure, and mechanical performance"
/home/sprice/coldspray_documents/documents/outputs/Article_2404/auto/Article_2404.md,"Current trends in electron beam and laser powder bed fusion additive manufacturing of copper alloys: Composition, defects, properties, and challenges"
/home/sprice/coldspray_documents/documents/outputs/Article_3540/auto/Article_3540.md,"The effect of graphene oxide on surface features, biological performance and bio-stability of calcium phosphate coating applied by pulse electrochemical deposition"
/home/sprice/coldspray_documents/documents/outputs/Article_5096/auto/Article_5096.md,The effect of temperature on gross slip fretting wear of cold-sprayed nickel coatings on Ti6Al4V interfaces
/home/sprice/coldspray_documents/documents/outputs/Article_98/auto/Article_98.md,"Microstructure, mechanical properties, and corrosion behavior of 6061 Al alloy prepared by cold spray-friction stir processing composite additive manufacturing"
/home/sprice/coldspray_documents/documents/outputs/Article_2321/auto/Article_2321.md,Effect of Parameters to the Coating Formation during Cold Spray Process
/home/sprice/coldspray_documents/documents/outputs/Article_1877/auto/Article_1877.md,Effect of Various Heat Treatments on the Microstructure of 316L Austenitic Stainless Steel Coatings Obtained by Cold Spray
/home/sprice/coldspray_documents/documents/outputs/Article_5070/auto/Article_5070.md,Deposition behavior of cold-sprayed metallic glass particles onto different substrates
/home/sprice/coldspray_documents/documents/outputs/Article_2235/auto/Article_2235.md,Novel Method of Aluminum to Copper Bonding by Cold Spray
/home/sprice/coldspray_documents/documents/outputs/Article_2072/auto/Article_2072.md,The Influence of Copper Powder Morphology on Mechanical Properties of Low-Pressure Cold Sprayed Coatings
/home/sprice/coldspray_documents/documents/outputs/Article_5324/auto/Article_5324.md,ACTA MATERIALIA CONTENTS OF VOLUME 56
/home/sprice/coldspray_documents/documents/outputs/Article_5474/auto/Article_5474.md,Estimating and reducing dissipative losses in thermal spray: A parametrized material flow analysis approach
/home/sprice/coldspray_documents/documents/outputs/Article_1677/auto/Article_1677.md,Mechanical and Electrical Properties and Phase Analysis of Aged Cu-Mg-Ce Alloy
/home/sprice/coldspray_documents/documents/outputs/Article_3492/auto/Article_3492.md,Realising the potential of graphene-based materials for biosurfaces – A future perspective
/home/sprice/coldspray_documents/documents/outputs/Article_560/auto/Article_560.md,Experimental and theoretical research on the effect of Co addition on microstructure and properties of Cu-W alloy
/home/sprice/coldspray_documents/documents/outputs/Article_1709/auto/Article_1709.md,Microstructure and Properties of Cold-Sprayed Al-x%Al2O3 Composite Coatings on LA43M Mg-Li Alloy
/home/sprice/coldspray_documents/documents/outputs/Article_861/auto/Article_861.md,Characterization of cermet coatings deposited by low-pressure cold spraying
/home/sprice/coldspray_documents/documents/outputs/Article_1372/auto/Article_1372.md,Thermal fatigue behavior of thermal barrier coatings with the MCrAlY bond coats by cold spraying and low-pressure plasma spraying
/home/sprice/coldspray_documents/documents/outputs/Article_3331/auto/Article_3331.md,Unveiling damage mechanisms of chromium-coated zirconium-based fuel claddings by coupling digital image correlation and acoustic emission
/home/sprice/coldspray_documents/documents/outputs/Article_5046/auto/Article_5046.md,Development of hybrid metallic coatings on carbon fiber-reinforced polymers (CFRPs) by cold spray deposition of copper-assisted copper electroplating process
/home/sprice/coldspray_documents/documents/outputs/Article_2501/auto/Article_2501.md,"AlCoCrFeNi high-entropy alloy coatings prepared by gas tungsten arc cladding: Microstructure, mechanical and corrosion properties"
/home/sprice/coldspray_documents/documents/outputs/Article_2322/auto/Article_2322.md,Review Progress in Wear Resistant Materials for Total Hip Arthroplasty
/home/sprice/coldspray_documents/documents/outputs/Article_2333/auto/Article_2333.md,Effect of Substrate Type on the Material Properties of WC-5wt%Ni Cold Sprayed Coatings
/home/sprice/coldspray_documents/documents/outputs/Article_2830/auto/Article_2830.md,Experimental investigation on tool pin profile for defect-free multi-layered laminates using friction stir additive manufacturing
/home/sprice/coldspray_documents/documents/outputs/Article_1626/auto/Article_1626.md,From morphology of attrited copper/MWCNT hybrid fillers to thermal and mechanical characteristics of their respective polymer-matrix composites: An analytical and experimental study
/home/sprice/coldspray_documents/documents/outputs/Article_3316/auto/Article_3316.md,Behavior of plasma sprayed Cr coatings and FeCrAl coatings on Zr fuel cladding under loss-of-coolant accident conditions
/home/sprice/coldspray_documents/documents/outputs/Article_2610/auto/Article_2610.md,Electrochemical behavior of cold sprayed hydroxyapatite/titanium composite in Hanks’ solution
/home/sprice/coldspray_documents/documents/outputs/Article_978/auto/Article_978.md,Surface topography analysis in cold spray additive manufacturing
/home/sprice/coldspray_documents/documents/outputs/Article_6115/auto/Article_6115.md,In vitro assays and development strategies for magnesium-based biodegradable cardiovascular stent: A decade of review
/home/sprice/coldspray_documents/documents/outputs/Article_5263/auto/Article_5263.md,SiC/Si thin film deposited on zircaloy to improved accident tolerant fuel cladding
/home/sprice/coldspray_documents/documents/outputs/Article_719/auto/Article_719.md,Residual stress and microstructure properties by trailing cooling of argon gas of wire and arc additive manufacturing
/home/sprice/coldspray_documents/documents/outputs/Article_5230/auto/Article_5230.md,Microstructure and wear behavior of the (AlCoCrFeNi)x/(WC–10Co)1-x composite coatings produced via high velocity oxy-fuel thermal spraying
/home/sprice/coldspray_documents/documents/outputs/Article_2766/auto/Article_2766.md,Wear performance of composite dual-layer coated Al-12Si alloy: Effect of Al₂Ce reinforcement and micro-arc oxidation
/home/sprice/coldspray_documents/documents/outputs/Article_3516/auto/Article_3516.md,Microstructural evolution and bonding of HVOF sprayed Ni particles on both mild and stainless-steel substrates
/home/sprice/coldspray_documents/documents/outputs/Article_3460/auto/Article_3460.md,Effects of HiPIMS discharges and annealing on Cr-Al-C thin films
/home/sprice/coldspray_documents/documents/outputs/Article_3207/auto/Article_3207.md,Environmental degradation of ceramic materials in nuclear energy systems
/home/sprice/coldspray_documents/documents/outputs/Article_1446/auto/Article_1446.md,"Influence of $\mathbf { T i B } _ { 2 }$ volume fraction on $\bf { \ s i c _ { p } } /$ AlSi10Mg composites by LPBF: Microstructure, mechanical, and physical properties"
/home/sprice/coldspray_documents/documents/outputs/Article_59/auto/Article_59.md,In-situ creep deformation of cold-sprayed aluminum splats at elevated temperatures
/home/sprice/coldspray_documents/documents/outputs/Article_3678/auto/Article_3678.md,Microstructure and tribological properties of plasma sprayed Cu-15Ni-8Sn coatings
/home/sprice/coldspray_documents/documents/outputs/Article_1670/auto/Article_1670.md,Tribological behavior and wear mechanism of $\mathrm { T i O } _ { 2 } / \mathrm { M o S } _ { 2 }$ nanocomposite coatings fabricated on TC6 alloys by micro-arc oxidation and duplex surface technologies
/home/sprice/coldspray_documents/documents/outputs/Article_842/auto/Article_842.md,Powders for Composites
/home/sprice/coldspray_documents/documents/outputs/Article_6122/auto/Article_6122.md,Structural and thermal study of nanostructured $\mathrm{Cr}_{80}\mathrm{Co}_{10}\mathrm{Si}_{10}$ mixture
/home/sprice/coldspray_documents/documents/outputs/Article_2756/auto/Article_2756.md,Particle-target interactions of high-speed microparticle impact for resulting material modifications
/home/sprice/coldspray_documents/documents/outputs/Article_5261/auto/Article_5261.md,Simultaneous fabrication of $\boldsymbol{\Gamma}\mathrm{i\text{-}MoS}_2$ self-lubricating coatings and gradient structures to improve the wear resistance of AZ91D alloys
/home/sprice/coldspray_documents/documents/outputs/Article_5148/auto/Article_5148.md,Interfacial bonding mechanisms between aluminum and titanium during cold gas spraying followed by friction-stir modification
/home/sprice/coldspray_documents/documents/outputs/Article_6030/auto/Article_6030.md,Manufacturing and cold spraying of hybrid composites — A path for metallizing thermoset matrix composites
/home/sprice/coldspray_documents/documents/outputs/Article_5139/auto/Article_5139.md,Supersonically sprayed rGO/ZIF8 on nickel nanocone substrate for highly stable supercapacitor electrodes
/home/sprice/coldspray_documents/documents/outputs/Article_5326/auto/Article_5326.md,Vacuum
/home/sprice/coldspray_documents/documents/outputs/Article_3281/auto/Article_3281.md,Subject index of volume 528
/home/sprice/coldspray_documents/documents/outputs/Article_5781/auto/Article_5781.md,Deposition and corrosion resistance of HVOF sprayed nanocrystalline iron aluminide coatings
/home/sprice/coldspray_documents/documents/outputs/Article_2332/auto/Article_2332.md,Ti-Al intermetallic compounds synthesis in coatings deposited by cold spraying
/home/sprice/coldspray_documents/documents/outputs/Article_3447/auto/Article_3447.md,HVOF sprayed diamond reinforced nano-structured bronze coatings
/home/sprice/coldspray_documents/documents/outputs/Article_2061/auto/Article_2061.md,"Modification of surface hardness, wear resistance and corrosion resistance of cold spray Al coated AZ31B Mg alloy using cold spray double layered Ta/ Ti coating in 3.5 wt % NaCl solution"
/home/sprice/coldspray_documents/documents/outputs/Article_2052/auto/Article_2052.md,Inconel 713C Coating by Cold Spray for Surface Enhancement of Inconel 718
/home/sprice/coldspray_documents/documents/outputs/Article_2247/auto/Article_2247.md,Advancements and future prospects of additive manufacturing in high-entropy alloy applications
/home/sprice/coldspray_documents/documents/outputs/Article_5433/auto/Article_5433.md,Surface modification of magnesium and its alloys for biomedical applications: opportunities and challenges
/home/sprice/coldspray_documents/documents/outputs/Article_3083/auto/Article_3083.md,Coatings on Mg alloys and their mechanical properties: A review
/home/sprice/coldspray_documents/documents/outputs/Article_2201/auto/Article_2201.md,WC-based composite coatings prepared by the pulsed gas dynamic spraying process: Effect of the feedstock powders
/home/sprice/coldspray_documents/documents/outputs/Article_1269/auto/Article_1269.md,The effect of post-treatments on the powder morphology of titanium dioxide (TiO₂) powders synthesized for cold spray
/home/sprice/coldspray_documents/documents/outputs/Article_3531/auto/Article_3531.md,Development of Nanostructured Composite Coatings on Metallic Surfaces
/home/sprice/coldspray_documents/documents/outputs/Article_1782/auto/Article_1782.md,Fabrication of an AA6061-ZrO₂ composite via additive friction stir deposition
/home/sprice/coldspray_documents/documents/outputs/Article_3399/auto/Article_3399.md,Review on soft magnetic metal and inorganic oxide nanocomposites for power applications
/home/sprice/coldspray_documents/documents/outputs/Article_5591/auto/Article_5591.md,Characterization and tribological behaviour of Indian clam seashell-derived hydroxyapatite coating applied on titanium alloy by plasma spray technique
/home/sprice/coldspray_documents/documents/outputs/Article_1817/auto/Article_1817.md,Cold-Sprayed Composite Metal-Fluoropolymer Coatings for Alloy Protection against Corrosion and Wear
/home/sprice/coldspray_documents/documents/outputs/Article_2567/auto/Article_2567.md,Recent advancement in surface modification techniques for bio-implants
/home/sprice/coldspray_documents/documents/outputs/Article_5207/auto/Article_5207.md,Data science and material informatics in physical metallurgy and material science: An overview of milestones and limitations
/home/sprice/coldspray_documents/documents/outputs/Article_3643/auto/Article_3643.md,Study on the corrosion behavior of cold sprayed aluminum-based coatings on Mg-based alloy in chloride containing solution: Effect of N₂ processing gas temperature
/home/sprice/coldspray_documents/documents/outputs/Article_692/auto/Article_692.md,Current trends in additive manufacturing of selective laser melting for biomedical implant applications
/home/sprice/coldspray_documents/documents/outputs/Article_1062/auto/Article_1062.md,Characterization of monolayer and single-pass pure Cu coatings applied to 6061 T6 Al alloy and AZ31B Mg alloy substrates using high-pressure cold spray technology
/home/sprice/coldspray_documents/documents/outputs/Article_1700/auto/Article_1700.md,Comparative Analysis of Mechanical and Electrical Properties of Graphene/Copper Composite Coating on PEEK via Cold Spray with Varied Nozzle Speed
/home/sprice/coldspray_documents/documents/outputs/Article_3541/auto/Article_3541.md,Splat formation of polypropylene flame sprayed onto a flat surface
/home/sprice/coldspray_documents/documents/outputs/Article_2840/auto/Article_2840.md,Microstructural and tribological properties of laser-treated cold-sprayed titanium/baghdadite deposits
/home/sprice/coldspray_documents/documents/outputs/Article_5530/auto/Article_5530.md,"Toward predicting thermal conductivity of hybrid nanofluids: Application of a committee of robust neural networks, theoretical, and empirical models

Segregation of chemical elements in the volume of powder particles during it's treatment as"
/home/sprice/coldspray_documents/documents/outputs/Article_5423/auto/Article_5423.md,Experimental research progress of grid to rod fretting in pressurized water reactors
/home/sprice/coldspray_documents/documents/outputs/Article_1806/auto/Article_1806.md,Influence of Gas Temperature and Heat Treatment on Microstructure and Properties of Cold Sprayed Commercially Pure Titanium
/home/sprice/coldspray_documents/documents/outputs/Article_3379/auto/Article_3379.md,Top 10 directions in lithography 3D printing
/home/sprice/coldspray_documents/documents/outputs/Article_518/auto/Article_518.md,Synthesis of bulk nanostructured aluminum alloy component through vacuum plasma spray technique
/home/sprice/coldspray_documents/documents/outputs/Article_294/auto/Article_294.md,OPTIMIZATION OF LASER ASSISTED COLD SPRAY OF NIOBIUM METAL
/home/sprice/coldspray_documents/documents/outputs/Article_877/auto/Article_877.md,Relationship between particle interface structure and performance of cold sprayed CuCrZr deposit
/home/sprice/coldspray_documents/documents/outputs/Article_2551/auto/Article_2551.md,Interface temperature evolution and bonding characteristics analysis induced by microparticle impact
/home/sprice/coldspray_documents/documents/outputs/Article_5496/auto/Article_5496.md,Corrosion behavior of alloys in Li₂CO₃–K₂CO₃ eutectic salt under an Air-then-Argon condition
/home/sprice/coldspray_documents/documents/outputs/Article_3096/auto/Article_3096.md,A dislocation density-based meshfree computational framework for solid phase processing
/home/sprice/coldspray_documents/documents/outputs/Article_1465/auto/Article_1465.md,Effects of Effective Dendrite Size on Dynamic Tensile Properties of Ti-Based Amorphous Matrix Composites
/home/sprice/coldspray_documents/documents/outputs/Article_2091/auto/Article_2091.md,Structural and Electrical Properties of ZnO Films Prepared by Pulsed Laser Deposition
/home/sprice/coldspray_documents/documents/outputs/Article_678/auto/Article_678.md,A review on nickel-free nitrogen containing austenitic stainless steels for biomedical applications
/home/sprice/coldspray_documents/documents/outputs/Article_827/auto/Article_827.md,Cold spray additive manufacturing metal knitting: Process parameters effect on aluminum components geometry
/home/sprice/coldspray_documents/documents/outputs/Article_5561/auto/Article_5561.md,Tribological behaviors of Ag−graphite composites reinforced with spherical graphite
/home/sprice/coldspray_documents/documents/outputs/Article_2470/auto/Article_2470.md,Cold Spray Repair of Martensitic Stainless Steel Components
/home/sprice/coldspray_documents/documents/outputs/Article_5643/auto/Article_5643.md,Development of polycrystalline diamond micro end mill for milling-grinding combined machining of cemented carbide
/home/sprice/coldspray_documents/documents/outputs/Article_988/auto/Article_988.md,Corrosion protection performance of stretched graphene-modified cold-sprayed zinc coating for steel rebar
/home/sprice/coldspray_documents/documents/outputs/Article_2493/auto/Article_2493.md,Bonding and microstructure evolution in electromagnetic pulse welding of hardenable Al alloys
/home/sprice/coldspray_documents/documents/outputs/Article_5779/auto/Article_5779.md,The Importance of Corrosion and the Necessity of Applying Intelligent Coatings for Its Control
/home/sprice/coldspray_documents/documents/outputs/Article_2574/auto/Article_2574.md,Hardfacing steel with nanostructured coatings of Stellite-6 by supersonic laser deposition
/home/sprice/coldspray_documents/documents/outputs/Article_1846/auto/Article_1846.md,Magnesium Technology 2023
/home/sprice/coldspray_documents/documents/outputs/Article_1641/auto/Article_1641.md,Cold spraying of Al–Sn binary alloy: Coating characteristics and particle bonding features
/home/sprice/coldspray_documents/documents/outputs/Article_1540/auto/Article_1540.md,Cold spray additive manufacturing of metal matrix composites (MMCs) using a novel nano-TiB2-reinforced 7075Al powder
/home/sprice/coldspray_documents/documents/outputs/Article_1492/auto/Article_1492.md,Practical Cold Spray
/home/sprice/coldspray_documents/documents/outputs/Article_5006/auto/Article_5006.md,Fracture Behavior of Cold Sprayed 304 Stainless Steel Coating During Cold Rolling
/home/sprice/coldspray_documents/documents/outputs/Article_111/auto/Article_111.md,"Experimental Substantiation of Computational Thermodynamic, Kinetic, and Solidification Modeling for Cold Sprayable, Gas-atomized, Al 6061 Powder"
/home/sprice/coldspray_documents/documents/outputs/Article_5495/auto/Article_5495.md,"Influence of Normal Load, Sliding Speed and Ambient Temperature on Wear Resistance of ZG42CrMo"
/home/sprice/coldspray_documents/documents/outputs/Article_5525/auto/Article_5525.md,Characterizing the crosslinking process of borate and hydroxypropyl guar gum by diffusing wave spectroscopy
/home/sprice/coldspray_documents/documents/outputs/Article_5775/auto/Article_5775.md,Preliminary conceptual design of a geological disposal system for high-level wastes from the pyroprocessing of PWR spent fuels
/home/sprice/coldspray_documents/documents/outputs/Article_2690/auto/Article_2690.md,Laser cladding of heterogeneous structured Cu-Cr-W-SiC coatings with balanced electrical conductivity and wear resistance
/home/sprice/coldspray_documents/documents/outputs/Article_158/auto/Article_158.md,Heat Treatment of Cold-Sprayed C355 Al for Repair: Microstructure and Mechanical Properties
/home/sprice/coldspray_documents/documents/outputs/Article_1984/auto/Article_1984.md,Tribocorrosion Challenges and Surface Engineering Strategies for Magnesium-Based Biodegradable Materials: A Critical Review
/home/sprice/coldspray_documents/documents/outputs/Article_3060/auto/Article_3060.md,Elimination of porosity in directly fabricated titanium via cold gas dynamic spraying
/home/sprice/coldspray_documents/documents/outputs/Article_3260/auto/Article_3260.md,SiC particulate reinforced Al–12Si alloy composite coatings produced by the pulsed gas dynamic spray process: Microstructure and properties
/home/sprice/coldspray_documents/documents/outputs/Article_550/auto/Article_550.md,An insight into the interfacial structure and mechanical properties of Al/Cu laminate fabricated through cold spraying and post-treatment
/home/sprice/coldspray_documents/documents/outputs/Article_1682/auto/Article_1682.md,Cold Spray of Ni-Based Superalloys: A Review on Processing and Residual Stress
/home/sprice/coldspray_documents/documents/outputs/Article_2863/auto/Article_2863.md,Ceramic breeder blankets
/home/sprice/coldspray_documents/documents/outputs/Article_2864/auto/Article_2864.md,Optimized surface engineering of Ti-6Al-4V: Comprehensive coating evaluation for biomedical applications
/home/sprice/coldspray_documents/documents/outputs/Article_1797/auto/Article_1797.md,Elucidating the challenges in the development and deployment of refractory complex concentrated alloys for additive manufacturing
/home/sprice/coldspray_documents/documents/outputs/Article_2582/auto/Article_2582.md,Thermal Stability of Microstructure and Hardness of Cold-Sprayed cBN/NiCrAl Nanocomposite Coating
/home/sprice/coldspray_documents/documents/outputs/Article_2331/auto/Article_2331.md,A Review of Advanced Composite and Nanostructured Coatings by Solid-State Cold Spraying Process
/home/sprice/coldspray_documents/documents/outputs/Article_1619/auto/Article_1619.md,Enhanced distribution and mechanical properties of high content nanoparticles reinforced metal matrix composite prepared by flake dispersion
/home/sprice/coldspray_documents/documents/outputs/Article_2468/auto/Article_2468.md,"Microstructure Evolution and Mechanical Behavior of Cold-Sprayed, Bulk Nanostructured Titanium"
/home/sprice/coldspray_documents/documents/outputs/Article_1949/auto/Article_1949.md,Influence of crystallite size and lattice spacing on thermal conduction of polycrystalline copper deposited by solid particle impingement: Contribution of electron and phonon conduction
/home/sprice/coldspray_documents/documents/outputs/Article_1300/auto/Article_1300.md,Sliding wear of cold sprayed Ti6Al4V coatings: Effect of porosity and normal load
/home/sprice/coldspray_documents/documents/outputs/Article_5161/auto/Article_5161.md,Critical Review of Factors Hindering Scalability of Complex Concentrated Alloys
/home/sprice/coldspray_documents/documents/outputs/Article_1810/auto/Article_1810.md,Solid-state cold spray additive manufacturing of pure tantalum with extraordinary hightemperature mechanical properties
/home/sprice/coldspray_documents/documents/outputs/Article_53/auto/Article_53.md,In situ stress measurements during anodic dissolution of cold spray AA6061 coating
/home/sprice/coldspray_documents/documents/outputs/Article_2122/auto/Article_2122.md,Comparison of tribological behavior of Fe-based metallic glass coatings fabricated by cold spraying and high velocity air fuel spraying
/home/sprice/coldspray_documents/documents/outputs/Article_680/auto/Article_680.md,Optimization and characterization of Cu-Zn-Al₂O₃ cold spray coating on PEEK
/home/sprice/coldspray_documents/documents/outputs/Article_2719/auto/Article_2719.md,Fabrication and characterization of WC particles reinforced Ni–Fe composite coating by jet electrodeposition
/home/sprice/coldspray_documents/documents/outputs/Article_1600/auto/Article_1600.md,FRICTION STIR WELDING AND PROCESSING VIII
/home/sprice/coldspray_documents/documents/outputs/Article_5475/auto/Article_5475.md,Effect of tungsten and vanadium additions on the dry abrasive wear and solid particle erosion of flame-sprayed AlCoCrFeMo high entropy alloy coatings
/home/sprice/coldspray_documents/documents/outputs/Article_5766/auto/Article_5766.md,Solid/liquid interaction between Si-based phase change materials and refractories
/home/sprice/coldspray_documents/documents/outputs/Article_106/auto/Article_106.md,A viable approach to repair neutron shielding B4C/6061 Al composite sheets through cold spray and hot rolling co-treatment
/home/sprice/coldspray_documents/documents/outputs/Article_1154/auto/Article_1154.md,Investigation on relationship between mechanical properties and microstructural characteristics of metal matrix composites fabricated by cold spraying technique
/home/sprice/coldspray_documents/documents/outputs/Article_878/auto/Article_878.md,The functionality of surface sealing treatment on super-sonic cold-sprayed & subsequently MAO-modified 6061-Al/ ZM6-Mg conjunct materials
/home/sprice/coldspray_documents/documents/outputs/Article_2933/auto/Article_2933.md,A MgZn alloy with network structure prepared by powder metallurgy with Core-Shell powder
/home/sprice/coldspray_documents/documents/outputs/Article_2227/auto/Article_2227.md,Basalt Fiber Reinforced Polymer Composites (BFRP) other than rebars: A review
/home/sprice/coldspray_documents/documents/outputs/Article_2572/auto/Article_2572.md,Effects of SiC Volume Fraction and Particle Size on the Deposition Behavior and Mechanical Properties of Cold-Sprayed AZ91D/SiCp Composite Coatings
/home/sprice/coldspray_documents/documents/outputs/Article_2416/auto/Article_2416.md,The effects of equal channel angular extrusion on the mechanical and electrical properties of alumina dispersion-strengthened copper alloys
/home/sprice/coldspray_documents/documents/outputs/Article_1807/auto/Article_1807.md,Influence of annealing on the structure and wear resistance of coatings produced by cold spraying of Al–SHS7574 powder mixture
/home/sprice/coldspray_documents/documents/outputs/Article_718/auto/Article_718.md,Findings and perspectives of β-Ti alloys with biomedical applications: Exploring beyond biomechanical and biofunctional behaviour
/home/sprice/coldspray_documents/documents/outputs/Article_2978/auto/Article_2978.md,Metal-supported solid oxide cells advancements and challenges
/home/sprice/coldspray_documents/documents/outputs/Article_2502/auto/Article_2502.md,Solid particle erosion behaviour of industrial epoxy resin composite against different parameters
/home/sprice/coldspray_documents/documents/outputs/Article_2730/auto/Article_2730.md,Processing and characterization of an electrodeposited nanocrystalline Co–Fe–Ni–Zn multi-principal element alloy film
/home/sprice/coldspray_documents/documents/outputs/Article_2813/auto/Article_2813.md,HVOF-sprayed surface coating with various compositions of Co-NiCrAlY·Al₂O₃ to minimize sediment erosion in hydraulic turbines
/home/sprice/coldspray_documents/documents/outputs/Article_1860/auto/Article_1860.md,Influence of Remaining Oxide on the Adhesion Strength of Supersonic Particle Deposition TiO₂ Coatings on Annealed Stainless Steel
/home/sprice/coldspray_documents/documents/outputs/Article_1784/auto/Article_1784.md,Tribocorrosion behavior of Al-based amorphous coatings prepared by different spraying methods
/home/sprice/coldspray_documents/documents/outputs/Article_3634/auto/Article_3634.md,SLURRY EROSION PERFORMANCE OF COLD SPRAYED WC-12Co COMPOSITE COATINGS
/home/sprice/coldspray_documents/documents/outputs/Article_1099/auto/Article_1099.md,Surface oxide and impact ratio dictate interfacial adhesion of cold spray bulk metallic glass single splats
/home/sprice/coldspray_documents/documents/outputs/Article_5799/auto/Article_5799.md,Castable cements to prevent corrosion of metals in molten salts
/home/sprice/coldspray_documents/documents/outputs/Article_3249/auto/Article_3249.md,Accident-tolerant fuels cladding concept: coatings for zirconium alloys
/home/sprice/coldspray_documents/documents/outputs/Article_2780/auto/Article_2780.md,A feasible strategy to construct WC-Co-Cr/cu composite coating with good tribo-corrosion behavior and anti-fouling properties for marine applications
/home/sprice/coldspray_documents/documents/outputs/Article_3354/auto/Article_3354.md,Plasma treatment for a sticky problem
/home/sprice/coldspray_documents/documents/outputs/Article_1786/auto/Article_1786.md,The impact of chromium coatings on Zircaloy cladding deformation behavior under reactivity-initiated accident-like mechanical loading conditions
/home/sprice/coldspray_documents/documents/outputs/Article_5138/auto/Article_5138.md,Deformation and film formation mechanisms during high velocity impact of silicon carbide nanoparticles
/home/sprice/coldspray_documents/documents/outputs/Article_5697/auto/Article_5697.md,Effect of ${ \mathrm { N a } } _ { 2 }{ \mathrm { M o O } } _ { 4 }$ on bond strength of adhesive-bonded phosphate coated magnesium AZ31 sheets
/home/sprice/coldspray_documents/documents/outputs/Article_3512/auto/Article_3512.md,Effect of the individual layer thickness on the transformation of Cu/W nano-multilayers into nanocomposites
/home/sprice/coldspray_documents/documents/outputs/Article_297/auto/Article_297.md,Considerations on the Failure Mechanisms at Fatigue Loading of 1018 Steel Samples Coated with Wip-C1 by Cold Spray
/home/sprice/coldspray_documents/documents/outputs/Article_6044/auto/Article_6044.md,Multifunctional carbon fibre reinforced polymer (CFRP) composites for sustainable and smart civil infrastructure: A comprehensive review
/home/sprice/coldspray_documents/documents/outputs/Article_5574/auto/Article_5574.md,Visualization study on the bubble behavior on a downward facing hemispherical surface during saturated pool boiling
/home/sprice/coldspray_documents/documents/outputs/Article_3186/auto/Article_3186.md,"Water-repelling, vapor-resisting, self-cleaning, oil–water-separating, water-purifying, antibacterial Hanji cellulose papers coated with Teflon and ZnO particles via supersonic spraying"
/home/sprice/coldspray_documents/documents/outputs/Article_962/auto/Article_962.md,Severe plastic deformation induced nano dispersion and strengthening effect in oxide dispersion strengthened copper fabricated by cold spray additive manufacturing
/home/sprice/coldspray_documents/documents/outputs/Article_2302/auto/Article_2302.md,Wear and Corrosion Resistance of Thick Ti-6Al-4V Coating Deposited on Ti-6Al-4V Substrate via High-Pressure Cold Spray
/home/sprice/coldspray_documents/documents/outputs/Article_1442/auto/Article_1442.md,Microstructural evolution and mechanical properties enhancement of a cold-sprayed Cu\ Zn alloy coating with friction stir processing
/home/sprice/coldspray_documents/documents/outputs/Article_529/auto/Article_529.md,An extensive review on bibliometric analysis of carbon nanostructure reinforced composites
/home/sprice/coldspray_documents/documents/outputs/Article_5442/auto/Article_5442.md,Study on microstructure and properties of laser cladding Cu/10Sn5Bi alternating stripe coating
/home/sprice/coldspray_documents/documents/outputs/Article_1982/auto/Article_1982.md,"Pulsed-Gas Dynamic Spraying: Process analysis, development and selected coating examples"
/home/sprice/coldspray_documents/documents/outputs/Article_2612/auto/Article_2612.md,Effect of Powder Type and Composition on Structure and Mechanical Properties of Cu + Al2O3 Coatings Prepared by using Low-Pressure Cold Spray Process
/home/sprice/coldspray_documents/documents/outputs/Article_765/auto/Article_765.md,Research status of high efficiency deep penetration welding of medium-thick plate titanium alloy: A review
/home/sprice/coldspray_documents/documents/outputs/Article_3334/auto/Article_3334.md,"Spark Plasma Sintering of Mg-based Alloys: Microstructure, Mechanical Properties, Corrosion Behavior, and Tribological Performance"
/home/sprice/coldspray_documents/documents/outputs/Article_3229/auto/Article_3229.md,Post-processing
/home/sprice/coldspray_documents/documents/outputs/Article_2778/auto/Article_2778.md,Protective coatings
/home/sprice/coldspray_documents/documents/outputs/Article_3677/auto/Article_3677.md,"Microstructure, mechanical property and high temperature wear mechanism of AlCoCrFeNi/WC composite coatings deposited by HVOF"
/home/sprice/coldspray_documents/documents/outputs/Article_1968/auto/Article_1968.md,Particulate-reinforced Al-based metal matrix composites fabricated by selective laser melting: A comprehension review
/home/sprice/coldspray_documents/documents/outputs/Article_2242/auto/Article_2242.md,A new approach to prepare fully dense Cu with high conductivities and anti-corrosion performance by cold spray
/home/sprice/coldspray_documents/documents/outputs/Article_5003/auto/Article_5003.md,Deposition behavior and bonding mechanism during cold spraying of Ti6Al4V on different substrates
/home/sprice/coldspray_documents/documents/outputs/Article_3133/auto/Article_3133.md,"Laser transmission welding of polymers – A review on process fundamentals, material attributes, weldability, and welding techniques"
/home/sprice/coldspray_documents/documents/outputs/Article_1351/auto/Article_1351.md,Cold spray process parameters: powders
/home/sprice/coldspray_documents/documents/outputs/Article_2465/auto/Article_2465.md,Comparison of 10 lm and 20 nm Al-Al₂O₃ Metal Matrix Composite Coatings Fabricated by Low-Pressure Cold Gas Dynamic Spraying
/home/sprice/coldspray_documents/documents/outputs/Article_5272/auto/Article_5272.md,Deformation behavior of plasma sprayed Fe-based amorphous/ nanocrystalline coating under multi-scale tribological contact
/home/sprice/coldspray_documents/documents/outputs/Article_3641/auto/Article_3641.md,Impact of spray angle and particle velocity in cold sprayed IN718 coatings
/home/sprice/coldspray_documents/documents/outputs/Article_2337/auto/Article_2337.md,Mechanical Properties and Deposition Mechanism of Cold-Sprayed CoNiCrAlY/YSZ Cermet
/home/sprice/coldspray_documents/documents/outputs/Article_1273/auto/Article_1273.md,Microstructure and mechanical properties of Ti6Al4V alloys fabricated by additive friction stir deposition
/home/sprice/coldspray_documents/documents/outputs/Article_1307/auto/Article_1307.md,The path towards plasma facing components: A review of state-of-the-art in W-based refractory high-entropy alloys
/home/sprice/coldspray_documents/documents/outputs/Article_2821/auto/Article_2821.md,INDEX
/home/sprice/coldspray_documents/documents/outputs/Article_3252/auto/Article_3252.md,Fabrication of nano-structured TiO2 coatings using a microblast deposition technique
/home/sprice/coldspray_documents/documents/outputs/Article_2559/auto/Article_2559.md,"Recent progress on the additive manufacturing of aluminum alloys and aluminum matrix composites: Microstructure, properties, and applications"
/home/sprice/coldspray_documents/documents/outputs/Article_2197/auto/Article_2197.md,The external stress-assisted corrosion behavior of Mg alloys for biomedical applications
/home/sprice/coldspray_documents/documents/outputs/Article_2150/auto/Article_2150.md,Tribological behavior of cold sprayed Inconel 718 coatings at room and elevated temperatures
/home/sprice/coldspray_documents/documents/outputs/Article_1155/auto/Article_1155.md,Dynamic evolution of oxide scale on the surfaces of feed stock particles from cracking and segmenting to peel-off while cold spraying copper powder having a high oxygen content
/home/sprice/coldspray_documents/documents/outputs/Article_1823/auto/Article_1823.md,Characterization of the Microstructure and Thermomechanical Properties of Invar 36 Coatings Deposited by HVOF and Cold Gas Processes
/home/sprice/coldspray_documents/documents/outputs/Article_3099/auto/Article_3099.md,"Determination of the elastic modulus of wire arc sprayed alloy 625 using experimental, analytical, and numerical simulations"
/home/sprice/coldspray_documents/documents/outputs/Article_892/auto/Article_892.md,Surface modification of hybrid composite multilayers spin cold spraying for biomedical duplex stainless steel
/home/sprice/coldspray_documents/documents/outputs/Article_5636/auto/Article_5636.md,On the applications of additive manufacturing in semiconductor manufacturing equipment
/home/sprice/coldspray_documents/documents/outputs/Article_5294/auto/Article_5294.md,From defects to advantages: A novel approach to self-lubricating glass-SiC-PTFE coatings
/home/sprice/coldspray_documents/documents/outputs/Article_975/auto/Article_975.md,Characterization of microstructural and precipitates evolution in cold sprayed AA7050 after in situ laser heat treatment
/home/sprice/coldspray_documents/documents/outputs/Article_3633/auto/Article_3633.md,Cold Spray NDE for Porosity and Other Process Anomalies
/home/sprice/coldspray_documents/documents/outputs/Article_3608/auto/Article_3608.md,"Enhancing Sustainability in Metal Additive Manufacturing Through Recycling Elemental Fe, Co, a1nd Ni Powder1s and Subse1quent Plasma Ato1mization"
/home/sprice/coldspray_documents/documents/outputs/Article_5562/auto/Article_5562.md,Tribocorrosion resistance of CoCrFeNiNbx laser-clad coatings in the neutral and acid solutions
/home/sprice/coldspray_documents/documents/outputs/Article_3432/auto/Article_3432.md,"Interface interactions between porous titanium/tantalum coatings, produced by Selective Laser Melting (SLM), on a cobalt–chromium alloy"
/home/sprice/coldspray_documents/documents/outputs/Article_5489/auto/Article_5489.md,Synthesis and properties of Ti-Al coating by high-frequency induction heated combustion
/home/sprice/coldspray_documents/documents/outputs/Article_1514/auto/Article_1514.md,Plasma sprayed Titanium- Nanodiamond composite coatings with enhanced mechanical properties
/home/sprice/coldspray_documents/documents/outputs/Article_5336/auto/Article_5336.md,Hybrid high-temperature wear mechanisms of additive manufactured Ti-6Al-4V alloy
/home/sprice/coldspray_documents/documents/outputs/Article_561/auto/Article_561.md,A critical review on the performance and microstructural characteristics of materials fabricated through friction stir additive methods and deposition techniques☆
/home/sprice/coldspray_documents/documents/outputs/Article_306/auto/Article_306.md,Nanosecond-Pulse Laser Assisted Cold Spraying of Al-Cu Aluminum Alloy
/home/sprice/coldspray_documents/documents/outputs/Article_5329/auto/Article_5329.md,High-temperature abrasive wear characteristics of H13 steel modified by laser remelting and cladded with Stellite 6 and Stellite 6/30% WC
/home/sprice/coldspray_documents/documents/outputs/Article_2461/auto/Article_2461.md,Effects of diamond size on the deposition characteristic and tribological behavior of diamond/Ni60 composite coating prepared by supersonic laser deposition
/home/sprice/coldspray_documents/documents/outputs/Article_3569/auto/Article_3569.md,Therapeutic Modalities
/home/sprice/coldspray_documents/documents/outputs/Article_5637/auto/Article_5637.md,tRecvhienowlogf easddaintidveapmpalincautfiaocntsuriin g 2 the aerospace industry
/home/sprice/coldspray_documents/documents/outputs/Article_2426/auto/Article_2426.md,Performance characterization of Ni60-WC coating on steel processed with supersonic laser deposition
/home/sprice/coldspray_documents/documents/outputs/Article_2478/auto/Article_2478.md,Deformation Behaviors of Cold-Sprayed WC-Co Particles
/home/sprice/coldspray_documents/documents/outputs/Article_5112/auto/Article_5112.md,Effect of current density on the mechanical properties and defects of nanocrystalline Cr–Al solid solution alloy coatings
/home/sprice/coldspray_documents/documents/outputs/Article_299/auto/Article_299.md,Cold Spray Coatings for Cr and Ni Plating Replacement – Fatigue Testing Results
/home/sprice/coldspray_documents/documents/outputs/Article_604/auto/Article_604.md,Mechanical and chemical properties of PVD and cold spray Cr-coatings on Zircaloy-4
/home/sprice/coldspray_documents/documents/outputs/Article_2520/auto/Article_2520.md,Oxidation behaviour of microwave hybrid heating processed CoCrNiTiMo high entropy alloy cladding
/home/sprice/coldspray_documents/documents/outputs/Article_5067/auto/Article_5067.md,Preliminary studies of TiO2 nanopowder deposition onto metallic substrate by low pressure cold spraying
/home/sprice/coldspray_documents/documents/outputs/Article_2635/auto/Article_2635.md,Manufacturing and Macroscopic Properties of Cold Sprayed Cu-In Coating Material for Sputtering Target
/home/sprice/coldspray_documents/documents/outputs/Article_1256/auto/Article_1256.md,Dense nanostructured calcium phosphate coating on titanium by cold spray
/home/sprice/coldspray_documents/documents/outputs/Article_2541/auto/Article_2541.md,Numerical study of molten and semi-molten ceramic impingement by using coupled Eulerian and Lagrangian method
/home/sprice/coldspray_documents/documents/outputs/Article_5318/auto/Article_5318.md,Long-term clinical evaluation of direct resin composite restorations in vital vs. endodontically treated posterior teeth — Retrospective study up to 13 years
/home/sprice/coldspray_documents/documents/outputs/Article_1559/auto/Article_1559.md,Significance of $\mathrm { { A l } _ { 2 } \mathrm { { O } _ { 3 } } }$ particle morphology in the microstructure evolution of cold-sprayed Al- ${ \bf \cdot A l _ { 2 } O _ { 3 } }$ during unconstrained high-pressure torsion
/home/sprice/coldspray_documents/documents/outputs/Article_2912/auto/Article_2912.md,Effect of spray angle and substrate material on formation mechanisms and properties of HVAF sprayed coatings
/home/sprice/coldspray_documents/documents/outputs/Article_5053/auto/Article_5053.md,Effect of WC morphology on dry sliding wear behavior of cold-sprayed NiWC composite coatings
/home/sprice/coldspray_documents/documents/outputs/Article_3185/auto/Article_3185.md,"Complex study of protective Cr3C2–NiAl coatings deposited by vacuum electro-spark alloying, pulsed cathodic arc evaporation, magnetron sputtering, and hybrid technology"
/home/sprice/coldspray_documents/documents/outputs/Article_2409/auto/Article_2409.md,
/home/sprice/coldspray_documents/documents/outputs/Article_1474/auto/Article_1474.md,Determination of plastic constitutive properties of microparticles through single particle compression
/home/sprice/coldspray_documents/documents/outputs/Article_1955/auto/Article_1955.md,Research advances of magnesium and magnesium alloys globally in 2023
/home/sprice/coldspray_documents/documents/outputs/Article_1260/auto/Article_1260.md,"Titanium alloy-based hydroxyapatite composites in sports injury repair: Preparation, application, and prospects"
/home/sprice/coldspray_documents/documents/outputs/Article_1334/auto/Article_1334.md,Rationalization of anisotropic mechanical properties of Al-6061 fabricated using ultrasonic additive manufacturing
/home/sprice/coldspray_documents/documents/outputs/Article_2374/auto/Article_2374.md,Review on chromium coated zirconium alloy accident tolerant fuel cladding
/home/sprice/coldspray_documents/documents/outputs/Article_1954/auto/Article_1954.md,Influence of spraying parameters on cold gas spraying of iron aluminide intermetallics
/home/sprice/coldspray_documents/documents/outputs/Article_3076/auto/Article_3076.md,Influence of $\Upsilon _ { 2 } \mathrm { O } _ { 3 }$ addition on the microstructure of TiC reinforced Ti-based composite coating prepared by laser cladding
/home/sprice/coldspray_documents/documents/outputs/Article_5520/auto/Article_5520.md,A study on combustion and performance characteristics of ceramic coated (PSZ/Al₂O₃) and uncoated piston – D.I engine
/home/sprice/coldspray_documents/documents/outputs/Article_1618/auto/Article_1618.md,Effect of Process Parameters and Heat Treatments on Properties of Cold Sprayed Copper Coatings
/home/sprice/coldspray_documents/documents/outputs/Article_643/auto/Article_643.md,Effect of electroplated interlayers on properties of cold-sprayed copper coatings on SS316L steel
/home/sprice/coldspray_documents/documents/outputs/Article_2162/auto/Article_2162.md,$\mathrm{La_{0.8}Sr_{0.2}Ga_{0.8}Mg_{0.2}O_{3}}$ electrolytes prepared by vacuum cold spray under heated gas for improved performance of SOFCs
/home/sprice/coldspray_documents/documents/outputs/Article_1900/auto/Article_1900.md,Post-quench ductility limits of coated ATF with various zirconium-based alloys and coating designs
/home/sprice/coldspray_documents/documents/outputs/Article_3257/auto/Article_3257.md,"Additive manufacturing (3D printing): A review of materials, methods, applications and challenges"
/home/sprice/coldspray_documents/documents/outputs/Article_1399/auto/Article_1399.md,"Correlation of particle impact conditions with bonding, nanocrystal formation and mechanical properties in kinetic sprayed nickel"
/home/sprice/coldspray_documents/documents/outputs/Article_6123/auto/Article_6123.md,Clinical and Radiographic Assessments of Potassium Nitrate in Polycarboxylate Versus Mineral Trioxide Aggregate as Pulp
/home/sprice/coldspray_documents/documents/outputs/Article_3393/auto/Article_3393.md,Classifying Powder Flowability for Cold Spray Additive Manufacturing Using Machine Learning
/home/sprice/coldspray_documents/documents/outputs/Article_2059/auto/Article_2059.md,The role of metal powder properties on the tribology of cold sprayed Ti6Al4V-TiC metal matrix composites
/home/sprice/coldspray_documents/documents/outputs/Article_3487/auto/Article_3487.md,From bulk to cellular structures: A review on ceramic/graphene filler composites
/home/sprice/coldspray_documents/documents/outputs/Article_1636/auto/Article_1636.md,Cold spray deposition: Significance of particle impact phenomena
/home/sprice/coldspray_documents/documents/outputs/Article_1443/auto/Article_1443.md,Bonding mechanisms in cold spray deposition of gas atomised and solution heat-treated Al 6061 powder by EBSD
/home/sprice/coldspray_documents/documents/outputs/Article_1773/auto/Article_1773.md,Repair of magnesium components by cold spray techniques
/home/sprice/coldspray_documents/documents/outputs/Article_1722/auto/Article_1722.md,Cold-Sprayed W/B4C/Al Coatings for Neutron and γ-Rays Absorption
/home/sprice/coldspray_documents/documents/outputs/Article_5771/auto/Article_5771.md,Recent advances in chemical durability and mechanical stability of superhydrophobic materials: Multi-strategy design and strengthening
/home/sprice/coldspray_documents/documents/outputs/Article_1076/auto/Article_1076.md,Exploring potential of cold spray technology for medical devices: Current and future scenario
/home/sprice/coldspray_documents/documents/outputs/Article_562/auto/Article_562.md,A design and optimisation framework for cold spray additive manufacturing of lightweight aerospace structural components☆
/home/sprice/coldspray_documents/documents/outputs/Article_2642/auto/Article_2642.md,Thermally stable nanostructured materials from severe plastic deformation of precipitation-treatable Ni-based alloys
/home/sprice/coldspray_documents/documents/outputs/Article_284/auto/Article_284.md,Material Model for Predicting Dynamic Response of Copper and Nickel at Very High Strain Rates Under Cold Spray Conditions
/home/sprice/coldspray_documents/documents/outputs/Article_3313/auto/Article_3313.md,Optimization of supersonic nozzle flow for titanium dioxide thin-film coating by aerosol deposition
/home/sprice/coldspray_documents/documents/outputs/Article_1323/auto/Article_1323.md,Plastic deformation phenomena during cold spray impact of WC-Co particles onto metal substrates
/home/sprice/coldspray_documents/documents/outputs/Article_3664/auto/Article_3664.md,Cold-Spray Deposition of Antibacterial Molybdenum Coatings on Poly(dimethylsiloxane)
/home/sprice/coldspray_documents/documents/outputs/Article_3410/auto/Article_3410.md,Nanostructured ${ \mathrm{Ni} }( { \mathrm{Zn} } ){\mathrm{-Al}}_{2}{\mathrm{O}}_{3}$ cermet particle synthesis in high-energy mechanical alloying method (CG-3:IL07)
/home/sprice/coldspray_documents/documents/outputs/Article_2107/auto/Article_2107.md,"Microstructure, hardness and cavitation erosion resistance of different cold spray coatings on stainless steel 316 for hydropower applications"
/home/sprice/coldspray_documents/documents/outputs/Article_2898/auto/Article_2898.md,"Mechanical properties and quality of plasma sprayed, functionally graded tungsten/steel coatings after process upscaling"
/home/sprice/coldspray_documents/documents/outputs/Article_3430/auto/Article_3430.md,Automated 3D EBSD for metallic powders
/home/sprice/coldspray_documents/documents/outputs/Article_5303/auto/Article_5303.md,"Effects of Al/Ni molar mass ratios and addition of CuO on the microstructure, mechanical properties, and energy release behavior of Al-Ni composites"
/home/sprice/coldspray_documents/documents/outputs/Article_3210/auto/Article_3210.md,Utilization of mechanically alloyed powders for surface protective coating
/home/sprice/coldspray_documents/documents/outputs/Article_3494/auto/Article_3494.md,KEYWORD INDEX
/home/sprice/coldspray_documents/documents/outputs/Article_5208/auto/Article_5208.md,Ultra high temperature ceramic coatings in thermal protection systems (TPS)
/home/sprice/coldspray_documents/documents/outputs/Article_1184/auto/Article_1184.md,Bonding behavior studies of cold sprayed copper coating on the PVC polymer substrate
/home/sprice/coldspray_documents/documents/outputs/Article_1142/auto/Article_1142.md,"Laser surface texturing to enhance adhesion bond strength of spray coatings – Cold spraying, wire-arc spraying, and atmospheric plasma spraying"
/home/sprice/coldspray_documents/documents/outputs/Article_1074/auto/Article_1074.md,Enhancing cold spray coatings: Microstructural dynamics and performance attributes of Inconel 625 with chromium carbide incorporation for hydropower applications
/home/sprice/coldspray_documents/documents/outputs/Article_1527/auto/Article_1527.md,Simultaneously Improving the Strength and Plasticity of Additively Manufactured 316L Stainless Steel by Adding Aluminum
/home/sprice/coldspray_documents/documents/outputs/Article_2045/auto/Article_2045.md,Influence of Secondary Component Hardness When Cold Spraying Mixed Metal Powders on Carbon Fiber Reinforced Polymers
/home/sprice/coldspray_documents/documents/outputs/Article_929/auto/Article_929.md,Cold spray deposition of high density polyethylene composite powders
/home/sprice/coldspray_documents/documents/outputs/Article_3461/auto/Article_3461.md,Subject index of volume 417
/home/sprice/coldspray_documents/documents/outputs/Article_1969/auto/Article_1969.md,Effect of gas pressure on Al coatings by cold gas dynamic spray
/home/sprice/coldspray_documents/documents/outputs/Article_1932/auto/Article_1932.md,Enhanced mechanical properties of a novel heat resistant Al-based composite reinforced by the combination of nano-aluminides and submicron TiN particles
/home/sprice/coldspray_documents/documents/outputs/Article_1638/auto/Article_1638.md,The influence of ${ \sf A l } _ { 2 } { \sf O } _ { 3 }$ reinforcement on the properties of stainless steel cold spray coatings
/home/sprice/coldspray_documents/documents/outputs/Article_2674/auto/Article_2674.md,Effect of preplaced graphene and graphite films on the substrate of Stellite 6 metallurgical coatings processed by PTA
/home/sprice/coldspray_documents/documents/outputs/Article_904/auto/Article_904.md,Microstructure features and mechanical/electrochemical behavior of directionally solidified Al−6wt.%Cu−5wt.%Ni alloy
/home/sprice/coldspray_documents/documents/outputs/Article_1139/auto/Article_1139.md,"Effect of thermal energy on the deposition behaviour, wear and corrosion resistance of cold sprayed Ni-WC cermet coatings"
/home/sprice/coldspray_documents/documents/outputs/Article_5441/auto/Article_5441.md,Corrosion evaluation of austenitic stainless steels in Li₂CO₃–K₂CO₃ eutectic salt for thermal energy storage
/home/sprice/coldspray_documents/documents/outputs/Article_70/auto/Article_70.md,Evaluation of Physical and Mechanical Properties of Cold Sprayed Al6061
/home/sprice/coldspray_documents/documents/outputs/Article_5756/auto/Article_5756.md,A review on techniques to alter the bubble dynamics in pool boiling
/home/sprice/coldspray_documents/documents/outputs/Article_5604/auto/Article_5604.md,Area-Coverage Planning for Spray-based Surface Disinfection with a Mobile Manipulator
/home/sprice/coldspray_documents/documents/outputs/Article_5097/auto/Article_5097.md,High-temperature oxidation studies of cold-sprayed Ni–20Cr and Ni–50Cr coatings on SAE 213-T22 boiler steel
/home/sprice/coldspray_documents/documents/outputs/Article_5044/auto/Article_5044.md,Formation mechanism and microstructure characterization of nickelaluminum intertwining interface in cold spray
/home/sprice/coldspray_documents/documents/outputs/Article_2179/auto/Article_2179.md,"The influence of reinforcement particles friction stir processing on microstructure, mechanical properties, tribological and corrosion behaviors: a review"
/home/sprice/coldspray_documents/documents/outputs/Article_3661/auto/Article_3661.md,Effect of gas temperature on the interfacial bonding of cold-spray additive-manufactured Ti6Al4V
/home/sprice/coldspray_documents/documents/outputs/Article_2020/auto/Article_2020.md,Cold spraying of coatings from ball milled bronze and stainless steel powders
/home/sprice/coldspray_documents/documents/outputs/Article_708/auto/Article_708.md,Anisotropic response of cold sprayed copper deposits
/home/sprice/coldspray_documents/documents/outputs/Article_6095/auto/Article_6095.md,Study of HVOF-sprayed hydroxyapatite/titania graded coatings under in-vitro conditions
/home/sprice/coldspray_documents/documents/outputs/Article_3009/auto/Article_3009.md,Thermal shock resistance and thermal conductivity of diamond-Cu composite coatings on Cu substrate via mechanical milling method
/home/sprice/coldspray_documents/documents/outputs/Article_1735/auto/Article_1735.md,Shot Peening-Assisted Cold Spray–Enabling ‘Helium Performance’ with Nitrogen
/home/sprice/coldspray_documents/documents/outputs/Article_122/auto/Article_122.md,Examining the contribution of tamping effect on inter-splat bonding during cold spray
/home/sprice/coldspray_documents/documents/outputs/Article_3306/auto/Article_3306.md,Microstructural evolution and hardness of $\mathrm { T i A l } _ { 3 }$ and $\mathrm { T i A l } _ { 2 }$ phases on Ti–45Al–2Nb–2Mn–1B by plasma pack aluminizing
/home/sprice/coldspray_documents/documents/outputs/Article_2667/auto/Article_2667.md,Tribological behavior and characteristics of TIG surface cladded AlCoCrFeNi high-entropy alloy on 304L stainless steel
/home/sprice/coldspray_documents/documents/outputs/Article_1828/auto/Article_1828.md,Microstructural and Mechanical Characterization of a Cold-Sprayed WC-12Co Composite Coating on Stainless Steel Hydroturbine Blades
/home/sprice/coldspray_documents/documents/outputs/Article_648/auto/Article_648.md,Electric current-induced phenomena in metallic materials
/home/sprice/coldspray_documents/documents/outputs/Article_5405/auto/Article_5405.md,Optimisation of properties of $\mathrm { T i } _ { 3 } \mathrm { S i C } _ { 2 }$ reinforced copper matrix composites
/home/sprice/coldspray_documents/documents/outputs/Article_3651/auto/Article_3651.md,Prediction of deformation characteristics and critical velocities during cold-spray: A new 3D model
/home/sprice/coldspray_documents/documents/outputs/Article_3193/auto/Article_3193.md,Microstructure and sliding wear behavior of fly ash reinforced dual phase brass surface composites synthesized through friction stir processing
/home/sprice/coldspray_documents/documents/outputs/Article_5772/auto/Article_5772.md,Boiler Control System
/home/sprice/coldspray_documents/documents/outputs/Article_2884/auto/Article_2884.md,Microstructural evaluation and tribological properties of underwater friction stir processed CP-copper and its alloy
/home/sprice/coldspray_documents/documents/outputs/Article_5387/auto/Article_5387.md,Effects of composition of hydroxyapatite/gray titania coating fabricated by suspension plasma spraying on mechanical and antibacterial properties
/home/sprice/coldspray_documents/documents/outputs/Article_1380/auto/Article_1380.md,"Influence of Friction Stir Processing on the Friction, Wear and Corrosion Mechanisms of Solid-State Additively Manufactured 316L Duplex Stainless Steel"
/home/sprice/coldspray_documents/documents/outputs/Article_5550/auto/Article_5550.md,A review on critical challenges in additive manufacturing via laser-induced forward transfer
/home/sprice/coldspray_documents/documents/outputs/Article_996/auto/Article_996.md,Improved fatigue crack propagation performance of Q355B steel with coldsprayed A5052 and Al coatings
/home/sprice/coldspray_documents/documents/outputs/Article_5812/auto/Article_5812.md,An Overview of Utilization of Blast Furnace and Steelmaking Slag in Various Applications
/home/sprice/coldspray_documents/documents/outputs/Article_3094/auto/Article_3094.md,Analysis of contact conditions and microstructure evolution in shear assisted processing and extrusion using smoothed particle hydrodynamics method
/home/sprice/coldspray_documents/documents/outputs/Article_2555/auto/Article_2555.md,Subject Index
/home/sprice/coldspray_documents/documents/outputs/Article_833/auto/Article_833.md,Recent advances and outstanding challenges for implementation of high entropy alloys as structural materials
/home/sprice/coldspray_documents/documents/outputs/Article_5758/auto/Article_5758.md,Neurorehabilitation and specific therapies
/home/sprice/coldspray_documents/documents/outputs/Article_5017/auto/Article_5017.md,Interfacial metal/ceramic bonding mechanism for metallization of ceramics via cold spraying
/home/sprice/coldspray_documents/documents/outputs/Article_2021/auto/Article_2021.md,Antibacterial Efficacy of Cold-Sprayed Copper Coatings against Gram-Positive Staphylococcus aureus and Gram-Negative Escherichia coli
/home/sprice/coldspray_documents/documents/outputs/Article_1410/auto/Article_1410.md,Sliding wear behaviour of WC-Co reinforced NiCrFeSiB HVOAF thermal spray coatings against WC-Co and Al₂O₃ counterbodies
/home/sprice/coldspray_documents/documents/outputs/Article_2018/auto/Article_2018.md,"Cold Spray Additive Manufacturing of CoCrFeNiMn HighEntropy Alloy: Process Development, Microstructure, and Mechanical Properties"
/home/sprice/coldspray_documents/documents/outputs/Article_2024/auto/Article_2024.md,High-temperature tribological property of Fe-based amorphous alloy coating
/home/sprice/coldspray_documents/documents/outputs/Article_615/auto/Article_615.md,Enhanced nano-level mechanical responses on additively manufactured Cu-Cr-Zr copper alloy containing $\mathtt { C u } _ { 2 } 0$ nano precipitates
/home/sprice/coldspray_documents/documents/outputs/Article_1811/auto/Article_1811.md,Parametric Study to Repair Leaks in Water Pipe Using the Low-Pressure Cold Spray Technique
/home/sprice/coldspray_documents/documents/outputs/Article_5246/auto/Article_5246.md,Editor-in-Chief
/home/sprice/coldspray_documents/documents/outputs/Article_5334/auto/Article_5334.md,Microstructure and high-temperature steam oxidation properties of thick Cr coatings prepared by magnetron sputtering for accident tolerant fuel claddings: The role of bias in the deposition process
/home/sprice/coldspray_documents/documents/outputs/Article_1707/auto/Article_1707.md,Crucial Factors Influencing Mechanical and Thermal Properties of Cold-Sprayed CuCrZr Composite Coating
/home/sprice/coldspray_documents/documents/outputs/Article_2309/auto/Article_2309.md,Modification of a cold sprayed SiCp/Al5056 composite coating by friction stir processing
/home/sprice/coldspray_documents/documents/outputs/Article_1472/auto/Article_1472.md,Analysis and comparisons of various models in cold spray simulations : towards high fdelity simulations
/home/sprice/coldspray_documents/documents/outputs/Article_744/auto/Article_744.md,"Powder bed fusion processes: main classes of alloys, current status, and technological trends"
/home/sprice/coldspray_documents/documents/outputs/Article_539/auto/Article_539.md,Characterization and modeling of the bonding process in cold spray additive manufacturing
/home/sprice/coldspray_documents/documents/outputs/Article_3675/auto/Article_3675.md,Microstructural evolution of 7075 Al gas atomized powder and high-pressure cold sprayed deposition
/home/sprice/coldspray_documents/documents/outputs/Article_953/auto/Article_953.md,Enhanced strength and ductility in dissimilar friction stir butt welded Al/Cu joints by addition of a cold-spray Ni interlayer
/home/sprice/coldspray_documents/documents/outputs/Article_1763/auto/Article_1763.md,Microstructure and Cavitation Erosion Performance of Cold-Sprayed WC-12Co and WC-17Co Coatings on Hydraulic Turbine Steels
/home/sprice/coldspray_documents/documents/outputs/Article_2161/auto/Article_2161.md,"Investigation of an additively manufactured modified aluminum 7068 alloy: Processing, microstructure, and mechanical properties"
/home/sprice/coldspray_documents/documents/outputs/Article_2198/auto/Article_2198.md,Metallic bump assisted resistance spot welding (MBaRSW) of AA6061-T6 and Bare DP590: Part II-joining mechanism and joint property
/home/sprice/coldspray_documents/documents/outputs/Article_2675/auto/Article_2675.md,Effect of scan strategy and heat input on the shear strength of laser cladded Stellite 21 layers on AISI H13 tool steel in as-deposited and heat treated conditions
/home/sprice/coldspray_documents/documents/outputs/Article_2266/auto/Article_2266.md,Towards defect-free lattice structures in additive manufacturing: A holistic review of machine learning advancements
/home/sprice/coldspray_documents/documents/outputs/Article_5814/auto/Article_5814.md,High temperature hot corrosion behaviour of NiCr and $\mathrm{Cr}_3\mathrm{C}_2$–NiCr coatings on T91 boiler steel in an aggressive environment at $750^\circ\mathrm{C}$
/home/sprice/coldspray_documents/documents/outputs/Article_2991/auto/Article_2991.md,On machinability and surface integrity in subsequent machining of additively-manufactured thick coatings: A review
/home/sprice/coldspray_documents/documents/outputs/Article_1284/auto/Article_1284.md,Study the effect of milling parameters on HE-MA nanostructured Al6061-graphene cermet feedstock particles
/home/sprice/coldspray_documents/documents/outputs/Article_4/auto/Article_4.md,Stress Corrosion Cracking Resistance of Cold-Sprayed Al 6061 Deposits Using a Newly Developed Test Fixture
/home/sprice/coldspray_documents/documents/outputs/Article_1043/auto/Article_1043.md,Cold sprayed WC reinforced maraging steel 300 composites: Microstructure characterization and mechanical properties
/home/sprice/coldspray_documents/documents/outputs/Article_1263/auto/Article_1263.md,"Improvement of surface properties of fiber-reinforced polymer composites by metallization strategies: Technologies, challenges and prospects"
/home/sprice/coldspray_documents/documents/outputs/Article_3224/auto/Article_3224.md,Superhydrophobic and supercapacitive reduced graphene oxide/ fluoropolymer nanocoating on polyester fabric via spray mist coating
/home/sprice/coldspray_documents/documents/outputs/Article_1445/auto/Article_1445.md,Towards an understanding of particle-scale flaws and microstructure evolution in cold-spray via accumulation of single particle impacts
/home/sprice/coldspray_documents/documents/outputs/Article_1460/auto/Article_1460.md,Advances in the Structural Integrity of Cold Sprayed Alloys - A Critical Review of Process Models and Mechanical Properties
/home/sprice/coldspray_documents/documents/outputs/Article_1814/auto/Article_1814.md,A cold spray-based novel manufacturing route for flexible electronics
/home/sprice/coldspray_documents/documents/outputs/Article_1291/auto/Article_1291.md,Solid-state manufacturing of tungsten deposits onto molybdenum substrates with supersonic laser deposition
/home/sprice/coldspray_documents/documents/outputs/Article_305/auto/Article_305.md,Cold spraying and laser cladding as an alternative to electroplating processes
/home/sprice/coldspray_documents/documents/outputs/Article_1138/auto/Article_1138.md,Particle flattening during cold spray: Mechanistic regimes revealed by single particle impact tests
/home/sprice/coldspray_documents/documents/outputs/Article_566/auto/Article_566.md,Theoretical design and experimental study of the interlayer of Al/Mg bimetallic composite plate by solid-liquid cast rolling
/home/sprice/coldspray_documents/documents/outputs/Article_5590/auto/Article_5590.md,The18th International Conference on Nuclear Engineering (ICONE-18)
/home/sprice/coldspray_documents/documents/outputs/Article_2557/auto/Article_2557.md,Fabrication and characterization of the NieAl energetic structural material with high energy density and mechanical properties
/home/sprice/coldspray_documents/documents/outputs/Article_1431/auto/Article_1431.md,Methods and insights in optimizing nickel-based coatings for wear and corrosion resistance
/home/sprice/coldspray_documents/documents/outputs/Article_1666/auto/Article_1666.md,Influence of Spray Angle on Scratch Resistance of Cold-Sprayed SS316L Deposits
/home/sprice/coldspray_documents/documents/outputs/Article_2627/auto/Article_2627.md,Self-Lubricating Cold-Sprayed Coatings Utilizing Microscale Nickel-Encapsulated Hexagonal Boron Nitride
/home/sprice/coldspray_documents/documents/outputs/Article_2142/auto/Article_2142.md,Corrosion behavior of cold sprayed pure zinc coating on magnesium
/home/sprice/coldspray_documents/documents/outputs/Article_3341/auto/Article_3341.md,An investigation on the development and wear performance of chromiumMWCNTs transformed HVOF sprayed nano-WC-CoCr coatings
/home/sprice/coldspray_documents/documents/outputs/Article_1545/auto/Article_1545.md,Effect of hot rolling on microstructures and mechanical properties of SiCp/ A356 aluminum matrix composites
/home/sprice/coldspray_documents/documents/outputs/Article_3366/auto/Article_3366.md,Thin-film metallization of CuInGaSe2 nanoparticles by supersonic kinetic spraying
/home/sprice/coldspray_documents/documents/outputs/Article_3072/auto/Article_3072.md,Multimodal analysis of spatially heterogeneous microstructural refinement and softening mechanisms in three-pass friction stir processed Al-4Si alloy
/home/sprice/coldspray_documents/documents/outputs/Article_1802/auto/Article_1802.md,Fabrication of WC–Co coatings by cold spray deposition
/home/sprice/coldspray_documents/documents/outputs/Article_1974/auto/Article_1974.md,Computer controlled detonation spraying of WC/Co coatings containing MoS₂ solid lubricant
/home/sprice/coldspray_documents/documents/outputs/Article_5280/auto/Article_5280.md,Enhancing corrosion and wear resistance of a 7075 aluminum alloy via depositing TC4 coating
/home/sprice/coldspray_documents/documents/outputs/Article_1601/auto/Article_1601.md,Effects of Cold Spray Chromium Coatings on the Properties of Zirconium Alloys
/home/sprice/coldspray_documents/documents/outputs/Article_1508/auto/Article_1508.md,Formation of nanoscale interface in a high-performance TA2/Q235 clad plate
/home/sprice/coldspray_documents/documents/outputs/Article_1051/auto/Article_1051.md,"Effect of coating thickness on microstructure, mechanical properties and fracture behaviour of cold sprayed Ti6Al4V coatings on Ti6Al4V substrates"
/home/sprice/coldspray_documents/documents/outputs/Article_2293/auto/Article_2293.md,Corrosion protection and electrical conductivity of copper coatings deposited by low-pressure cold spraying
/home/sprice/coldspray_documents/documents/outputs/Article_5212/auto/Article_5212.md,"Research progress on preparation techniques, properties, and applications of tantalum (Ta) coatings: A review"
/home/sprice/coldspray_documents/documents/outputs/Article_1390/auto/Article_1390.md,"Hardfacing of metals: A review of consumables, properties and strengthening processes"
/home/sprice/coldspray_documents/documents/outputs/Article_274/auto/Article_274.md,Influence of surface temperature in the laser assisted cold spray deposition of sequential oxide dispersion strengthened layers: Microstructure and hardness
/home/sprice/coldspray_documents/documents/outputs/Article_1306/auto/Article_1306.md,Innovative fabrication of porous titanium coating on titanium by cold spraying and vacuum sintering
/home/sprice/coldspray_documents/documents/outputs/Article_5034/auto/Article_5034.md,Laser glazing of cold sprayed coatings for the mitigation of stress corrosion cracking in light water reactor (LWR) applications
/home/sprice/coldspray_documents/documents/outputs/Article_6085/auto/Article_6085.md,Interface evolution and mechanical properties of Al/Ta laminated composites fabricated by vacuum-embedded diffusion welding
/home/sprice/coldspray_documents/documents/outputs/Article_1922/auto/Article_1922.md,Surface modification of electrical contacts by cold gas dynamic spraying process
/home/sprice/coldspray_documents/documents/outputs/Article_969/auto/Article_969.md,Porosity prediction of cold sprayed titanium parts using machine learning
/home/sprice/coldspray_documents/documents/outputs/Article_5795/auto/Article_5795.md,Processing and dry sliding wear performance of spray deposited hyper-eutectic aluminum–silicon alloys
/home/sprice/coldspray_documents/documents/outputs/Article_1175/auto/Article_1175.md,In-flight temperature of solid micrometric powders during cold spray additive manufacturing
/home/sprice/coldspray_documents/documents/outputs/Article_633/auto/Article_633.md,"Laser powder bed fusion of high-strength Sc/Zr-modified Al–Mg alloy: phase selection, microstructural/mechanical heterogeneity, and tensile deformation behavior"
/home/sprice/coldspray_documents/documents/outputs/Article_5078/auto/Article_5078.md,Interlamellar cracking of thermal barrier coatings with TGOs by non-standard four-point bending tests
/home/sprice/coldspray_documents/documents/outputs/Article_3539/auto/Article_3539.md,ACTA MATERIALIA CONTENTS OF VOLUME 54
/home/sprice/coldspray_documents/documents/outputs/Article_1843/auto/Article_1843.md,Printing Cu on a Cold-Sprayed Cu Plate via Selective Laser Melting—Hybrid Additive Manufacturing
/home/sprice/coldspray_documents/documents/outputs/Article_5750/auto/Article_5750.md,Evaporative loss of moderately volatile metals from the superheated 1849 Ma Sudbury impact melt sheet inferred from stable Zn isotopes
/home/sprice/coldspray_documents/documents/outputs/Article_1882/auto/Article_1882.md,Modification of Cold-Sprayed Cu-Al-Ni-Al2O3 Composite Coatings by Friction Stir Technique to Enhance Wear Resistance Performance
/home/sprice/coldspray_documents/documents/outputs/Article_1213/auto/Article_1213.md,Cold spraying of Fe/Al powder mixture: Coating characteristics and influence of heat treatment on the phase structure
/home/sprice/coldspray_documents/documents/outputs/Article_5394/auto/Article_5394.md,Correlation between microstructural characteristics and cavitation resistance of Stellite-6 coatings on 17-4 PH stainless steel prepared with supersonic laser deposition and laser cladding
/home/sprice/coldspray_documents/documents/outputs/Article_2288/auto/Article_2288.md,ADDITIVE MANUFACTURING OF INCONEL 625 SUPERALLOY PARTS VIA HIGH PRESSURE COLD SPRAY
/home/sprice/coldspray_documents/documents/outputs/Article_147/auto/Article_147.md,Investigation of Al-Al2O3 Cold Spray Coating Formation and Properties
/home/sprice/coldspray_documents/documents/outputs/Article_1433/auto/Article_1433.md,Microstructures and mechanical properties of pure copper manufactured by high-strength laser powder bed fusion
/home/sprice/coldspray_documents/documents/outputs/Article_2194/auto/Article_2194.md,Fatigue life enhancement of cast Mg alloy by surface modification in cold spray process
/home/sprice/coldspray_documents/documents/outputs/Article_1694/auto/Article_1694.md,The Effect of the Deposition Strategy and Heat Treatment on Cold Spray Additive Manufactured 316L Stainless Steel
/home/sprice/coldspray_documents/documents/outputs/Article_5609/auto/Article_5609.md,Microstructural characteristics of multilayers and interfaces of Cr-coated Zircaloy-4 cladding based on elemental diffusion under high-temperature steam oxidation
/home/sprice/coldspray_documents/documents/outputs/Article_2746/auto/Article_2746.md,Synthesis of a novel antiweathering nanocomposite superhydrophobic room temperature vulcanized (RTV) silicon rubber enhanced with nanosilica for coating high voltage insulators
/home/sprice/coldspray_documents/documents/outputs/Article_3080/auto/Article_3080.md,A systematic literature review to examine the role of additive manufacturing in achieving sustainable development goals
/home/sprice/coldspray_documents/documents/outputs/Article_149/auto/Article_149.md,Cold-sprayed Coatings based on High Strength Aluminium alloys Reinforced by Quasicrystalline Particles: Microstructure and Key Properties
/home/sprice/coldspray_documents/documents/outputs/Article_6001/auto/Article_6001.md,Achieving ultrafine grain strengthening Cf/SiC-GH3536 joints brazed with Cu-Ti-WC composite interlayer via cold spray additive manufacturing
/home/sprice/coldspray_documents/documents/outputs/Article_1067/auto/Article_1067.md,Improving microstructural and mechanical properties of cold-sprayed copper matrix composite coatings by microwave heating treatment
/home/sprice/coldspray_documents/documents/outputs/Article_734/auto/Article_734.md,"A comprehensive review on sustainable cold spray additive manufacturing: State of the art, challenges and future challenges"
/home/sprice/coldspray_documents/documents/outputs/Article_5650/auto/Article_5650.md,Nanostructured materials for bone tissue replacement
/home/sprice/coldspray_documents/documents/outputs/Article_857/auto/Article_857.md,Effects of annealing and pulsed current treatment on the microstructure and mechanical properties of Cu/Al2O3 deposits prepared by cold spray
/home/sprice/coldspray_documents/documents/outputs/Article_1787/auto/Article_1787.md,Tailoring the tribological properties of Cu composite coatings via integrating strengthening W particles and lubricant graphene
/home/sprice/coldspray_documents/documents/outputs/Article_279/auto/Article_279.md,Mechanical and microstructural behavior of Inconel 625 deposits by high-pressure cold spray and laser assisted cold spray
/home/sprice/coldspray_documents/documents/outputs/Article_1309/auto/Article_1309.md,Characterising crack growth in commercially pure titanium
/home/sprice/coldspray_documents/documents/outputs/Article_3655/auto/Article_3655.md,Metallisation of additive manufactured polyamide 12 by low pressure cold spray
/home/sprice/coldspray_documents/documents/outputs/Article_503/auto/Article_503.md,Ductile and high strength Cu fabricated by solid-state cold spray additive manufacturing
/home/sprice/coldspray_documents/documents/outputs/Article_5093/auto/Article_5093.md,Computational simulation of cold spray process assisted by electrostatic force
/home/sprice/coldspray_documents/documents/outputs/Article_525/auto/Article_525.md,Effect of milling time on dual-nanoparticulate-reinforced aluminum alloy matrix composite materials
/home/sprice/coldspray_documents/documents/outputs/Article_1550/auto/Article_1550.md,High Modulus Steel Produced by Cold Spray Additive Manufacturing
/home/sprice/coldspray_documents/documents/outputs/Article_1104/auto/Article_1104.md,Microstructural and tribological properties of cold sprayed high content SiCp/Al coating by SiCp mild-oxidation treatment
/home/sprice/coldspray_documents/documents/outputs/Article_5018/auto/Article_5018.md,Study of the laser marking process of cold sprayed titanium coatings on aluminium substrates
/home/sprice/coldspray_documents/documents/outputs/Article_6083/auto/Article_6083.md,Assessing Endodontic Treatment Feasibility for Cracked Teeth Using Quantitative Light-Induced Fluorescence: A Retrospective Clinical Study
/home/sprice/coldspray_documents/documents/outputs/Article_1585/auto/Article_1585.md,Smart manufacturing approach to manufacture bulk nanocrystalline aluminum for lightweight applications
/home/sprice/coldspray_documents/documents/outputs/Article_1344/auto/Article_1344.md,Enhanced reactivity of Ni-Al reactive material formed by cold spraying combined with cold-pack rolling
/home/sprice/coldspray_documents/documents/outputs/Article_1251/auto/Article_1251.md,Metallization of polymers and composites: State-of-the-art approaches
/home/sprice/coldspray_documents/documents/outputs/Article_5259/auto/Article_5259.md,Evaluation of adhesion strength between amorphous splat and substrate by micro scratch method
/home/sprice/coldspray_documents/documents/outputs/Article_2837/auto/Article_2837.md,Erosion resistance of laser clad Ti-6Al-4V/WC composite for waterjet tooling
/home/sprice/coldspray_documents/documents/outputs/Article_881/auto/Article_881.md,Magnesium and Beryllium
/home/sprice/coldspray_documents/documents/outputs/Article_2699/auto/Article_2699.md,Wire arc additive manufacturing (WAAM): A new process to shape engineering materials
/home/sprice/coldspray_documents/documents/outputs/Article_750/auto/Article_750.md,Better mechanical properties of SAF2507 duplex stainless steel formed by cold rolling and normalizing
/home/sprice/coldspray_documents/documents/outputs/Article_2320/auto/Article_2320.md,Analysis of MgO Nano Particles and Its Deposition on Steel by Cold Spray Process
/home/sprice/coldspray_documents/documents/outputs/Article_1800/auto/Article_1800.md,Investigation of the process parameters and restitution coefficient of ductile materials during cold gas dynamic spray (CGDS) using finite element analysis
/home/sprice/coldspray_documents/documents/outputs/Article_2972/auto/Article_2972.md,An in-situ study of the interface microstructure of solid-state additive deposition of AA7075 on AZ31B substrate
/home/sprice/coldspray_documents/documents/outputs/Article_3550/auto/Article_3550.md,Mechanical properties of warm sprayed HATi bio-ceramic composite coatings
/home/sprice/coldspray_documents/documents/outputs/Article_2811/auto/Article_2811.md,"Finite element approach toward an advanced understanding of deep rolling induced residual stresses, and an application to railway axles"
/home/sprice/coldspray_documents/documents/outputs/Article_2538/auto/Article_2538.md,"Scratch, wear and corrosion resistant organic inorganic hybrid materials for metals protection and barrier"
/home/sprice/coldspray_documents/documents/outputs/Article_2038/auto/Article_2038.md,"316L Stainless Steel Microstructural, Mechanical, and Corrosion Behavior: A Comparison Between Spark Plasma Sintering, Laser Metal Deposition, and Cold Spray"
/home/sprice/coldspray_documents/documents/outputs/Article_5058/auto/Article_5058.md,Metallization of carbon fibre reinforced polymers by cold spray
/home/sprice/coldspray_documents/documents/outputs/Article_3276/auto/Article_3276.md,Effect of flow velocity on cavitation erosion behavior of HVOF sprayed WC10Ni and WC-20Cr3C2-7Ni coatings
/home/sprice/coldspray_documents/documents/outputs/Article_3489/auto/Article_3489.md,"Preparation, interfacial regulation and strengthening of Mg/Al bimetal fabricated by compound casting: A review"
/home/sprice/coldspray_documents/documents/outputs/Article_1573/auto/Article_1573.md,Corrosion behavior of cold sprayed 7075Al composite coating reinforced with $\operatorname { T i B } _ { 2 }$ nanoparticles
/home/sprice/coldspray_documents/documents/outputs/Article_5375/auto/Article_5375.md,Microstructure of Al₂O₃–SiC nanocomposite ceramic coatings prepared by high velocity oxy–fuel flame spray process
/home/sprice/coldspray_documents/documents/outputs/Article_1598/auto/Article_1598.md,Cold spray deposition of hydroxyapatite powder onto magnesium substrates for biomaterial applications
/home/sprice/coldspray_documents/documents/outputs/Article_5426/auto/Article_5426.md,Surface engineering of Ni-Al coatings through concentrated solar heat treatment
/home/sprice/coldspray_documents/documents/outputs/Article_5051/auto/Article_5051.md,Unravelling the deposition mechanism of brittle particles in metal matrix composites fabricated via cold spray additive manufacturing
/home/sprice/coldspray_documents/documents/outputs/Article_2874/auto/Article_2874.md,Effect of heat treatment on microstructure and properties of CrMnFeCoNiMo high entropy alloy coating
/home/sprice/coldspray_documents/documents/outputs/Article_1972/auto/Article_1972.md,Friction-forging tubular additive manufacturing (FFTAM): A new route of solid-state layer-uponlayer metal deposition
/home/sprice/coldspray_documents/documents/outputs/Article_1588/auto/Article_1588.md,Microstructure and mechanical properties of AT31/ATX3105 magnesium alloy composite sheets fabricated by accumulative roll bonding
/home/sprice/coldspray_documents/documents/outputs/Article_2044/auto/Article_2044.md,Heterogeneous Distribution of Mechanical Properties of SingleParticle Cold Spray Impacts
/home/sprice/coldspray_documents/documents/outputs/Article_1799/auto/Article_1799.md,Interface enhancement mechanism of rolled Mg/Al clad plate with particle interface control
/home/sprice/coldspray_documents/documents/outputs/Article_1683/auto/Article_1683.md,Structural Effects of Cold-Sprayed Ti Coating Modified with TiBased Satellite Particles with In Situ-Formed TiC
/home/sprice/coldspray_documents/documents/outputs/Article_2990/auto/Article_2990.md,A review of various materials for additive manufacturing: Recent trends and processing issues
/home/sprice/coldspray_documents/documents/outputs/Article_747/auto/Article_747.md,Effect of heat treatment on compression properties of the 316L diamond structure fabricated through selective laser melting
/home/sprice/coldspray_documents/documents/outputs/Article_796/auto/Article_796.md,Research progress on defect formation mechanism and process optimization of laser cladding high entropy alloy coatings
/home/sprice/coldspray_documents/documents/outputs/Article_3394/auto/Article_3394.md,Cavitation-erosion behavior and mechanism of high-velocity oxygen-fuel sprayed CuAlNiTiSi medium-entropy alloy coating
/home/sprice/coldspray_documents/documents/outputs/Article_268/auto/Article_268.md,Understanding the Effect of Substrate Preheating Temperature and Track Spacing on Laser Assisted Cold Spraying of Ti6Al4V
/home/sprice/coldspray_documents/documents/outputs/Article_3137/auto/Article_3137.md,Assessment of material property variations with resonant ultrasound spectroscopy (RUS) when using additive manufacturing to print over existing parts
/home/sprice/coldspray_documents/documents/outputs/Article_1865/auto/Article_1865.md,Microstructure characteristics of warm spray additively manufactured Inconel 718 superalloys and correlation with mechanical performance
/home/sprice/coldspray_documents/documents/outputs/Article_5002/auto/Article_5002.md,Interparticle bonding and interfacial nanocrystallization mechanisms in additively manufactured bulk metallic glass fabricated by cold spray
/home/sprice/coldspray_documents/documents/outputs/Article_915/auto/Article_915.md,Post-processing of cold sprayed Ti6Al4V coating by laser shock peening
/home/sprice/coldspray_documents/documents/outputs/Article_2905/auto/Article_2905.md,Microstructural evolution and deformation mechanisms of superplastic aluminium alloys: A review
/home/sprice/coldspray_documents/documents/outputs/Article_1962/auto/Article_1962.md,Kerosene-fuelled high velocity oxy-fuel (HVOF) spray of Ti2AlC MAX phase powders
/home/sprice/coldspray_documents/documents/outputs/Article_5133/auto/Article_5133.md,Numerical investigation of ballooning and burst for chromium coated zircaloy cladding
/home/sprice/coldspray_documents/documents/outputs/Article_5621/auto/Article_5621.md,Plasma torch for supersonic plasma spray at atmospheric pressure
/home/sprice/coldspray_documents/documents/outputs/Article_1871/auto/Article_1871.md,Microstructure and tribological properties of Al₂O₃ reinforced FeCoNiCrMn high entropy alloy composite coatings by cold spray
/home/sprice/coldspray_documents/documents/outputs/Article_3115/auto/Article_3115.md,The post-repair performance of Ti-6Al-4V after foreign object damage
/home/sprice/coldspray_documents/documents/outputs/Article_963/auto/Article_963.md,Study on tribocorrosion properties of cold spray additively manufactured 2024 Al alloy
/home/sprice/coldspray_documents/documents/outputs/Article_2661/auto/Article_2661.md,Investigating the anisotropic mechanical properties of plasma sprayed yttria-stabilised zirconia coatings
/home/sprice/coldspray_documents/documents/outputs/Article_2202/auto/Article_2202.md,New insights into the in-process densification mechanism of cold spray Al coatings: Low deposition efficiency induced densification
/home/sprice/coldspray_documents/documents/outputs/Article_3464/auto/Article_3464.md,Subject index of volume 555
/home/sprice/coldspray_documents/documents/outputs/Article_767/auto/Article_767.md,"IN718-LCS bi-metallic deposition by wire arc additive manufacturing: Issues, mitigation strategies, and interfacial behavior"
/home/sprice/coldspray_documents/documents/outputs/Article_5651/auto/Article_5651.md,Tungsten-steel composites and FGMs prepared by argon-shrouded plasma spraying
/home/sprice/coldspray_documents/documents/outputs/Article_2763/auto/Article_2763.md,A review of chloride induced stress corrosion cracking characterization in austenitic stainless steels using acoustic emission technique
/home/sprice/coldspray_documents/documents/outputs/Article_5219/auto/Article_5219.md,Applications of SPD to Enhance the Structural Integrity of Corroded Airframes
/home/sprice/coldspray_documents/documents/outputs/Article_5228/auto/Article_5228.md,Multi-layered thermal barrier coatings fabricated by plasma-spraying and dry-ice blasting: Microstructure characterization and prolonged lifetime
/home/sprice/coldspray_documents/documents/outputs/Article_5215/auto/Article_5215.md,Introduction to Mechanical Characterisation of Materials
/home/sprice/coldspray_documents/documents/outputs/Article_3068/auto/Article_3068.md,Formation of persistent dislocation loops by ultra-high strain-rate deformation during cold spraying
/home/sprice/coldspray_documents/documents/outputs/Article_1000/auto/Article_1000.md,"Detection of oxygen at the interface and its effect on strain, stress, and temperature at the interface between cold sprayed aluminum and steel substrate"
/home/sprice/coldspray_documents/documents/outputs/Article_2120/auto/Article_2120.md,Effect of Heat Treatment on the Al-Cu Feedstock Powders for Cold Spray Deposition
/home/sprice/coldspray_documents/documents/outputs/Article_2239/auto/Article_2239.md,Nanotwinning grain refinement induced by micro-needle peening in arc-welded ultra-high strength steel sheet
/home/sprice/coldspray_documents/documents/outputs/Article_684/auto/Article_684.md,Investigations of microstructure and corrosion resistance of WC-Co and WC-Cr3C2-Ni coatings deposited by HVOF on magnesium alloy substrates
/home/sprice/coldspray_documents/documents/outputs/Article_3131/auto/Article_3131.md,Strategies towards the challenges of zinc metal anode in rechargeable aqueous zinc ion batteries
/home/sprice/coldspray_documents/documents/outputs/Article_1736/auto/Article_1736.md,Cold spray forming: a novel approach in cold spray additive manufacturing of complex parts using 3D-printed polymer molds
/home/sprice/coldspray_documents/documents/outputs/Article_6013/auto/Article_6013.md,Mechanical and energy release properties of cold-sprayed nickel-aluminum energetic structural materials
/home/sprice/coldspray_documents/documents/outputs/Article_632/auto/Article_632.md,Recent developments in hybrid aluminium metal matrix composites: A review
/home/sprice/coldspray_documents/documents/outputs/Article_2977/auto/Article_2977.md,Deposition mechanism in vacuum-kinetic-sprayed alumina film: First weak bonding and bonding consolidation
/home/sprice/coldspray_documents/documents/outputs/Article_3548/auto/Article_3548.md,In suit synthesis and bonding of Cu to W–Cu composite by combustion synthesis and centrifugal infiltration
/home/sprice/coldspray_documents/documents/outputs/Article_2762/auto/Article_2762.md,Mechanisms of slurry erosion in coatings of hydro-turbines
/home/sprice/coldspray_documents/documents/outputs/Article_5121/auto/Article_5121.md,Enhancing photocatalytic durability of high strength pervious concrete: Micro-mechanical and microscopic mechanisms
/home/sprice/coldspray_documents/documents/outputs/Article_5221/auto/Article_5221.md,"Microstructure, hardness and wear resistance of plasma-sprayed and electron beam remelted Ni-Cr-Re coatings on Inconel 625"
/home/sprice/coldspray_documents/documents/outputs/Article_1966/auto/Article_1966.md,Characterization of thermally sprayed copper and numerically supported residual stress determination by the incremental hole-drilling method
/home/sprice/coldspray_documents/documents/outputs/Article_3180/auto/Article_3180.md,Design and manufacture of Nd–Fe–B thick coatings by the thermal spray process
/home/sprice/coldspray_documents/documents/outputs/Article_1405/auto/Article_1405.md,A new strategy for improving TBCs performance through tailoring the bond coating interface with laser texturing
/home/sprice/coldspray_documents/documents/outputs/Article_5091/auto/Article_5091.md,Accelerated hot corrosion studies of cold spray Ni–50Cr coating on boiler steels
/home/sprice/coldspray_documents/documents/outputs/Article_1613/auto/Article_1613.md,Study of the influence of electron beam irradiation on the microstructural and mechanical characteristics of titanium-coated Al-Si alloy
/home/sprice/coldspray_documents/documents/outputs/Article_1981/auto/Article_1981.md,Attrition and Cryogenic milling powder production for Low Pressure Cold Gas Spray and composite coatings characterization
/home/sprice/coldspray_documents/documents/outputs/Article_2366/auto/Article_2366.md,"Magnesium matrix nanocomposites for orthopedic applications: A review from mechanical, corrosion, and biological perspectives"
/home/sprice/coldspray_documents/documents/outputs/Article_3398/auto/Article_3398.md,The Effect of Corrosion on Conventional and Nanomaterial Copper Cold Spray Surfaces for Antimicrobial Applications
/home/sprice/coldspray_documents/documents/outputs/Article_3005/auto/Article_3005.md,Molecular dynamics simulation and experimental verification for bonding formation of solid-state TiO₂ nano-particles induced by high velocity collision
/home/sprice/coldspray_documents/documents/outputs/Article_2659/auto/Article_2659.md,A review on the processing of various coating materials using surface modification techniques for high-temperature solid particle erosion applications
/home/sprice/coldspray_documents/documents/outputs/Article_5273/auto/Article_5273.md,Nacre-inspired robust antifouling amorphous coating via in-situ constructing 3D interconnected diffusion channels
/home/sprice/coldspray_documents/documents/outputs/Article_5708/auto/Article_5708.md,Effect of packing density on flame propagation of nickel-coated aluminum particles
/home/sprice/coldspray_documents/documents/outputs/Article_1262/auto/Article_1262.md,Effect of substrate surface condition on fatigue behavior of cold sprayed Ti6Al4V coatings
/home/sprice/coldspray_documents/documents/outputs/Article_1767/auto/Article_1767.md,High ductility aluminum alloy made from powder by friction extrusion
/home/sprice/coldspray_documents/documents/outputs/Article_2275/auto/Article_2275.md,Effect of process parameters on performances of TWIP steel/Al alloy dissimilar metals butt joints by laser offset welding
/home/sprice/coldspray_documents/documents/outputs/Article_846/auto/Article_846.md,Research progress on the preparation of irradiation-resistant coating based on PVD technology
/home/sprice/coldspray_documents/documents/outputs/Article_1266/auto/Article_1266.md,Electrical and mechanical properties of nano-structured TiN coatings deposited by vacuum cold spray
/home/sprice/coldspray_documents/documents/outputs/Article_3444/auto/Article_3444.md,Materials for ultra-supercritical coal-fired power plant boilers
/home/sprice/coldspray_documents/documents/outputs/Article_5265/auto/Article_5265.md,Repairing crack in Cu-Cr-Zr alloy towards forging mechanical properties via friction stir processing and aging treatment
/home/sprice/coldspray_documents/documents/outputs/Article_272/auto/Article_272.md,Cold Spray in the Realm of Additive Manufacturing
/home/sprice/coldspray_documents/documents/outputs/Article_5597/auto/Article_5597.md,Surface and tribological characterization of anodic aluminum oxide coating containing diamond-like carbon flakes
/home/sprice/coldspray_documents/documents/outputs/Article_1758/auto/Article_1758.md,Reusing 316L Stainless Steel Feedstock Powder for Cold Spray Deposition
/home/sprice/coldspray_documents/documents/outputs/Article_3199/auto/Article_3199.md,Ultrasonic cavitation erosion of as-sprayed and laser-remelted yttria stabilized zirconia coatings
/home/sprice/coldspray_documents/documents/outputs/Article_1271/auto/Article_1271.md,Macroscopic simulation of hydrogen diffusion across the grain-boundary networks in cold-sprayed Ti6Al4V
/home/sprice/coldspray_documents/documents/outputs/Article_2144/auto/Article_2144.md,Heat-Treatment of Aluminium-Nickel Composite Cold Sprayed Coating
/home/sprice/coldspray_documents/documents/outputs/Article_2705/auto/Article_2705.md,"Microstructure, corrosion, and tribological performance of multilayered cylindrical AA5083 parts fabricated by modified friction stir deposition – Additive manufacturing"
/home/sprice/coldspray_documents/documents/outputs/Article_5615/auto/Article_5615.md,Comparison study of two control strategies for the small pressurized water reactor
/home/sprice/coldspray_documents/documents/outputs/Article_5372/auto/Article_5372.md,An actively cooled mock-up with massive tungsten assembled to Eurofer97 tested up to 3 MW/ $\mathbf{\hat{m}}^2$
/home/sprice/coldspray_documents/documents/outputs/Article_280/auto/Article_280.md,Residual Stress in Cold Spray SS304L Measured Via Neutron Diffraction and Comparison of Analytical Models to Predict the Residual Stress
/home/sprice/coldspray_documents/documents/outputs/Article_1296/auto/Article_1296.md,Overview of coating technologies
/home/sprice/coldspray_documents/documents/outputs/Article_6107/auto/Article_6107.md,Developing rotary swaging process for improving the performance of wire-arc sprayed A $1 / \mathsf { A l } _ { 2 } \mathsf { O } _ { 3 }$ composite coating
/home/sprice/coldspray_documents/documents/outputs/Article_3197/auto/Article_3197.md,"Comparative study of Ti-C-Ni-Al, Ti-C-Ni-Fe, and Ti-C-Ni-Al/Ti-C-Ni-Fe coatings produced by magnetron sputtering, electro-spark deposition, and a combined two-step process"
/home/sprice/coldspray_documents/documents/outputs/Article_3510/auto/Article_3510.md,Controlling ceramic-reinforcement distribution in laser cladding of MMCs
/home/sprice/coldspray_documents/documents/outputs/Article_3567/auto/Article_3567.md,"Synthesis, thermoelectric and energy storage performance of transition metal oxides composites"
/home/sprice/coldspray_documents/documents/outputs/Article_5419/auto/Article_5419.md,Thermal spraying of a high nitrogen duplex austenitic–ferritic steel
/home/sprice/coldspray_documents/documents/outputs/Article_5063/auto/Article_5063.md,Catalyst coating deposition behavior by cold spray for fuel reforming
/home/sprice/coldspray_documents/documents/outputs/Article_2802/auto/Article_2802.md,The emerging frontiers in materials for functional three-dimensional printing
/home/sprice/coldspray_documents/documents/outputs/Article_3566/auto/Article_3566.md,CARIOLOGY
/home/sprice/coldspray_documents/documents/outputs/Article_3232/auto/Article_3232.md,Thermal spray nanostructured ceramic and metal-matrix composite coatings
/home/sprice/coldspray_documents/documents/outputs/Article_100/auto/Article_100.md,Preparation and mechanical properties of cold sprayed nanSoAcNrDy2s0t0al8l-in18e42 aluminum
/home/sprice/coldspray_documents/documents/outputs/Article_664/auto/Article_664.md,"Influence of different rolling processes on microstructure, texture and anisotropy of the Al–Cu–Li alloy"
/home/sprice/coldspray_documents/documents/outputs/Article_7/auto/Article_7.md,"Ultrasonic and conventional fatigue behavior, strain rate sensitivity, and structural design methods for wrought and cold spray Al-6061"
/home/sprice/coldspray_documents/documents/outputs/Article_808/auto/Article_808.md,Effects of annealing temperature on microstructure and mechanical properties of cold sprayed AA7075
/home/sprice/coldspray_documents/documents/outputs/Article_5045/auto/Article_5045.md,Novel cold spray for fabricating graphene-reinforced metal matrix composites
/home/sprice/coldspray_documents/documents/outputs/Article_2025/auto/Article_2025.md,Proceedings of the 2nd International Conference on Advanced Surface Enhancement (INCASE 2021)
/home/sprice/coldspray_documents/documents/outputs/Article_2138/auto/Article_2138.md,Low-Pressure Cold Spraying of Copper–Graphite Solid Lubricating Coatings on Aluminum Alloy 7075-T651
/home/sprice/coldspray_documents/documents/outputs/Article_3178/auto/Article_3178.md,Surface roughness and internal porosity of partial removable dental prosthesis frameworks fabricated from conventional wax and light-polymerized patterns: comparative study
/home/sprice/coldspray_documents/documents/outputs/Article_3338/auto/Article_3338.md,Cold gas dynamic spraying (CGDS) of TiO2 (anatase) powders onto poly(sulfone) substrates: Microstructural characterisation and photocatalytic efficiency
/home/sprice/coldspray_documents/documents/outputs/Article_582/auto/Article_582.md,Large sized cubic BN reinforced nanocomposite with improved abrasive wear resistance deposited by cold spray
/home/sprice/coldspray_documents/documents/outputs/Article_3195/auto/Article_3195.md,Metal-graphene interfaces in epitaxial and bulk systems: A review
/home/sprice/coldspray_documents/documents/outputs/Article_5162/auto/Article_5162.md,Impact behaviour of microparticles with microstructured surfaces: Experimental study and DEM simulation
/home/sprice/coldspray_documents/documents/outputs/Article_1094/auto/Article_1094.md,Cold-sprayed Cu-WC/Cu/Cu-Ni@W multilayer deposits for high-quality repair of Cu alloy electromagnetic rails
/home/sprice/coldspray_documents/documents/outputs/Article_577/auto/Article_577.md,Al matrix composites fabricated by solid-state cold spray deposition: A critical review
/home/sprice/coldspray_documents/documents/outputs/Article_5144/auto/Article_5144.md,Additional hindrances to metallurgical bonding from impurities during microparticle impact
/home/sprice/coldspray_documents/documents/outputs/Article_571/auto/Article_571.md,Enhancing strength-ductility synergy by introducing multilattice defects and heterogeneous structures in CoCrNi-based medium-entropy alloys prepared by powder plasma arc additive manufacturing
/home/sprice/coldspray_documents/documents/outputs/Article_1881/auto/Article_1881.md,"Mechanical Alloying Integrated with Cold Spray Coating for Fabrication $\displaystyle\begin{array}{r}{\bf Cu}_{50}(\mathrm{Ti}_{50-x}\mathrm{Ni}_x),\;x=10,20,30\end{array}$ and 40 at.% Antibiofilm Metallic Glass Coated/SUS304 Sheets"
/home/sprice/coldspray_documents/documents/outputs/Article_617/auto/Article_617.md,A holistic review on fatigue properties of additively manufactured metals
/home/sprice/coldspray_documents/documents/outputs/Article_3219/auto/Article_3219.md,Investigation of nanomechanical deformation behavior in plasma sprayed Fe-based amorphous/ nanocrystalline composite coating via multi-scale indentation and nanotribology
/home/sprice/coldspray_documents/documents/outputs/Article_507/auto/Article_507.md,"Cold gas dynamic spraying of a novel micro-alloyed copper: Microstructure, mechanical properties"
/home/sprice/coldspray_documents/documents/outputs/Article_69/auto/Article_69.md,Recover the tensile strength of hard aluminum alloy through laser assisted cold spray
/home/sprice/coldspray_documents/documents/outputs/Article_2039/auto/Article_2039.md,Cold Spray Additive Manufacturing of Ti6Al4V: Special Nozzle Design Using Numerical Simulation and Experimental Validation
/home/sprice/coldspray_documents/documents/outputs/Article_677/auto/Article_677.md,High strength and ductility of $\mathrm { T i _ { 3 } Z r _ { 1 . 5 } N b V A l _ { 0 . 2 5 } }$ refractory high entropy alloy by laser direct energy deposition via a single cold deformation and annealing cycle
/home/sprice/coldspray_documents/documents/outputs/Article_1338/auto/Article_1338.md,Cold spray deposition of Inconel 718 in comparison with atmospheric plasma spray deposition
/home/sprice/coldspray_documents/documents/outputs/Article_2731/auto/Article_2731.md,"Microstructure, oxidation kinetics and hydrogen absorption of Cr-coated Zr-Sn-Nb alloy cladding tubes after single-sided oxidation at 1000–1200 °C followed by fast reflood"
/home/sprice/coldspray_documents/documents/outputs/Article_298/auto/Article_298.md,Corrosion Resistance of Copper Coatings Deposited by Cold Spraying
/home/sprice/coldspray_documents/documents/outputs/Article_3006/auto/Article_3006.md,Room and elevated temperature sliding wear of high velocity oxy-fuel sprayed Diamalloy3001 coatings
/home/sprice/coldspray_documents/documents/outputs/Article_2702/auto/Article_2702.md,XRD and EBSD evaluation on deposition behavior and microstructure characteristic of HVOF sprayed 304SS coating on aluminum substrate
/home/sprice/coldspray_documents/documents/outputs/Article_3023/auto/Article_3023.md,3D printing of bulk metallic glasses
/home/sprice/coldspray_documents/documents/outputs/Article_3088/auto/Article_3088.md,A review on surface modification techniques
/home/sprice/coldspray_documents/documents/outputs/Article_2441/auto/Article_2441.md,Study of mechanical properties and high temperature oxidation behavior of a novel cold-spray Ni-20Cr coating on boiler steels
/home/sprice/coldspray_documents/documents/outputs/Article_90/auto/Article_90.md,Influence of feedstock powder and cold spray processing parameters on microstructure and mechanical properties of Ti-6Al-4V cold spray depositions
/home/sprice/coldspray_documents/documents/outputs/Article_1353/auto/Article_1353.md,Tribological characterization of Nb ion implanted WC-5wt%Ni cold sprayed coatings in dry sliding contact
/home/sprice/coldspray_documents/documents/outputs/Article_2459/auto/Article_2459.md,Recent progress in high-entropy alloys: A focused review of preparation processes and properties
/home/sprice/coldspray_documents/documents/outputs/Article_5203/auto/Article_5203.md,Advances in additive manufacturing of auxetic structures for biomedical applications
/home/sprice/coldspray_documents/documents/outputs/Article_1643/auto/Article_1643.md,Focused ion beam micro-dissection of cold-sprayed particles
/home/sprice/coldspray_documents/documents/outputs/Article_554/auto/Article_554.md,Fabrication of 5052 Al/Al₂O₃ nanoceramic particle reinforced composite via friction stir processing route
/home/sprice/coldspray_documents/documents/outputs/Article_258/auto/Article_258.md,Surface engineering-controlled tribological behavior and adhesion strength of Ni-Cr coating sprayed onto carburized AISI 4340 steel substrate
/home/sprice/coldspray_documents/documents/outputs/Article_5598/auto/Article_5598.md,Effect of strengthening particles on the dry sliding wear behavior of $\mathsf { A l } _ { 2 } \mathsf { O } _ { 3 } – \mathsf { M } _ { 7 } \mathsf C _ { 3 } |$ Fe metal matrix composite coatings produced by laser cladding
/home/sprice/coldspray_documents/documents/outputs/Article_5703/auto/Article_5703.md,The mechanisms of gross slip fretting wear on nickel oxide/Ti6Al4V mated surfaces
/home/sprice/coldspray_documents/documents/outputs/Article_2145/auto/Article_2145.md,A multiple particle arrangement model to understand cold spray characteristics of bimodal size 316L/Fe powder mixtures
/home/sprice/coldspray_documents/documents/outputs/Article_97/auto/Article_97.md,Effect of friction stir spot processing on microstructure and mechanical properties of cold-sprayed Al coating on Ti substrate
/home/sprice/coldspray_documents/documents/outputs/Article_3012/auto/Article_3012.md,Wear behaviour of Al-MWCNT composites by varying MWCNTs concentration
/home/sprice/coldspray_documents/documents/outputs/Article_1935/auto/Article_1935.md,Impact of process parameters on mechanical and microstructure properties of aluminum alloys and aluminum matrix composites processed by powder-based additive manufacturing
/home/sprice/coldspray_documents/documents/outputs/Article_3662/auto/Article_3662.md,Mechanical and wear properties of aluminum coating prepared by cold spraying
/home/sprice/coldspray_documents/documents/outputs/Article_2405/auto/Article_2405.md,Towards cost-effective and durable bipolar plates for proton exchange membrane electrolyzers: A review
/home/sprice/coldspray_documents/documents/outputs/Article_1760/auto/Article_1760.md,Cold-Sprayed Ti-Carbon Nanofibers: Study of Conductive and Electrochemical Properties
/home/sprice/coldspray_documents/documents/outputs/Article_5257/auto/Article_5257.md,Surface oxide layer strengthening and fracture during flattening of powder particles
/home/sprice/coldspray_documents/documents/outputs/Article_2033/auto/Article_2033.md,Friction stir processing of austenitic stainless steel cold spray coating deposited on 304L stainless steel substrate: feasibility study
/home/sprice/coldspray_documents/documents/outputs/Article_1489/auto/Article_1489.md,Microstructure and Mechanical Properties of Cold-Sprayed Ni/ CrC-NiCr Composites with Varying Binder Phases
/home/sprice/coldspray_documents/documents/outputs/Article_1386/auto/Article_1386.md,Microstructural and mechanical characterization of thermal sprayed nickel–alumina composite coatings
/home/sprice/coldspray_documents/documents/outputs/Article_2617/auto/Article_2617.md,Cu based Sputtering Target Materials for Solar Cell Manufactured by Cold Spray Deposition
/home/sprice/coldspray_documents/documents/outputs/Article_2831/auto/Article_2831.md,"Comparison of microstructure and adhesion strength of plasma, flame and high velocity oxy-fuel sprayed coatings from an iron aluminide powder"
/home/sprice/coldspray_documents/documents/outputs/Article_2768/auto/Article_2768.md,Direct fabrication of bimetallic Ti6Al4V + Al12Si structures via additive manufacturing
/home/sprice/coldspray_documents/documents/outputs/Article_5270/auto/Article_5270.md,Mesh sensitivity assessment of shot peening finite element simulation aimed at surface grain refinement
/home/sprice/coldspray_documents/documents/outputs/Article_3259/auto/Article_3259.md,Selection of the spraying technologies for over-coating of metal-stampings with thermo-plastics for use in direct-adhesion polymer metal hybrid load-bearing components
/home/sprice/coldspray_documents/documents/outputs/Article_2713/auto/Article_2713.md,Incorporating machine learning in shot peening and laser peening: A review and beyond
/home/sprice/coldspray_documents/documents/outputs/Article_2964/auto/Article_2964.md,Inorganic inorganic mixed 16 nanocomposites as anticorrosive coatings
/home/sprice/coldspray_documents/documents/outputs/Article_823/auto/Article_823.md,Evaluation of tensile and elastic properties of W/Cu cold-spray coatings for application to the FGM DEMO divertor concept
/home/sprice/coldspray_documents/documents/outputs/Article_1397/auto/Article_1397.md,Nanomaterial-based thermal spray coating technology: A review
/home/sprice/coldspray_documents/documents/outputs/Article_3572/auto/Article_3572.md,Dynamic supramolecular porphyrin systems
/home/sprice/coldspray_documents/documents/outputs/Article_6002/auto/Article_6002.md,The role of annealing temperature on fracture of cold-sprayed copper deposits: Toward damage-tolerant additive manufacturing process
/home/sprice/coldspray_documents/documents/outputs/Article_1825/auto/Article_1825.md,Microstructure and Properties of FeCrMnxAlCu High-Entropy Alloys and Coatings
/home/sprice/coldspray_documents/documents/outputs/Article_5504/auto/Article_5504.md,Profiling interfacial reaction features and mechanical properties of B4C ceramic and Ti6Al4V titanium alloy brazed with Ag-based brazing filler
/home/sprice/coldspray_documents/documents/outputs/Article_642/auto/Article_642.md,Influence of equal-channel angular pressing on 6061 Al matrix composites reinforced with NiTi particles
/home/sprice/coldspray_documents/documents/outputs/Article_5586/auto/Article_5586.md,Molecular dynamics study of the mechanical behaviour of ultrathin polymer–metal multilayers under extreme dynamic conditions
/home/sprice/coldspray_documents/documents/outputs/Article_682/auto/Article_682.md,The effect of asymmetric rolling on the microstructure and properties of Al–Cu–Li–TiC/TiB2 alloys
/home/sprice/coldspray_documents/documents/outputs/Article_3135/auto/Article_3135.md,Deposition behavior and microstructural development of TiNi powder particles in low temperature-HVOF spraying process
/home/sprice/coldspray_documents/documents/outputs/Article_2967/auto/Article_2967.md,Effect of hydrogen embrittlement on the microstructures of electroplated steel alloy 4130
/home/sprice/coldspray_documents/documents/outputs/Article_86/auto/Article_86.md,Enhanced Electrochemical and Tribological Properties of AZ91D Magnesium Alloy via Cold Spraying of Aluminum Alloy
/home/sprice/coldspray_documents/documents/outputs/Article_837/auto/Article_837.md,Processing of tungsten heavy alloy by extrusion-based additive manufacturing
/home/sprice/coldspray_documents/documents/outputs/Article_5797/auto/Article_5797.md,Facial improvement after mandibular midline distraction and surgically assisted rapid maxillary expansion
/home/sprice/coldspray_documents/documents/outputs/Article_1020/auto/Article_1020.md,Effect of reinforcing particles on the wear rate of low-pressure cold-sprayed WC-based MMC coatings
/home/sprice/coldspray_documents/documents/outputs/Article_6038/auto/Article_6038.md,Micromechanical damage analysis of Al-Al₂O₃ composites via cold-spray additive manufacturing
/home/sprice/coldspray_documents/documents/outputs/Article_3517/auto/Article_3517.md,Atomistic simulations of interfacial deformation and bonding mechanism of Pd-Cu composite metal membrane using cold gas dynamic spray process
/home/sprice/coldspray_documents/documents/outputs/Article_2164/auto/Article_2164.md,"Recent progress of Al–Mg alloys: Forming and preparation process, microstructure manipulation and application"
/home/sprice/coldspray_documents/documents/outputs/Article_291/auto/Article_291.md,Improving the Usage Properties of Steel Using Cold Spray Deposition: A Review
/home/sprice/coldspray_documents/documents/outputs/Article_2824/auto/Article_2824.md,Characteristics of phases and processing techniques of high entropy alloys
/home/sprice/coldspray_documents/documents/outputs/Article_1304/auto/Article_1304.md,Influence of plasma and cold spray deposited Ti Layers on high-cycle fatigue properties of Ti6Al4V substrates
/home/sprice/coldspray_documents/documents/outputs/Article_764/auto/Article_764.md,Experimental analysis of hybrid AM60 magnesium composites reinforced with TiC and TiB2 via stir casting
/home/sprice/coldspray_documents/documents/outputs/Article_1316/auto/Article_1316.md,Fatigue behavior of cold spray coatings: The effect of conventional and severe shot peening as pre-/post-treatment
/home/sprice/coldspray_documents/documents/outputs/Article_5450/auto/Article_5450.md,Improving oxidation resistance of aluminide coatings by alloying elements from underlying superalloys
/home/sprice/coldspray_documents/documents/outputs/Article_3156/auto/Article_3156.md,Engineered surfaces for automotive engine and power train components
/home/sprice/coldspray_documents/documents/outputs/Article_3271/auto/Article_3271.md,Deposition behavior and microstructure of WC-12Co coating deposited by HVOF on 7075 aluminum alloy substrates
/home/sprice/coldspray_documents/documents/outputs/Article_2046/auto/Article_2046.md,Preparation of Wear-Resistant Coating on Ti6Al4V Alloy by Cold Spraying and Plasma Electrolytic Oxidation
/home/sprice/coldspray_documents/documents/outputs/Article_2054/auto/Article_2054.md,Influence of Powder Heat Treatment on the Microstructure and Mechanical Properties of Cold Sprayed Ti-6Al-4V Coatings
/home/sprice/coldspray_documents/documents/outputs/Article_1602/auto/Article_1602.md,Influence of Substrate Characteristics on Single Ti Splat Bonding to Ceramic Substrates by Cold Spray
/home/sprice/coldspray_documents/documents/outputs/Article_5536/auto/Article_5536.md,"Evolution of morphology, microstructure and phase composition of zirconia thin coating on copper as a result of low energy high current pulsed electron beam irradiation"
/home/sprice/coldspray_documents/documents/outputs/Article_2700/auto/Article_2700.md,Advanced fuel performance analysis of multi-layered coated accident-tolerant fuel (ATF) cladding using a coupled multiphysics approach
/home/sprice/coldspray_documents/documents/outputs/Article_5754/auto/Article_5754.md,Supplemental Material
/home/sprice/coldspray_documents/documents/outputs/Article_5267/auto/Article_5267.md,On the potential of supersonic particle deposition to repair simulated corrosion damage
/home/sprice/coldspray_documents/documents/outputs/Article_5364/auto/Article_5364.md,Formation mechanism and single abrasive wear of TaC dense ceramic layer on surface of gray cast iron
/home/sprice/coldspray_documents/documents/outputs/Article_2687/auto/Article_2687.md,"Review on properties, physics, and fabrication of two-dimensional material-based metal-matrix composites (2DMMCs) for heat transfer systems"
/home/sprice/coldspray_documents/documents/outputs/Article_3406/auto/Article_3406.md,Tribology of thermal sprayed WC–Co coatings
/home/sprice/coldspray_documents/documents/outputs/Article_254/auto/Article_254.md,Effect of laser clad repair on the fatigue behaviour of ultra-high strength AISI 4340 steel
/home/sprice/coldspray_documents/documents/outputs/Article_1620/auto/Article_1620.md,Influence of feedpowder morphology on microstructure and mechanical properties of Tantalum produced by cold spray additive manufacturing
/home/sprice/coldspray_documents/documents/outputs/Article_5007/auto/Article_5007.md,Acute effects of cold spray application on mechanical properties of the rectus femoris muscle in athletes
/home/sprice/coldspray_documents/documents/outputs/Article_2663/auto/Article_2663.md,Recent research progress in friction stir welding of aluminium and copper dissimilar joint: a review
/home/sprice/coldspray_documents/documents/outputs/Article_512/auto/Article_512.md,Advances in cold spray additive deposition
/home/sprice/coldspray_documents/documents/outputs/Article_2625/auto/Article_2625.md,Nanocrystalline Copper Coatings Produced by Cold Spraying
/home/sprice/coldspray_documents/documents/outputs/Article_3049/auto/Article_3049.md,Mechanical properties of cold sprayed titanium and nickel based coatings
/home/sprice/coldspray_documents/documents/outputs/Article_3373/auto/Article_3373.md,Oxidation behavior of Cu–Cr environmental barrier coatings on Cu–8Cr–4Nb
/home/sprice/coldspray_documents/documents/outputs/Article_1839/auto/Article_1839.md,Numerical and Experimental Investigations of Cold-Sprayed Basalt Fiber-Reinforced Metal Matrix Composite Coating
/home/sprice/coldspray_documents/documents/outputs/Article_116/auto/Article_116.md,Influence of Friction Stir Spot Processing on Grain Structure Evolution and Nanomechanical Behavior of Cold-Sprayed Al Coating on Ti Substrate
/home/sprice/coldspray_documents/documents/outputs/Article_1188/auto/Article_1188.md,Metallization of carbon fiber reinforced polymer composite by cold spray and lay-up molding processes
/home/sprice/coldspray_documents/documents/outputs/Article_3061/auto/Article_3061.md,Synthesis and mechanical properties of nanocrystalline Ni coatings produced by cold gas dynamic spraying
/home/sprice/coldspray_documents/documents/outputs/Article_1444/auto/Article_1444.md,Scanning acoustic microscopy characterization of cold sprayed coatings deposited on grooved substrates
/home/sprice/coldspray_documents/documents/outputs/Article_3579/auto/Article_3579.md,The Importance Chapter 2 of Corrosion and the Necessity of Applying Intelligent Coatings for Its 2 Control
/home/sprice/coldspray_documents/documents/outputs/Article_1662/auto/Article_1662.md,Optimizing Cold Spray Deposition on Thermoplastics: A Machine Learning Approach Focused on Powder Properties
/home/sprice/coldspray_documents/documents/outputs/Article_2146/auto/Article_2146.md,Improved Corrosion Protection of Magnesium Alloys AZ31B and AZ91 by Cold-Sprayed Aluminum Coatings
/home/sprice/coldspray_documents/documents/outputs/Article_2076/auto/Article_2076.md,SYNTHESIS OF HIGH-ENTROPY AlNiCoFeCrTiCOATING BY COLD SPRAYING
/home/sprice/coldspray_documents/documents/outputs/Article_144/auto/Article_144.md,Effect of carrier gas on mechanical properties and fracture behaviour of cold sprayed aluminium coatings
/home/sprice/coldspray_documents/documents/outputs/Article_2592/auto/Article_2592.md,B4C/Ni Composite Coatings Prepared by Cold Spray of Blended or CVD-Coated Powders
/home/sprice/coldspray_documents/documents/outputs/Article_756/auto/Article_756.md,Recent Progress in Additive Manufacturing of Porous Titanium: From Design to Applications
/home/sprice/coldspray_documents/documents/outputs/Article_5102/auto/Article_5102.md,A Building Block Approach to Sustainment and Durability Assessment: Experiment and Analysis
/home/sprice/coldspray_documents/documents/outputs/Article_1105/auto/Article_1105.md,High ductility induced by twin-assisted grain rotation and merging in solid-state cold spray additive manufactured Cu
/home/sprice/coldspray_documents/documents/outputs/Article_3312/auto/Article_3312.md,"Bio-inspired cutting tools: Beneficial mechanisms, fabrication technology and coupling design"
/home/sprice/coldspray_documents/documents/outputs/Article_6039/auto/Article_6039.md,Mechanical and microstructural properties of a CoCrFe0.75NiMo0.3Nb0.125 high-entropy alloy additively manufactured via cold-spray
/home/sprice/coldspray_documents/documents/outputs/Article_2532/auto/Article_2532.md,Antibacterial coatings for improving the performance of biomaterials
/home/sprice/coldspray_documents/documents/outputs/Article_5627/auto/Article_5627.md,The electrodeposition of particle-metal matrix composite coatings to meet tribological and corrosion challenges
/home/sprice/coldspray_documents/documents/outputs/Article_1913/auto/Article_1913.md,Understanding thermo-mechanical processing pathways to simultaneously increase strength and damping in steels
/home/sprice/coldspray_documents/documents/outputs/Article_3062/auto/Article_3062.md,Fatigue properties of Al–Si casting alloy with cold sprayed Al/SiC coating
/home/sprice/coldspray_documents/documents/outputs/Article_5720/auto/Article_5720.md,Impact of atmospheric pressure plasma treatment on surface metallization of CFRP composites
/home/sprice/coldspray_documents/documents/outputs/Article_1599/auto/Article_1599.md,The economics of the cold spray process
/home/sprice/coldspray_documents/documents/outputs/Article_1194/auto/Article_1194.md,Effect of vacuum heat treatment on microstructure and microhardness of cold-sprayed TiN particle-reinforced Al alloy-based composites
/home/sprice/coldspray_documents/documents/outputs/Article_545/auto/Article_545.md,Effect of nitrogen flow rate on microstructures and mechanical properties of metallic coatings by warm spray deposition
/home/sprice/coldspray_documents/documents/outputs/Article_1965/auto/Article_1965.md,Friction stir additive manufacturing – An innovative tool to enhance mechanical and microstructural properties
/home/sprice/coldspray_documents/documents/outputs/Article_1501/auto/Article_1501.md,Lightweight automotive components based on nanodiamond-reinforced aluminium alloy: A technical and environmental evaluation
/home/sprice/coldspray_documents/documents/outputs/Article_1713/auto/Article_1713.md,Effect of Double-Aging Heat Treatment on Microstructure and Tribological Behaviour of Cold Sprayed IN718 Coating
/home/sprice/coldspray_documents/documents/outputs/Article_586/auto/Article_586.md,Aluminum coatings via kinetic spray with relatively large powder particles
/home/sprice/coldspray_documents/documents/outputs/Article_2563/auto/Article_2563.md,"Additive manufacturing: shaping the future of the manufacturing industry – overview of trends, challenges and opportunities"
/home/sprice/coldspray_documents/documents/outputs/Article_2962/auto/Article_2962.md,"Characterization of PVD Cr, CrN, and TiN coatings on SiC*"
/home/sprice/coldspray_documents/documents/outputs/Article_1466/auto/Article_1466.md,Mechanical Properties of Cu-0.1Ag Alloys Deposited by Cold Spray with Various Powder Feed Rate and Heat Treatment
/home/sprice/coldspray_documents/documents/outputs/Article_2812/auto/Article_2812.md,Depositing WC particle coating via SMNAT contributes to a high-quality Ti2AlNb/TA2 joint of diffusion bonding at low temperature
/home/sprice/coldspray_documents/documents/outputs/Article_1274/auto/Article_1274.md,Nanostructure formation and its effects on the mechanical properties of kinetic sprayed titanium coating
/home/sprice/coldspray_documents/documents/outputs/Article_6076/auto/Article_6076.md,A review of additive manufacturing of cermets
/home/sprice/coldspray_documents/documents/outputs/Article_3594/auto/Article_3594.md,Sedimentary laminations in the Isheyevo (CH/CBb) carbonaceous chondrite formed by gentle impact-plume sweep-up
/home/sprice/coldspray_documents/documents/outputs/Article_651/auto/Article_651.md,Experimental study on mechanical properties and tightening method of stainless steel high-strength bolts
/home/sprice/coldspray_documents/documents/outputs/Article_1203/auto/Article_1203.md,Influence of WC on third body behaviour during fretting of cold-sprayed Cu–MoS₂–WC composites
/home/sprice/coldspray_documents/documents/outputs/Article_2485/auto/Article_2485.md,Recent developments in additive friction stir deposition (AFSD)
/home/sprice/coldspray_documents/documents/outputs/Article_6006/auto/Article_6006.md,Fatigue performance of cold spray repaired aluminium alloy 7075
/home/sprice/coldspray_documents/documents/outputs/Article_6/auto/Article_6.md,In-situ mechanical investigation of the deformation of splat interfaces in cold-sprayed aluminum alloy
/home/sprice/coldspray_documents/documents/outputs/Article_1302/auto/Article_1302.md,A short note on the various thermal spray coating processes and effect of post-treatment on Ni-based coatings
/home/sprice/coldspray_documents/documents/outputs/Article_5296/auto/Article_5296.md,Wide-velocity range high-energy plasma sprayed yttria-stabilized zirconia thermal barrier coating — Part I: Splashing splat formation and micro-adhesive property
/home/sprice/coldspray_documents/documents/outputs/Article_2/auto/Article_2.md,SPEE3D Aluminium 6061
/home/sprice/coldspray_documents/documents/outputs/Article_2232/auto/Article_2232.md,Evaluation of mechanical properties of Ti6Al4V cold sprayed coatings*
/home/sprice/coldspray_documents/documents/outputs/Article_5128/auto/Article_5128.md,Oxide layer delamination: An energy dissipation mechanism during high-velocity microparticle impacts
/home/sprice/coldspray_documents/documents/outputs/Article_2241/auto/Article_2241.md,Investigation on surface modified Al7075 with niobium by friction stir processing
/home/sprice/coldspray_documents/documents/outputs/Article_513/auto/Article_513.md,Evaluation of tensile strength and elastic modulus of 7075-T6 aluminum alloy by adding SiC reinforcing particles using vortex casting method
/home/sprice/coldspray_documents/documents/outputs/Article_687/auto/Article_687.md,Significantly enhancing the ductility of high-strength Cu-15Ni-8Sn alloy via an optimized combined process of deformation and heat treatment
/home/sprice/coldspray_documents/documents/outputs/Article_3679/auto/Article_3679.md,Microstructures and key properties of cold-sprayed and thermally sprayed copper coatings
/home/sprice/coldspray_documents/documents/outputs/Article_3320/auto/Article_3320.md,Technical review of additive manufacturing in the aerospace industry
/home/sprice/coldspray_documents/documents/outputs/Article_1272/auto/Article_1272.md,"A review on advances and challenges in wire arc additive manufacturing: Process parameters, microstructural evolution and material performance across alloys"
/home/sprice/coldspray_documents/documents/outputs/Article_1361/auto/Article_1361.md,Cold sprayed MCrAlY + X coating for gas turbine blades and vanes
/home/sprice/coldspray_documents/documents/outputs/Article_5452/auto/Article_5452.md,Effect of La₂O₃ on microstructure and properties of Fe-based alloy coatings by laser cladding
/home/sprice/coldspray_documents/documents/outputs/Article_5297/auto/Article_5297.md,Stimulation and hydraulic fracturing technology in natural gas reservoirs: Theory and case studies (2012e2015)
/home/sprice/coldspray_documents/documents/outputs/Article_1647/auto/Article_1647.md,Microstructure and corrosion performance of a cold sprayed aluminium coating on AZ91D magnesium alloy
/home/sprice/coldspray_documents/documents/outputs/Article_2420/auto/Article_2420.md,Repair of Multisite Damage in Civil Transport Aircraft: An Example of the Damage-Tolerant Design of Composite Repairs
/home/sprice/coldspray_documents/documents/outputs/Article_3385/auto/Article_3385.md,Additive manufacturing (3D printing): Recent progress on advancement of materials and challenges
/home/sprice/coldspray_documents/documents/outputs/Article_5789/auto/Article_5789.md,Single-step electrochemical deposition of antimicrobial orthopaedic coatings based on a bioactive glass/chitosan/nano-silver composite system
/home/sprice/coldspray_documents/documents/outputs/Article_1655/auto/Article_1655.md,Corrosion resistance of cold-sprayed Ta coatings in very aggressive conditions
/home/sprice/coldspray_documents/documents/outputs/Article_5770/auto/Article_5770.md,Residual stresses in high-velocity oxy-fuel thermally sprayed coatings – Modelling the effect of particle velocity and temperature during the spraying process
/home/sprice/coldspray_documents/documents/outputs/Article_5683/auto/Article_5683.md,Effect of target poisoning ratios on the fabrication of titanium oxide coatings using superimposed high power impulse and medium frequency magnetron sputtering
/home/sprice/coldspray_documents/documents/outputs/Article_725/auto/Article_725.md,Effect of fabrication method on the structure and properties of a nanostructured nickel-free stainless steel
/home/sprice/coldspray_documents/documents/outputs/Article_5569/auto/Article_5569.md,Performance of different coating materials against high temperature oxidation in boiler tubes – A review
/home/sprice/coldspray_documents/documents/outputs/Article_957/auto/Article_957.md,Tribological behavior of steel-based composite coatings produced by cold spray
/home/sprice/coldspray_documents/documents/outputs/Article_1330/auto/Article_1330.md,Cold Spray Deposition of Freestanding Inconel Samples and Comparative Analysis with Selective Laser Melting
/home/sprice/coldspray_documents/documents/outputs/Article_5141/auto/Article_5141.md,Strategies for corrosion protection of non-ferrous metals and alloys through surface engineering
/home/sprice/coldspray_documents/documents/outputs/Article_5174/auto/Article_5174.md,Additive manufacturing of soft and hard magnetic materials used in electrical machines
/home/sprice/coldspray_documents/documents/outputs/Article_3622/auto/Article_3622.md,Effect of Microstructure on Wear and Corrosion Performance of Thermally Sprayed AlCoCrFeMo HighEntropy Alloy Coatings
/home/sprice/coldspray_documents/documents/outputs/Article_2386/auto/Article_2386.md,Microstructure study of cold sprayed 50%Ni–50%Cr coating on Inconel-601
/home/sprice/coldspray_documents/documents/outputs/Article_3523/auto/Article_3523.md,Wear resistance investigation of titanium nitride-based coatings
/home/sprice/coldspray_documents/documents/outputs/Article_628/auto/Article_628.md,Influence of thermal properties and temperature of substrate on the quality of cold-sprayed deposits
/home/sprice/coldspray_documents/documents/outputs/Article_1280/auto/Article_1280.md,Study of the laser remelting of a cold sprayed titanium layer.
/home/sprice/coldspray_documents/documents/outputs/Article_2774/auto/Article_2774.md,Unmanned autonomous air-to-air refueling intelligent docking technology
/home/sprice/coldspray_documents/documents/outputs/Article_517/auto/Article_517.md,Effect of powder heat treatment on fatigue mechanisms of freestanding AA7075 cold spray deposits
/home/sprice/coldspray_documents/documents/outputs/Article_2421/auto/Article_2421.md,Leak-tight crack repair for 304L stainless steel using friction surfacing
/home/sprice/coldspray_documents/documents/outputs/Article_1830/auto/Article_1830.md,Microstructure and Properties of Al-Based Ceramic Coating Deposited on Magnesium Alloy Surface by Cold Spraying
/home/sprice/coldspray_documents/documents/outputs/Article_3558/auto/Article_3558.md,Surface Engineering Processes
/home/sprice/coldspray_documents/documents/outputs/Article_2979/auto/Article_2979.md,Advanced diamond-reinforced metal matrix composite (DMMC) coatings via HVAF process: Effect of particle size and nozzle characteristics on tribological properties
/home/sprice/coldspray_documents/documents/outputs/Article_5571/auto/Article_5571.md,Woodhead Publishing Series in Metals and Surface Engineering
/home/sprice/coldspray_documents/documents/outputs/Article_5593/auto/Article_5593.md,Electroless-plating of Ag nanoparticles on Al₂O₃ for enhanced mechanical and wear properties of Cu–Al₂O₃ nanocomposites
/home/sprice/coldspray_documents/documents/outputs/Article_1197/auto/Article_1197.md,Cold spray technology: a perspective of nature-inspired feature processing and biomanufacturing by a heatless additive method using nanopowders
/home/sprice/coldspray_documents/documents/outputs/Article_1569/auto/Article_1569.md,"Microstructure, mechanical properties and tribological behavior of the low-pressure cold sprayed tin bronze-alumina coating in artificial seawater"
/home/sprice/coldspray_documents/documents/outputs/Article_2259/auto/Article_2259.md,Unveiling fracture mechanics of a curved coating/substrate system by combined digital image correlation and numerical finite element analyses
/home/sprice/coldspray_documents/documents/outputs/Article_5716/auto/Article_5716.md,Influence of Apical Periodontitis on the Accuracy of 3 Electronic Root Canal Length Measurement Devices: An In Vivo Study
/home/sprice/coldspray_documents/documents/outputs/Article_1513/auto/Article_1513.md,Effect of hot rolling on structure and mechanical properties of Ti-6Al-4V alloy parts produced by direct laser deposition
/home/sprice/coldspray_documents/documents/outputs/Article_2957/auto/Article_2957.md,Introduction to Advanced Micro-Nano Coating Materials and Thermal Spray
/home/sprice/coldspray_documents/documents/outputs/Article_730/auto/Article_730.md,"Development, exploration and optimization of porous titanium and titanium alloys: A review"
/home/sprice/coldspray_documents/documents/outputs/Article_3098/auto/Article_3098.md,A study on processing and hot corrosion behaviour of HVOF sprayed Inconel718-nano $\mathrm { { A l } } _ { 2 } \mathrm { { O } } _ { 3 }$ coatings
/home/sprice/coldspray_documents/documents/outputs/Article_1856/auto/Article_1856.md,Microstructure and Properties of an FeCoCrAlCu HEA Coating Synthesized via the Induction Remelting Method
/home/sprice/coldspray_documents/documents/outputs/Article_5152/auto/Article_5152.md,ICM11 Foreword
/home/sprice/coldspray_documents/documents/outputs/Article_1729/auto/Article_1729.md,Cold spray HEA coating surface microstructural characterization and mechanical testing
/home/sprice/coldspray_documents/documents/outputs/Article_2883/auto/Article_2883.md,Molecular simulation of high-velocity deposition of titanium dioxide nanoparticles on titanium
/home/sprice/coldspray_documents/documents/outputs/Article_2682/auto/Article_2682.md,Friction stir processing of Al/SiC composites fabricated by powder metallurgy
/home/sprice/coldspray_documents/documents/outputs/Article_5087/auto/Article_5087.md,Correlation between ${ \bf A l } _ { 2 } { \bf O } _ { 3 }$ particles and interface of $\mathrm { A l - A l } _ { 2 } \mathrm { O } _ { 3 }$ coatings by cold spray
/home/sprice/coldspray_documents/documents/outputs/Article_2947/auto/Article_2947.md,Material flow phenomena
/home/sprice/coldspray_documents/documents/outputs/Article_2872/auto/Article_2872.md,Microstructure and wear behavior of FeCoNiCrMn high entropy alloy coating deposited by plasma spraying
/home/sprice/coldspray_documents/documents/outputs/Article_2906/auto/Article_2906.md,An investigation on Nd:YAG laser cutting of Al 6061 T6 alloy sheet
/home/sprice/coldspray_documents/documents/outputs/Article_3507/auto/Article_3507.md,Substrate materials and novel designs for bipolar lead-acid batteries: A review
/home/sprice/coldspray_documents/documents/outputs/Article_5618/auto/Article_5618.md,Multi-layered thermal barrier coatings on BMI polyimide matrix composite
/home/sprice/coldspray_documents/documents/outputs/Article_938/auto/Article_938.md,Fracture mechanics methods for evaluating the adhesion of cold spray deposits
/home/sprice/coldspray_documents/documents/outputs/Article_1024/auto/Article_1024.md,A novel approach for manufacturing oxide dispersion strengthened (ODS) steel cladding tubes using cold spray technology
/home/sprice/coldspray_documents/documents/outputs/Article_3480/auto/Article_3480.md,The Effect of Nano-Scale Surface Roughness on Copper Cold Spray Inactivation of Influenza A Virus
/home/sprice/coldspray_documents/documents/outputs/Article_3240/auto/Article_3240.md,Effect of strengthening particles on the dry sliding wear behavior of $\mathsf { A l } _ { 2 } \mathsf { O } _ { 3 }  – \mathsf { M } _ { 7 } \mathsf C _ { 3 } |$ Fe metal matrix composite coatings produced by laser cladding
/home/sprice/coldspray_documents/documents/outputs/Article_6064/auto/Article_6064.md,Factors affecting direct lightning strike damage to fiber reinforced composites: A review☆
/home/sprice/coldspray_documents/documents/outputs/Article_3403/auto/Article_3403.md,On the formation of metallic glass coatings by means of Cold Gas Spray technology
/home/sprice/coldspray_documents/documents/outputs/Article_1216/auto/Article_1216.md,Influence of annealing on the microstructure and mechanical properties of Ti/steel clad plates fabricated via cold spray additive manufacturing and hot-rolling
/home/sprice/coldspray_documents/documents/outputs/Article_1192/auto/Article_1192.md,High velocity impact induced microstructure evolution during deposition of cold spray coatings: A review
/home/sprice/coldspray_documents/documents/outputs/Article_2789/auto/Article_2789.md,Performance of plasma-sprayed CuNiIn coatings and Mo coatings subjected to fretting fatigue
/home/sprice/coldspray_documents/documents/outputs/Article_5718/auto/Article_5718.md,Nanocomposite glass coatings containing hexagonal boron nitride nanoparticles
/home/sprice/coldspray_documents/documents/outputs/Article_2102/auto/Article_2102.md,Fabrication and characterization of Ni-Coated Graphite/Al–Zn coatings by cold spraying
/home/sprice/coldspray_documents/documents/outputs/Article_2960/auto/Article_2960.md,Grain refinement in a single titanium powder particle impacted at high velocity
/home/sprice/coldspray_documents/documents/outputs/Article_510/auto/Article_510.md,Development and applications of aluminum alloys for aerospace industry
/home/sprice/coldspray_documents/documents/outputs/Article_2749/auto/Article_2749.md,Effects of Shot Peening Pressure on Friction and Wear of High Pressure Cold Sprayed Ti-6Al-4V Coatings Under Dry and Lubrication Conditions
/home/sprice/coldspray_documents/documents/outputs/Article_3669/auto/Article_3669.md,Investigation and Characterization of Cr3C2-Based Wear-Resistant Coatings Applied by the Cold Spray Process
/home/sprice/coldspray_documents/documents/outputs/Article_1191/auto/Article_1191.md,Low pressure cold spraying under 6 bar pressure deposition: Exploration of high deposition efficiency solutions using a mathematical modelling
/home/sprice/coldspray_documents/documents/outputs/Article_2391/auto/Article_2391.md,Laser-based additive manufacturing of bulk metallic glasses: recent advances and future perspectives for biomedical applications
/home/sprice/coldspray_documents/documents/outputs/Article_1933/auto/Article_1933.md,High strength particulate aluminum matrix composite design: Synergistic strengthening strategy
/home/sprice/coldspray_documents/documents/outputs/Article_1727/auto/Article_1727.md,Revealing the fretting corrosion degradation mechanisms of friction stir processed cold spray additively manufactured stainless steel
/home/sprice/coldspray_documents/documents/outputs/Article_3324/auto/Article_3324.md,Argon atmospheric plasma sprayed hydroxyapatite/Ti composite coating for biomedical applications
/home/sprice/coldspray_documents/documents/outputs/Article_1136/auto/Article_1136.md,Characterization of heat treatment-induced pore structure changes in coldsprayed titanium
/home/sprice/coldspray_documents/documents/outputs/Article_1401/auto/Article_1401.md,"Influence of nano-sized WC addition on the microstructure, residual stress, and tribological properties of WC-Co HVAF-sprayed coatings"
/home/sprice/coldspray_documents/documents/outputs/Article_2594/auto/Article_2594.md,Microstructure and nanohardness of cold-sprayed coatings: Electron backscattered diffraction and nanoindentation studies
/home/sprice/coldspray_documents/documents/outputs/Article_2902/auto/Article_2902.md,Synergistic effect of carbide and amorphous phase on mechanical property and corrosion resistance of laser-clad Fe-based amorphous coatings
/home/sprice/coldspray_documents/documents/outputs/Article_5690/auto/Article_5690.md,Properties of HVOF-sprayed Stellite-6 coatings
/home/sprice/coldspray_documents/documents/outputs/Article_979/auto/Article_979.md,Microstructural and mechanical properties of high-performance Inconel 718 alloy by cold spraying
/home/sprice/coldspray_documents/documents/outputs/Article_3212/auto/Article_3212.md,Mechanical properties and electrochemical corrosion resistance of multilayer laser cladded Fe-based composite coatings on 4Cr5MoSiV1 steel
/home/sprice/coldspray_documents/documents/outputs/Article_2497/auto/Article_2497.md,Eliminating intermetallic compounds via Ni interlayer during friction stir welding of dissimilar Mg/Al alloys
/home/sprice/coldspray_documents/documents/outputs/Article_5679/auto/Article_5679.md,Microstructure evolution and elemental diffusion behavior near the interface of Cr₂AlC and single crystal superalloy DD5 at elevated temperatures
/home/sprice/coldspray_documents/documents/outputs/Article_984/auto/Article_984.md,Metallization of polymers by cold spraying with low melting point powders
/home/sprice/coldspray_documents/documents/outputs/Article_5418/auto/Article_5418.md,Design of metallization layers for PZT piezoelectric ceramics and joining to 4J29 Kovar alloy
/home/sprice/coldspray_documents/documents/outputs/Article_3307/auto/Article_3307.md,3D printing with particles as feedstock materials
/home/sprice/coldspray_documents/documents/outputs/Article_3498/auto/Article_3498.md,Surface engineering
/home/sprice/coldspray_documents/documents/outputs/Article_2094/auto/Article_2094.md,Influence of Low Energy Density Laser Re-Melting on the Properties of Cold Sprayed FeCoCrMoBCY Amorphous Alloy Coatings
/home/sprice/coldspray_documents/documents/outputs/Article_2269/auto/Article_2269.md,Laser-irradiation-induced dynamically recrystallized microstructure and properties of supersonic-particle-deposited Ni-Fe-Cr-Nb-Ti-Al high-entropy alloy coating
/home/sprice/coldspray_documents/documents/outputs/Article_1522/auto/Article_1522.md,Effect of powder feeding rate and size on critical velocity and mechanical properties of cold sprayed Al2O3/2024 deposit
/home/sprice/coldspray_documents/documents/outputs/Article_1354/auto/Article_1354.md,Cold spray deposition of a Ni-WC composite coating and its dry sliding wear behavior
/home/sprice/coldspray_documents/documents/outputs/Article_675/auto/Article_675.md,Design and analysis of additive manufactured bimodal structures obtained by cold spray deposition
/home/sprice/coldspray_documents/documents/outputs/Article_2596/auto/Article_2596.md,UTILIZATION OF COLD SPRAYING TECHNIQUE TO DEVELOP NI BASED COMPOSITES REINFORCED WITH NI3AL PARTICULATES
/home/sprice/coldspray_documents/documents/outputs/Article_1537/auto/Article_1537.md,Young’s moduli of cold and vacuum plasma sprayed metallic coatings
/home/sprice/coldspray_documents/documents/outputs/Article_1089/auto/Article_1089.md,"A comparison of cold spray, atmospheric plasma spray and high velocity oxy fuel processes for WC-Co coatings deposition through LCA and LCCA☆"
/home/sprice/coldspray_documents/documents/outputs/Article_982/auto/Article_982.md,Microstructure and cavitation erosion performance of nickel-Inconel 718 composite coatings produced with cold spray
/home/sprice/coldspray_documents/documents/outputs/Article_2845/auto/Article_2845.md,Solid state processed Al-1100 alloy/MWCNT surface nanocomposites
/home/sprice/coldspray_documents/documents/outputs/Article_2234/auto/Article_2234.md,Experimental research on micro mill-grinding AISI 1045 steel with a cold spraying compound micro cutting tool†
/home/sprice/coldspray_documents/documents/outputs/Article_2951/auto/Article_2951.md,Effect of ${ \mathrm { N a } } _ { 2 } { \mathrm { M o O } } _ { 4 }$ on bond strength of adhesive-bonded phosphate coated magnesium AZ31 sheets
/home/sprice/coldspray_documents/documents/outputs/Article_6114/auto/Article_6114.md,Formation of intragranular nanocavities in the $\mathrm{Cr}_2\mathrm{O}_3$ layer during the corrosion of $\mathrm{Cr}_3\mathrm{C}_2 + \mathrm{Cr}$ coated Zirlo™
/home/sprice/coldspray_documents/documents/outputs/Article_2074/auto/Article_2074.md,COLD-SPRAYED Al-COMPOSITE COATINGS ON S135 DRILL-PIPE STEEL
/home/sprice/coldspray_documents/documents/outputs/Article_1526/auto/Article_1526.md,A correlational study of process parameters on properties of low-pressure cold sprayed copper coatings
/home/sprice/coldspray_documents/documents/outputs/Article_5279/auto/Article_5279.md,Advanced ceramics for anticorrosion and antiwear ceramic coatings
/home/sprice/coldspray_documents/documents/outputs/Article_1315/auto/Article_1315.md,Current and Future Applications of Cold Spray Technology
/home/sprice/coldspray_documents/documents/outputs/Article_2442/auto/Article_2442.md,A comprehensive review on the processing-property relationships of laser strengthened magnesium
/home/sprice/coldspray_documents/documents/outputs/Article_1055/auto/Article_1055.md,Influence of spray angle in cold spray deposition of Ti-6Al-4V coatings on Al6061-T6 substrates
/home/sprice/coldspray_documents/documents/outputs/Article_1414/auto/Article_1414.md,"Cold gas dynamic spray additive manufacturing today: Deposit possibilities, technological solutions and viable applications"
/home/sprice/coldspray_documents/documents/outputs/Article_1163/auto/Article_1163.md,Relationship between particle size and deformation in the cold spray process
/home/sprice/coldspray_documents/documents/outputs/Article_2429/auto/Article_2429.md,"Development of High Strength, High Thermal Conductivity Cold Sprayed Coatings to Improve Thermal Management in Hybrid Motorcycles"
/home/sprice/coldspray_documents/documents/outputs/Article_3311/auto/Article_3311.md,Antiinflammatory activity of herbal bioactive-based formulations for topical administration
/home/sprice/coldspray_documents/documents/outputs/Article_1639/auto/Article_1639.md,A novel spiral trajectory for damage component recovery with cold spray
/home/sprice/coldspray_documents/documents/outputs/Article_2895/auto/Article_2895.md,Additive manufacturing in the new space economy: Current achievements and future perspectives
/home/sprice/coldspray_documents/documents/outputs/Article_5731/auto/Article_5731.md,A prospective randomised clinical trial of one bis-GMA-based and two ormocer-based composite restorative systems in class II cavities: Three-year results
/home/sprice/coldspray_documents/documents/outputs/Article_2588/auto/Article_2588.md,Post-heat Treatment Effects on Cold-Sprayed Aluminum Coatings on AZ91D Magnesium Substrates
/home/sprice/coldspray_documents/documents/outputs/Article_1325/auto/Article_1325.md,"Cold spraying of WC-Co-Ni coatings using porous WC-17Co powders: Formation mechanism, microstructure characterization and tribological performance"
/home/sprice/coldspray_documents/documents/outputs/Article_1644/auto/Article_1644.md,Nano crystalline high energy milled 5083 Al powder deposited using cold spray
/home/sprice/coldspray_documents/documents/outputs/Article_6088/auto/Article_6088.md,Equivalence analysis between quasi-coarse-grained and atomistic simulations
/home/sprice/coldspray_documents/documents/outputs/Article_2803/auto/Article_2803.md,Design of smart transforming metal ceramic multilayers
/home/sprice/coldspray_documents/documents/outputs/Article_787/auto/Article_787.md,"Recent advances in processing, and mechanical, thermal and electrical properties of Cu-SiC metal matrix composites prepared by powder metallurgy"
/home/sprice/coldspray_documents/documents/outputs/Article_661/auto/Article_661.md,Effect of nitinol on mechanical properties of AA6061 metal matrix composite: A review
/home/sprice/coldspray_documents/documents/outputs/Article_1719/auto/Article_1719.md,The Influence of Spraying Parameters and Powder Sizes on the Microstructure and Mechanical Behavior of Cold-Sprayed Inconel $\textcircled{\mathfrak{s}}_{625}$ Deposits
/home/sprice/coldspray_documents/documents/outputs/Article_2396/auto/Article_2396.md,Coating deposition by the kinetic spray process
/home/sprice/coldspray_documents/documents/outputs/Article_5543/auto/Article_5543.md,"Twin hot-wire arc welding additive manufacturing deposition of high tungsten Stellite-6 hard-facing coating: Processing, microstructure and wear properties"
/home/sprice/coldspray_documents/documents/outputs/Article_1018/auto/Article_1018.md,Particle temperature effect in cold spray: A study of soft particle deposition on hard substrate
/home/sprice/coldspray_documents/documents/outputs/Article_1013/auto/Article_1013.md,An inclusive numerical framework to assess the role of feedstock features on the quality of cold spray deposits
/home/sprice/coldspray_documents/documents/outputs/Article_1541/auto/Article_1541.md,Effect of Heterogeneous Ti Layers on Mechanical Properties of Cu/Ti Laminated Sheets Prepared by Accumulative Roll Bonding
/home/sprice/coldspray_documents/documents/outputs/Article_5109/auto/Article_5109.md,Development of a fatigue test machine for high frequency applications
/home/sprice/coldspray_documents/documents/outputs/Article_2484/auto/Article_2484.md,Economic Potential of Cold Spraying MCrA/Y Coatings: Use of Nitrogen and Feasibility of Powder Recycling
/home/sprice/coldspray_documents/documents/outputs/Article_3166/auto/Article_3166.md,High-temperature slide wear of Ni-Cr-Si metal silicide based composite coatings on copper substrate by laser-induction hybrid cladding
/home/sprice/coldspray_documents/documents/outputs/Article_2888/auto/Article_2888.md,Dynamic recrystallization in face-centered cubic particles during high-velocity impacts
/home/sprice/coldspray_documents/documents/outputs/Article_2280/auto/Article_2280.md,Effect of the powder particle structure and substrate hardness during vacuum cold spraying of Al₂O₃
/home/sprice/coldspray_documents/documents/outputs/Article_5743/auto/Article_5743.md,aNpapnloicaotimopnosites for anticorrosive 23
/home/sprice/coldspray_documents/documents/outputs/Article_5712/auto/Article_5712.md,Challenges in developing photocatalytic inks
/home/sprice/coldspray_documents/documents/outputs/Article_2212/auto/Article_2212.md,A comprehensive detail of friction stir processing—with a case of fabrication of nanocomposites
/home/sprice/coldspray_documents/documents/outputs/Article_3358/auto/Article_3358.md,Potential socioeconomic approaches for commercialized antimicrobial applications
/home/sprice/coldspray_documents/documents/outputs/Article_1152/auto/Article_1152.md,A study on the microstructure and tribological behavior of cold-sprayed metal matrix composites reinforced by particulate quasicrystal
/home/sprice/coldspray_documents/documents/outputs/Article_2540/auto/Article_2540.md,Tuning Ta coating properties through chemical and plasma etching pre-treatment of NiTi wire substrates
/home/sprice/coldspray_documents/documents/outputs/Article_745/auto/Article_745.md,Tuning nanostructure and mechanical property of FeeCoeNieCreMn high-entropy alloy thin films by substrate temperature
/home/sprice/coldspray_documents/documents/outputs/Article_1498/auto/Article_1498.md,"Efficient depositing aluminum alloy using thick strips through severe deformation-based friction rolling additive manufacturing: processing, microstructure, and mechanical properties"
/home/sprice/coldspray_documents/documents/outputs/Article_3018/auto/Article_3018.md,Microstructure and wear behavior of WC-reinforced AlCoCrFeNiSi high entropy alloy coatings prepared by high-velocity arc spraying
/home/sprice/coldspray_documents/documents/outputs/Article_2909/auto/Article_2909.md,SiC/YAG composite coatings by a novel liquid fuelled high velocity oxy-fuel suspension thermal spray
/home/sprice/coldspray_documents/documents/outputs/Article_831/auto/Article_831.md,Mechanical properties of TiO2 coatings deposited by low pressure cold spraying
/home/sprice/coldspray_documents/documents/outputs/Article_3602/auto/Article_3602.md,Modification of Microstructure and Properties of Cold-Sprayed AlSi10Mg+TiB2 Composite by Friction Stir Process
/home/sprice/coldspray_documents/documents/outputs/Article_5624/auto/Article_5624.md,Alternative low-power plasma-sprayed inconel 625 coatings for thermal solar receivers: Effects of high temperature exposure on adhesion and solar absorptivity
/home/sprice/coldspray_documents/documents/outputs/Article_2939/auto/Article_2939.md,Numerical and experimental analysis of sand blasting on polymeric substrates
/home/sprice/coldspray_documents/documents/outputs/Article_3101/auto/Article_3101.md,Optimized strategy for induction cladding of diamond/Ni-based wear-resistant coatings
/home/sprice/coldspray_documents/documents/outputs/Article_866/auto/Article_866.md,"Current status and recent advances in magnesium-matrix syntactic foams: Preparation, mechanical properties, and corrosion behavior"
/home/sprice/coldspray_documents/documents/outputs/Article_1424/auto/Article_1424.md,Effect of deposition strategy and post processing on microstructure and mechanical properties of serviced Inconel 625 parts repaired using laser directed energy deposition
/home/sprice/coldspray_documents/documents/outputs/Article_776/auto/Article_776.md,Effect of incremental equal channel angular pressing (I-ECAP) on the microstructural characteristics and mechanical behaviour of commercially pure titanium
/home/sprice/coldspray_documents/documents/outputs/Article_3111/auto/Article_3111.md,Improving grain structure and dispersoid distribution of nanodiamond reinforced AA6061 matrix composite coatings via high-speed additive friction stir deposition
/home/sprice/coldspray_documents/documents/outputs/Article_3075/auto/Article_3075.md,Cavitation-corrosion analysis of HVOF-sprayed WC-Co-Cr-graphene nanoplatelets coatings with LST pre-treatment
/home/sprice/coldspray_documents/documents/outputs/Article_5255/auto/Article_5255.md,Path planning strategies for hardness improvement employing surface remelting in AISI 1045 steel
/home/sprice/coldspray_documents/documents/outputs/Article_5204/auto/Article_5204.md,Theoretical & Applied Fracture Mechanics
/home/sprice/coldspray_documents/documents/outputs/Article_6032/auto/Article_6032.md,Effect of continuous and random multi-particle impaction on the aluminum coating and copper substrate in cold spraying
/home/sprice/coldspray_documents/documents/outputs/Article_2292/auto/Article_2292.md,Gas Atomised Iron-Based Metallic Glass Powder for Erosion and Corrosion Resistant Protective Coating
/home/sprice/coldspray_documents/documents/outputs/Article_5532/auto/Article_5532.md,Factors affecting explosive compactionesintering of tungstenecopper coating on a copper surface
/home/sprice/coldspray_documents/documents/outputs/Article_1/auto/Article_1.md,Bulk fracture anisotropy in Cold-Sprayed Al 6061 deposits
/home/sprice/coldspray_documents/documents/outputs/Article_2662/auto/Article_2662.md,Experimental evaluation of direct current magnetron sputtered and high-power impulse magnetron sputtered Cr coatings on SiC for light water reactor applications
/home/sprice/coldspray_documents/documents/outputs/Article_3134/auto/Article_3134.md,Tribological property and thermal shock resistance of NiCoCrAlY coated YSZ composite coatings prepared by different laser additive manufacturing scanning speeds
/home/sprice/coldspray_documents/documents/outputs/Article_3596/auto/Article_3596.md,Cold Spray Characteristics of Commercially Pure Ti and Ti-6Al-4V
/home/sprice/coldspray_documents/documents/outputs/Article_2449/auto/Article_2449.md,Protective textiles in defence and ballistic protective clothing
/home/sprice/coldspray_documents/documents/outputs/Article_6086/auto/Article_6086.md,Enhanced carburization efficiency and performance of vacuum carburized layers by $\mathrm { L a } _ { 2 } \mathrm { O } _ { 3 }$-doped supersonic fine particle bombardment
/home/sprice/coldspray_documents/documents/outputs/Article_5142/auto/Article_5142.md,Features of ceramic nanoparticle deformation in aerosol deposition explored by molecular dynamics simulation
/home/sprice/coldspray_documents/documents/outputs/Article_3154/auto/Article_3154.md,Metal additive manufacturing
/home/sprice/coldspray_documents/documents/outputs/Article_2006/auto/Article_2006.md,Effect of Spray Distance and Powder Feed Rate on Particle Velocity in Cold Spray Processes
/home/sprice/coldspray_documents/documents/outputs/Article_999/auto/Article_999.md,Ni coatings for corrosion protection of Mg alloys prepared by an in-situ micro-forging assisted cold spray: Effect of powder feedstock characteristics
/home/sprice/coldspray_documents/documents/outputs/Article_2801/auto/Article_2801.md,Atomistic simulations of oblique collisions between crystalline and amorphous SiC nanoparticles: Mechanisms of deformation and scaling coefficients of restitutions
/home/sprice/coldspray_documents/documents/outputs/Article_129/auto/Article_129.md,Localised surface modification of high-strength aluminium–alumina metal matrix composite coatings using cold spraying and friction stir processing
/home/sprice/coldspray_documents/documents/outputs/Article_5464/auto/Article_5464.md,Surface characteristics of Ni-Fe-Cr-Nb-Al-Ti coatings by supersonic particle deposition and laser remelting on AlSi12Cu alloy
/home/sprice/coldspray_documents/documents/outputs/Article_1441/auto/Article_1441.md,Influence of the particle morphology on the spray characteristics in low-pressure cold gas process
/home/sprice/coldspray_documents/documents/outputs/Article_1824/auto/Article_1824.md,Mechanical and Tribological Study on Aluminum Coatings with High-Pressure and Low-Pressure Cold-Spray Processes
/home/sprice/coldspray_documents/documents/outputs/Article_5664/auto/Article_5664.md,Structural and thermal study of nanostructured $\mathrm { C r } _ { 8 0 } \mathrm { C o } _ { 1 0 } \mathrm { S i } _ { 1 0 }$ mixture
/home/sprice/coldspray_documents/documents/outputs/Article_2593/auto/Article_2593.md,Evaluation of Parameters for Assessment of Inter-Splat Bond Strength in Cold-Sprayed Coatings
/home/sprice/coldspray_documents/documents/outputs/Article_2785/auto/Article_2785.md,Flame-retardant polyurea 19 composites
/home/sprice/coldspray_documents/documents/outputs/Article_2432/auto/Article_2432.md,"High layer thickness laser directed energy deposition of Ti6Al4V alloy: Microstructure, fatigue behavior and fractography"
/home/sprice/coldspray_documents/documents/outputs/Article_3386/auto/Article_3386.md,Microstructure and properties of CoCrFeNiMo0.2 high-entropy alloy enhanced by high-current pulsed electron beam
/home/sprice/coldspray_documents/documents/outputs/Article_1821/auto/Article_1821.md,Tribological Behavior of Ti-Coated Diamond/Copper Composite Coating Fabricated via Supersonic Laser Deposition
/home/sprice/coldspray_documents/documents/outputs/Article_3255/auto/Article_3255.md,Composition optimization of Al-Ni-Ti alloys based on glass-forming ability and preparation of amorphous coating with good wear resistance by plasma spray
/home/sprice/coldspray_documents/documents/outputs/Article_2734/auto/Article_2734.md,Cold Spray Al-5% Mg Coatings for the Corrosion Protection of Magnesium Alloys
/home/sprice/coldspray_documents/documents/outputs/Article_869/auto/Article_869.md,"Journey of smart material from composite to shape memory alloy (SMA), characterization and their applications-A review"
/home/sprice/coldspray_documents/documents/outputs/Article_1604/auto/Article_1604.md,Development of thick copper claddings on SS316L steel for In-vessel components of fusion reactors and copper-cast iron canisters
/home/sprice/coldspray_documents/documents/outputs/Article_773/auto/Article_773.md,Microstructure evolution and mechanical behavior of additively manufactured CoCrFeNi high-entropy alloy fabricated via cold spraying and post-annealing
/home/sprice/coldspray_documents/documents/outputs/Article_63/auto/Article_63.md,Cold Spray Deposition of Decorated Aluminum 6061 with $Al_{2}O_{3}$ Nanoparticles
/home/sprice/coldspray_documents/documents/outputs/Article_1017/auto/Article_1017.md,Cold spray coating of PEEK surface by copper deposition: Interfacial adhesion at high deposition efficiency and bonding strength
/home/sprice/coldspray_documents/documents/outputs/Article_3205/auto/Article_3205.md,Thermal spray forming of titanium and its alloys
/home/sprice/coldspray_documents/documents/outputs/Article_1663/auto/Article_1663.md,Semi-integral LOCA testing of Cr-coated Optimized ZIRLOTM claddings
/home/sprice/coldspray_documents/documents/outputs/Article_2798/auto/Article_2798.md,"Surface characteristic and corrosion resistance of different plasma-sprayed coatings (Zn, Al6061and Zn/23Al) on S960 high strength steel with subsequent micro-shot peening"
/home/sprice/coldspray_documents/documents/outputs/Article_3424/auto/Article_3424.md,Analytical and experimental investigations on the mechanisms of surface generation in micro grinding
/home/sprice/coldspray_documents/documents/outputs/Article_45/auto/Article_45.md,Initial Observation of Grain Orientation Dependent Nanoindentation Hardness of Al 6061 Gas-atomized Powder
/home/sprice/coldspray_documents/documents/outputs/Article_5351/auto/Article_5351.md,Elucidating the complex role of surface oxides formed during sliding of self-mated warm sprayed WC-CoCr in different environments
/home/sprice/coldspray_documents/documents/outputs/Article_631/auto/Article_631.md,Microstructures and mechanical properties of 2024Al/Gr/SiC hybrid composites fabricated by vacuum hot pressing
/home/sprice/coldspray_documents/documents/outputs/Article_5581/auto/Article_5581.md,Machine learning-based image processing in materials science and engineering: A review
/home/sprice/coldspray_documents/documents/outputs/Article_5406/auto/Article_5406.md,Multiscale mechanical performance and corrosion behaviour of plasma sprayed AlCoCrFeNi high-entropy alloy coatings
/home/sprice/coldspray_documents/documents/outputs/Article_5356/auto/Article_5356.md,Multifunctional bioactive nanostructured films
/home/sprice/coldspray_documents/documents/outputs/Article_2595/auto/Article_2595.md,The Influence of Powder Particle Velocity and Microstructure on the Properties of Cold Sprayed Copper Coatings
/home/sprice/coldspray_documents/documents/outputs/Article_2056/auto/Article_2056.md,Comparison of Performance and Microstructure of Two Kinds of Cold Spray Anticorrosion Composite Coatings on High-strength Steel
/home/sprice/coldspray_documents/documents/outputs/Article_2041/auto/Article_2041.md,Microstructure and Wear Behavior of Cold-Sprayed Cu-BNNSs Composite Coating
/home/sprice/coldspray_documents/documents/outputs/Article_588/auto/Article_588.md,Characterization & tribological behaviour of aluminium metal matrix composites – A review
/home/sprice/coldspray_documents/documents/outputs/Article_716/auto/Article_716.md,Mechanical reliability modification of metal matrix composite coatings by adding al particles via cold spray technology
/home/sprice/coldspray_documents/documents/outputs/Article_1661/auto/Article_1661.md,Cold spray as a powder metallurgy process for production of nickel aluminium bronze
/home/sprice/coldspray_documents/documents/outputs/Article_2526/auto/Article_2526.md,Dissimilar welding of aluminium to steel: A review
/home/sprice/coldspray_documents/documents/outputs/Article_1568/auto/Article_1568.md,A novel bioactive Ta/hydroxyapatite composite coating fabricated by cold spraying
/home/sprice/coldspray_documents/documents/outputs/Article_3583/auto/Article_3583.md,Main Equipment
/home/sprice/coldspray_documents/documents/outputs/Article_569/auto/Article_569.md,"Study of Fabrication, Testing and Characterization of Al/TiC Metal Matrix Composites through different Processing Techniques"
/home/sprice/coldspray_documents/documents/outputs/Article_1093/auto/Article_1093.md,Passivation of cold-sprayed zinc-coated steel bars in simulated concrete pore solution
/home/sprice/coldspray_documents/documents/outputs/Article_1078/auto/Article_1078.md,Optimization of cold spray additive manufactured AA2024/Al₂O₃ metal matrix composite with heat treatment
/home/sprice/coldspray_documents/documents/outputs/Article_3658/auto/Article_3658.md,A nozzle design for mitigating particle slowing in the bow shock region during micro-cold spray of 8 YSZ films☆
/home/sprice/coldspray_documents/documents/outputs/Article_987/auto/Article_987.md,Interfacial deformation and failure mechanisms at the single-splat length scale revealed in-situ by indentation of cold sprayed aluminum microparticles
/home/sprice/coldspray_documents/documents/outputs/Article_1221/auto/Article_1221.md,Process parameters and control
/home/sprice/coldspray_documents/documents/outputs/Article_2005/auto/Article_2005.md,A modified Johnson-Cook model to determine plastic flow behavior of Fe-30Mn-9Al-0.8 C low-density steel during warm multiaxial forging
/home/sprice/coldspray_documents/documents/outputs/Article_3610/auto/Article_3610.md,Optimizing Cold Spraying Parameters of Metallic Coatings Deposited onto Polymer Substrate
/home/sprice/coldspray_documents/documents/outputs/Article_5803/auto/Article_5803.md,On the key role of Cu on the oxidation behavior of Cu–Ni–Fe based anodes for Al electrolysis
/home/sprice/coldspray_documents/documents/outputs/Article_2548/auto/Article_2548.md,Surface smoothing for laser powder-bed Ti-6Al-4V by a transient liquid phase
/home/sprice/coldspray_documents/documents/outputs/Article_5499/auto/Article_5499.md,On processing technologies of ceramic coatings for hydrogen-isotope permeation barriers
/home/sprice/coldspray_documents/documents/outputs/Article_5391/auto/Article_5391.md,Microstructure and reaction mechanism of Ti-Al-C based MAX phase coatings synthesized by plasma spraying and post annealing
/home/sprice/coldspray_documents/documents/outputs/Article_5478/auto/Article_5478.md,Investigation of solid-state diffusion bonding of Al–Cu interfaces of metal joints using molecular dynamics simulations
/home/sprice/coldspray_documents/documents/outputs/Article_2326/auto/Article_2326.md,Effect of post-processing treatments on mechanical performance of cold spray coating – an overview
/home/sprice/coldspray_documents/documents/outputs/Article_5732/auto/Article_5732.md,Intrathecal Injection: Unusual Complication of Trigger-Point Injection Therapy
/home/sprice/coldspray_documents/documents/outputs/Article_2422/auto/Article_2422.md,Wetting and erosive behavior of VC-TiC + CuNi-Cr based coatings developed by HVOF: Role of laser texturing
/home/sprice/coldspray_documents/documents/outputs/Article_1504/auto/Article_1504.md,"Microstructure, Mechanical, and Corrosion Properties of 304 Stainless Steel-H13 Tool Steel Composite Cold Spray Coatings"
/home/sprice/coldspray_documents/documents/outputs/Article_5232/auto/Article_5232.md,Cavitation erosion resistance in NaCl medium of HVOF sprayed WC-based cermet coatings at various flow velocities: A comparative study on the effect of Ni and CoCr binder phases
/home/sprice/coldspray_documents/documents/outputs/Article_5744/auto/Article_5744.md,"A new preparation method for protein loaded poly(D,L-lactic-coglycolic acid) microspheres and protein release mechanism study"
/home/sprice/coldspray_documents/documents/outputs/Article_1183/auto/Article_1183.md,Correlation of splat state with deposition characteristics of cold sprayed niobium coatings
/home/sprice/coldspray_documents/documents/outputs/Article_1069/auto/Article_1069.md,Role of tamping effect in wear behavior of Cu-TiC composite coatings deposited by cold spray
/home/sprice/coldspray_documents/documents/outputs/Article_3509/auto/Article_3509.md,Multi-variable optimisation of the quality characteristics of fiber-laser cladded Inconel-625 composite coatings
/home/sprice/coldspray_documents/documents/outputs/Article_3588/auto/Article_3588.md,Application of laser ablation in adhesive bonding of metallic materials: A review
/home/sprice/coldspray_documents/documents/outputs/Article_2695/auto/Article_2695.md,Electro-deposited nanocomposite coatings and their behaviours against aqueous and high-temperature corrosion: A review
/home/sprice/coldspray_documents/documents/outputs/Article_5762/auto/Article_5762.md,Methods for behavioral testing of spinal cord injured rats
/home/sprice/coldspray_documents/documents/outputs/Article_1243/auto/Article_1243.md,Advanced intermetallic iron aluminide coatings for high temperature applications
/home/sprice/coldspray_documents/documents/outputs/Article_5164/auto/Article_5164.md,Particle size effects in metallic microparticle impact-bonding
/home/sprice/coldspray_documents/documents/outputs/Article_511/auto/Article_511.md,Characterisation of Al-6061-T6 metal matrix composites reinforced with rice husk ash and Bakelite powder
/home/sprice/coldspray_documents/documents/outputs/Article_743/auto/Article_743.md,Development of Cr cold sprayecoated fuel cladding with enhanced accident tolerance
/home/sprice/coldspray_documents/documents/outputs/Article_920/auto/Article_920.md,"Advances in graphene reinforced metal matrix nanocomposites: Mechanisms, processing, modelling, properties and applications"
/home/sprice/coldspray_documents/documents/outputs/Article_5085/auto/Article_5085.md,Fabrication of cold sprayed Al-intermetallic compounds coatings by post annealing
/home/sprice/coldspray_documents/documents/outputs/Article_2057/auto/Article_2057.md,Influence of Laser Treatment on the Corrosion Resistance of $\mathbf { C r } _ { 3 } \mathbf { C } _ { 2 }$ -25(Ni20Cr) Cermet Coating
/home/sprice/coldspray_documents/documents/outputs/Article_966/auto/Article_966.md,Comparison between friction stir processing and laser remelting processes of cold sprayed metallic composite coatings
/home/sprice/coldspray_documents/documents/outputs/Article_5363/auto/Article_5363.md,Tribological properties of wear-resistant coatings obtained by cold gas dynamic spray
/home/sprice/coldspray_documents/documents/outputs/Article_2760/auto/Article_2760.md,Improvement in mechanical properties of nano-structured HA/TiO2 multilayer coatings deposited by high velocity suspension flame spraying (HVSFS)
/home/sprice/coldspray_documents/documents/outputs/Article_3116/auto/Article_3116.md,Regulatory Research Perspective on Additive Manufacturing for Nuclear Component Applications
/home/sprice/coldspray_documents/documents/outputs/Article_780/auto/Article_780.md,Dry abrasive wear and solid particle erosion assessments of high entropy alloy coatings fabricated by cold spraying
/home/sprice/coldspray_documents/documents/outputs/Article_1396/auto/Article_1396.md,Development of WC-based metal matrix composite coatings using low-pressure cold gas dynamic spraying
/home/sprice/coldspray_documents/documents/outputs/Article_5115/auto/Article_5115.md,Microstructure evolution and mechanical properties of in-situ bimodal TiCFe coatings prepared by reactive plasma spraying
/home/sprice/coldspray_documents/documents/outputs/Article_3019/auto/Article_3019.md,Fabrication and characterization of micro-laminated TiCeTi5Si3eTi3SiC2 composite coatings by atmosphere plasma spraying
/home/sprice/coldspray_documents/documents/outputs/Article_5656/auto/Article_5656.md,Development mechanism and performance of Al₂O₃-PF composite coating on epoxy resin matrix composite surface by supersonic plasma spraying
/home/sprice/coldspray_documents/documents/outputs/Article_852/auto/Article_852.md,Influences of Ti3AlC2 content on tribological behavior of cold-sprayed Ni-Ti3AlC2 composite coatings
/home/sprice/coldspray_documents/documents/outputs/Article_2712/auto/Article_2712.md,Precipitation phenomena in a powder-processed quasicrystal-reinforced Al-Cr-Mn-Co-Zr alloy
/home/sprice/coldspray_documents/documents/outputs/Article_2733/auto/Article_2733.md,Microstructure and Corrosion Behavior of Cold-Sprayed Zn-Al Composite Coating
/home/sprice/coldspray_documents/documents/outputs/Article_1742/auto/Article_1742.md,Microstructure and Corrosion Resistance of Cu/Ni Composite Coating Fabricated by Cold Spray
/home/sprice/coldspray_documents/documents/outputs/Article_3371/auto/Article_3371.md,Additive manufacturing of functionally graded Ti-Al structures by laser-based direct energy deposition
/home/sprice/coldspray_documents/documents/outputs/Article_5672/auto/Article_5672.md,Fabrication of a biodegradable and cytocompatible magnesium/ nanohydroxyapatite/fluorapatite composite by upward friction stir processing for biomedical applications
/home/sprice/coldspray_documents/documents/outputs/Article_1412/auto/Article_1412.md,Wire Arc Additive Manufacturing (WAAM) process of nickel based superalloys – A review
/home/sprice/coldspray_documents/documents/outputs/Article_3642/auto/Article_3642.md,"Cold-sprayed coatings: Microstructure, mechanical properties, and wear behaviour"
/home/sprice/coldspray_documents/documents/outputs/Article_3660/auto/Article_3660.md,Improvement of the deposition efficiency and adhesion strength of cold sprayed fluoropolymer coating by laser surface texturing of the substrate
/home/sprice/coldspray_documents/documents/outputs/Article_581/auto/Article_581.md,A novel (AlN + Si₃N₄)/Al composite with well-balanced strength and ductility
/home/sprice/coldspray_documents/documents/outputs/Article_3129/auto/Article_3129.md,Gas tungsten arc welding alloying of AISI 409 M steel with WC-10Co-4Cr powder to enhance the 3-body wear resistance
/home/sprice/coldspray_documents/documents/outputs/Article_5616/auto/Article_5616.md,Woodhead Publishing Series in Metals and Surface Engineering
/home/sprice/coldspray_documents/documents/outputs/Article_573/auto/Article_573.md,"Anisotropy of microstructure, mechanical properties and thermal expansion in Invar 36 alloy fabricated via laser powder bed fusion"
/home/sprice/coldspray_documents/documents/outputs/Article_1367/auto/Article_1367.md,Optimization of Inconel 718 thick deposits by cold spray processing and annealing
/home/sprice/coldspray_documents/documents/outputs/Article_5819/auto/Article_5819.md,Development of new criteria for evaluating the effectiveness of Zn-rich primers in protecting Al-Mg alloys
/home/sprice/coldspray_documents/documents/outputs/Article_5360/auto/Article_5360.md,A lightweight electromagnetic actuator for high voltage DC power grids
/home/sprice/coldspray_documents/documents/outputs/Article_3030/auto/Article_3030.md,Cold gas dynamic spraying of a high temperature Al alloy
/home/sprice/coldspray_documents/documents/outputs/Article_1769/auto/Article_1769.md,Electromagnetic interference shielding by cold spray particle deposition
/home/sprice/coldspray_documents/documents/outputs/Article_751/auto/Article_751.md,Characterizing the elastic and plastic properties of the multilayered Al/Brass composite produced by ARB using DIC
/home/sprice/coldspray_documents/documents/outputs/Article_1772/auto/Article_1772.md,"Mechanical, thermal and electrical properties of cold sprayed coatings"
/home/sprice/coldspray_documents/documents/outputs/Article_2708/auto/Article_2708.md,Microwave synthesized composite claddings with enhanced cavitation erosion resistance
/home/sprice/coldspray_documents/documents/outputs/Article_514/auto/Article_514.md,"Revolutionizing manufacturing: A comprehensive overview of additive manufacturing processes, materials, developments, and challenges"
/home/sprice/coldspray_documents/documents/outputs/Article_5413/auto/Article_5413.md,Development of a new TBC system for more efficient gas turbine engine application
/home/sprice/coldspray_documents/documents/outputs/Article_3437/auto/Article_3437.md,Understanding Electrochemical Behavior and Localized Corrosion Susceptibility in Cold Sprayed Al-Mg Binary Deposits with Varying Mg Contents
/home/sprice/coldspray_documents/documents/outputs/Article_2816/auto/Article_2816.md,From rheological to original three-dimensional mechanical modelling of semi-crystalline polymers: Application to a wide strain rate range and large deformation of Ultra-High Molecular Weight PolyEthylene
/home/sprice/coldspray_documents/documents/outputs/Article_1678/auto/Article_1678.md,Cold Gas Dynamic Additive Spraying of Al-Matrix Composites Coatings Reinforced by High-Entropy Oxides
/home/sprice/coldspray_documents/documents/outputs/Article_5547/auto/Article_5547.md,The addition of $\mathrm { S i O } _ { 2 }$ -GO hybrid material enhanced the tribological properties of fluorocarbon resin in marine corrosive environments
/home/sprice/coldspray_documents/documents/outputs/Article_3552/auto/Article_3552.md,Adhesion improvement and in vitro characterisation of 45S5 bioactive glass coatings obtained by atmospheric plasma spraying
/home/sprice/coldspray_documents/documents/outputs/Article_875/auto/Article_875.md,Graphene nanoplatelets in titanium coatings deposited by cold spray: Mechanical properties
/home/sprice/coldspray_documents/documents/outputs/Article_647/auto/Article_647.md,Microstructure and mechanical properties of $\mathrm { C o } _ { 3 1 . 5 } \mathrm { C r } _ { 7 } \mathrm { F e } _ { 3 0 } \mathrm { N i } _ { 3 1 . 5 }$ high-entropy alloy powder produced by plasma rotating electrode process and its applications in additive manufacturing
/home/sprice/coldspray_documents/documents/outputs/Article_2929/auto/Article_2929.md,"Adhesion, structure, and mechanical properties of Cr HiPIMS and cathodic arc deposited coatings on SiC"
/home/sprice/coldspray_documents/documents/outputs/Article_3284/auto/Article_3284.md,Understanding heat transfer and flow characteristics of additively manufactured pin fin arrays through laser-induced fluorescence and particle image velocimetry
/home/sprice/coldspray_documents/documents/outputs/Article_3599/auto/Article_3599.md,Micromechanical damage analysis of Al- ${ \mathrm { A l } } _ { 2 } { \mathrm { O } } _ { 3 }$ composites via cold-spray additive manufacturing
/home/sprice/coldspray_documents/documents/outputs/Article_2827/auto/Article_2827.md,The effect of chromium-based coatings on corrosion behavior of alloy Zr1Nb in 70ppm $\mathrm { L i ^ { + } }$ water environment
/home/sprice/coldspray_documents/documents/outputs/Article_5778/auto/Article_5778.md,Immediate Effects of Various Physical Therapeutic Modalities on Cervical Myofascial Pain and Trigger-Point Sensitivity
/home/sprice/coldspray_documents/documents/outputs/Article_1876/auto/Article_1876.md,Effect of Process Parameters on Properties of Cold-Sprayed Zn–Al Composite Coatings
/home/sprice/coldspray_documents/documents/outputs/Article_5666/auto/Article_5666.md,Effect of c-BN on the microstructure and high temperature wear resistance of laser cladded Ni-based composite coating
/home/sprice/coldspray_documents/documents/outputs/Article_1845/auto/Article_1845.md,The Effect of the Substrate on the Microstructure and Tribological Properties of Cold Sprayed (Cr₃C₂–25(Ni20Cr))–(Ni-graphite) Cermet Coatings
/home/sprice/coldspray_documents/documents/outputs/Article_5710/auto/Article_5710.md,Advances in single ice crystal shaping materials: From nature to synthesis and applications in cryopreservation
/home/sprice/coldspray_documents/documents/outputs/Article_6015/auto/Article_6015.md,Effect of thermo-mechanical treatment on the static and cyclic performance of cold sprayed 6061 aluminum alloy
/home/sprice/coldspray_documents/documents/outputs/Article_1496/auto/Article_1496.md,Microstructure and tensile properties of 6061 aluminum alloy prepared by friction rolling additive manufacturing
/home/sprice/coldspray_documents/documents/outputs/Article_1893/auto/Article_1893.md,The Trajectory of Additively Manufactured Titanium Alloys with Superior Mechanical Properties and Engineered Microstructures
/home/sprice/coldspray_documents/documents/outputs/Article_1238/auto/Article_1238.md,Enhanced wear resistance of AlCoCrFeMo high entropy coatings (HECs) through various thermal spray techniques
/home/sprice/coldspray_documents/documents/outputs/Article_2454/auto/Article_2454.md,Research on secondary friction coating aluminizing and induction heat diffusion process
/home/sprice/coldspray_documents/documents/outputs/Article_1850/auto/Article_1850.md,Effect of Heat Treatment on the Mechanical and Tribological Properties of Dual-Reinforced Cold-Sprayed Al Coatings
/home/sprice/coldspray_documents/documents/outputs/Article_1517/auto/Article_1517.md,Microstructure stability and tensile properties of Cu-3Ag-1Zr alloy fabricated by rapid solidification and cold rolling
/home/sprice/coldspray_documents/documents/outputs/Article_3347/auto/Article_3347.md,Mechanical properties of aluminum-based nanocomposite reinforced with fullerenes
/home/sprice/coldspray_documents/documents/outputs/Article_2707/auto/Article_2707.md,A review on post processing techniques of additively manufactured metal parts for improving the material properties
/home/sprice/coldspray_documents/documents/outputs/Article_3040/auto/Article_3040.md,Cold Gas Dynamic Spraying of Aluminum: The Role of Substrate Characteristics in Deposit Formation
/home/sprice/coldspray_documents/documents/outputs/Article_553/auto/Article_553.md,"Influences of reinforcement and displacement rate on microstructure, mechanical properties and fracture behaviors of cylinder-head aluminum alloy"
/home/sprice/coldspray_documents/documents/outputs/Article_3238/auto/Article_3238.md,Smart coatings on magnesium alloys in transportation industries
/home/sprice/coldspray_documents/documents/outputs/Article_970/auto/Article_970.md,Assessing critical process condition for bonding in cold spraying
/home/sprice/coldspray_documents/documents/outputs/Article_5399/auto/Article_5399.md,The role of the exhaustion test in lacertus syndrome
/home/sprice/coldspray_documents/documents/outputs/Article_37/auto/Article_37.md,Mechanical Properties of Cold Sprayed Aluminium 2024 and 7075 Coatings for Repairs
/home/sprice/coldspray_documents/documents/outputs/Article_5146/auto/Article_5146.md,Internal diameter HVOAF thermal spray of carbon nanotubes reinforced WC-Co composite coatings
/home/sprice/coldspray_documents/documents/outputs/Article_1521/auto/Article_1521.md,Mechanical properties of supersonic-impacted Al6061 powder particles
/home/sprice/coldspray_documents/documents/outputs/Article_2890/auto/Article_2890.md,Development of alumina-based hybrid composite coatings for high temperature erosive and corrosive environments
/home/sprice/coldspray_documents/documents/outputs/Article_1245/auto/Article_1245.md,Fatigue strength of Al alloy cold sprayed with nanocrystalline powders
/home/sprice/coldspray_documents/documents/outputs/Article_1781/auto/Article_1781.md,Cold spray deposition of thermoplastic powder
/home/sprice/coldspray_documents/documents/outputs/Article_1368/auto/Article_1368.md,In-situ formation of Ni-Al intermetallics-coated graphite/Al composite in a cold-sprayed coating and its high temperature tribological behaviors
/home/sprice/coldspray_documents/documents/outputs/Article_509/auto/Article_509.md,Evaluation of tensile property and strengthening mechanism of molybdenum alloy bars doped with different ultrafine oxides
/home/sprice/coldspray_documents/documents/outputs/Article_5694/auto/Article_5694.md,"Fine-grained rim formation – High speed, kinetic dust aggregation in the early Solar System"
/home/sprice/coldspray_documents/documents/outputs/Article_6111/auto/Article_6111.md,"Effect of surface nanocrystallization on microstructure, mechanical property and corrosion resistance of Mg and its alloys: A perspective review 1X"
/home/sprice/coldspray_documents/documents/outputs/Article_5064/auto/Article_5064.md,Asymmetrical bonding in cold spraying of dissimilar materials
/home/sprice/coldspray_documents/documents/outputs/Article_5420/auto/Article_5420.md,Evolution of microstructure and properties of AlCoCrFeNi high-entropy alloy coatings fabricated at different laser power levels
/home/sprice/coldspray_documents/documents/outputs/Article_3296/auto/Article_3296.md,Wear mechanisms of diamond tools and their material basis in machining iron-based materials
/home/sprice/coldspray_documents/documents/outputs/Article_3044/auto/Article_3044.md,Characterizations of Cold-sprayed TiN Particle-reinforced Al Alloy-based Composites – from Structures to Tribological Behaviour
/home/sprice/coldspray_documents/documents/outputs/Article_2701/auto/Article_2701.md,Recent Advances in Dissimilar Friction Stir Welding of Aluminum to Magnesium Alloys
/home/sprice/coldspray_documents/documents/outputs/Article_3201/auto/Article_3201.md,Structural rejuvenation of thermal spray coating through stationary friction processing
/home/sprice/coldspray_documents/documents/outputs/Article_253/auto/Article_253.md,Evaluation of the Fatigue Behavior and Failure Mechanisms of 4340 Steel Coated with WIP-C1 (Ni/CrC) by Cold Spray
/home/sprice/coldspray_documents/documents/outputs/Article_768/auto/Article_768.md,Comprehensive review on high entropy alloy-based coating
/home/sprice/coldspray_documents/documents/outputs/Article_625/auto/Article_625.md,"Comparative micromechanical analysis of alloy 625 coatings deposited by air plasma spraying, wire arc spraying, and cold spraying technologies"
/home/sprice/coldspray_documents/documents/outputs/Article_658/auto/Article_658.md,Enhancing cavitation erosion resistance of Ti6Al4V titanium alloy by dual-pulse laser shock peening
/home/sprice/coldspray_documents/documents/outputs/Article_3325/auto/Article_3325.md,Material-structure-performance integrated laser-metal additive manufacturing
/home/sprice/coldspray_documents/documents/outputs/Article_1385/auto/Article_1385.md,Emerging processes for metallurgical coatings and thin films
/home/sprice/coldspray_documents/documents/outputs/Article_2817/auto/Article_2817.md,Aerosol deposition technology and its applications in batteries
/home/sprice/coldspray_documents/documents/outputs/Article_3656/auto/Article_3656.md,Role of heat balance on the microstructure evolution of cold spray coated AZ31B with AA7075
/home/sprice/coldspray_documents/documents/outputs/Article_1426/auto/Article_1426.md,The use of kinetic metallization to form intermetallic reinforced composite coatings by post-spray heat treatment
/home/sprice/coldspray_documents/documents/outputs/Article_2314/auto/Article_2314.md,Microstructure and Room Temperature Compressive Deformation Behavior of Cold-Sprayed High-Strength Cu Bulk Material
/home/sprice/coldspray_documents/documents/outputs/Article_994/auto/Article_994.md,Robust corrosion performance of cold sprayed aluminide coating in ternary molten carbonate salt for concentrated solar power plants
/home/sprice/coldspray_documents/documents/outputs/Article_5190/auto/Article_5190.md,Effect of $\mathrm { C r } _ { 2 } \mathrm { O } _ { 3 }$ on the microstructure and wear resistance of coatings prepared from $\mathrm { { C r } _ { 2 } \mathrm { { O } _ { 3 } } }$ -SiC-Al composite powders
/home/sprice/coldspray_documents/documents/outputs/Article_5083/auto/Article_5083.md,Influence of accelerating gas flow rate on the particle cohesion in room temperature cold sprayed scattering layer for plastic-based dye-sensitized solar cells
/home/sprice/coldspray_documents/documents/outputs/Article_1642/auto/Article_1642.md,Microstructure and fatigue behavior of cold spray coated Al5052
/home/sprice/coldspray_documents/documents/outputs/Article_2580/auto/Article_2580.md,Structural Analysis of Cold-Sprayed Nickel-Based Metallic and Metallic-Ceramic Coatings
/home/sprice/coldspray_documents/documents/outputs/Article_541/auto/Article_541.md,Deposition behavior of the gas-atomized 7075Al and TiB2/7075Al composite powders during cold spraying
/home/sprice/coldspray_documents/documents/outputs/Article_1963/auto/Article_1963.md,Preparation of Al-based amorphous coatings and their properties
/home/sprice/coldspray_documents/documents/outputs/Article_3234/auto/Article_3234.md,Optimization of the shotcrete spraying process in blast-based tunnel construction: Insights for enhancing spraying quality
/home/sprice/coldspray_documents/documents/outputs/Article_2657/auto/Article_2657.md,Effects of solid solution temperature on the microstructure and properties of 6013 aluminum alloy
/home/sprice/coldspray_documents/documents/outputs/Article_2553/auto/Article_2553.md,Hybrid metal additive/subtractive machine tools and applications
/home/sprice/coldspray_documents/documents/outputs/Article_2378/auto/Article_2378.md,Nanostructural Characteristics of Vacuum Cold-Sprayed Hydroxyapatite/GrapheneNanosheet Coatings for Biomedical Applications
/home/sprice/coldspray_documents/documents/outputs/Article_5714/auto/Article_5714.md,"How to treat powders for the room temperature aerosol deposition method to avoid porous, low strength ceramic films"
/home/sprice/coldspray_documents/documents/outputs/Article_2693/auto/Article_2693.md,A novel application of alumina fiber mats as TBC protection for CFRP/epoxy laminates –Laboratory tests and numerical modeling
/home/sprice/coldspray_documents/documents/outputs/Article_1054/auto/Article_1054.md,"Fatigue performance of cold spray deposits: Coating, repair and additive manufacturing cases"
/home/sprice/coldspray_documents/documents/outputs/Article_6066/auto/Article_6066.md,Experimental and theoretical investigations of heat flux in thermal spray processes for metallizing heat-sensitive substrates
/home/sprice/coldspray_documents/documents/outputs/Article_5038/auto/Article_5038.md,Fabrication of micro-/nano-structured super-hydrophobic fluorinated polymer coatings by cold-spray
/home/sprice/coldspray_documents/documents/outputs/Article_3287/auto/Article_3287.md,Abrasive processes for micro parts and structures
/home/sprice/coldspray_documents/documents/outputs/Article_5451/auto/Article_5451.md,"Electrodeposition of smallesized $\mathrm { N i M } _ { 2 } \mathrm { O } _ { 4 }$ spinels (M: Co, Mn) as bifunctional nanomaterials for rechargeable zinc–air batteries"
/home/sprice/coldspray_documents/documents/outputs/Article_819/auto/Article_819.md,Basalt fibers: An environmentally acceptable and sustainable green material for polymer composites
/home/sprice/coldspray_documents/documents/outputs/Article_916/auto/Article_916.md,Effect of nickel content on activated sintering of sub-micron tungsten powders
/home/sprice/coldspray_documents/documents/outputs/Article_870/auto/Article_870.md,"Effect of nitriding treatment on microstructure, mechanical property and wear mechanisms of AlₓCoCrFeNi high entropy alloy coatings prepared by cold spraying"
/home/sprice/coldspray_documents/documents/outputs/Article_828/auto/Article_828.md,"Unravelling polysilazanes: Synthesis, structure-property insights and versatile coating applications"
/home/sprice/coldspray_documents/documents/outputs/Article_3106/auto/Article_3106.md,Future perspectives
/home/sprice/coldspray_documents/documents/outputs/Article_2539/auto/Article_2539.md,Oxidation- and CorrosionResistant Coatings
/home/sprice/coldspray_documents/documents/outputs/Article_2900/auto/Article_2900.md,Thermal energy evolution and mechanical deformation of monocrystalline yttria-stabilized zirconia nanoparticles in aerosol deposition processes
/home/sprice/coldspray_documents/documents/outputs/Article_1868/auto/Article_1868.md,Microstructure and Corrosive Wear Properties of CoCrFeNiMn High-Entropy Alloy Coatings
/home/sprice/coldspray_documents/documents/outputs/Article_5726/auto/Article_5726.md,High temperature hot corrosion behaviour of NiCr and Cr₃C₂–NiCr coatings on T91 boiler steel in an aggressive environment at 750 °C
/home/sprice/coldspray_documents/documents/outputs/Article_260/auto/Article_260.md,Cold Spray Coatings Morphology
/home/sprice/coldspray_documents/documents/outputs/Article_5639/auto/Article_5639.md,Monodisperse Cu nanoparticles ⓐ MoS2 nanosheets as a lubricant additive for improved tribological properties
/home/sprice/coldspray_documents/documents/outputs/Article_2118/auto/Article_2118.md,OXIDATION AND QUENCH BEHAVIOR OF COLD SPRAYING CR COATED ZIRCALOY FUEL CLADDING UNDER SEVERE ACCIDENT SCENARIOS
/home/sprice/coldspray_documents/documents/outputs/Article_3497/auto/Article_3497.md,Matching nanotechnologies with 15 reactor scale-up and industrial exploitation
/home/sprice/coldspray_documents/documents/outputs/Article_3402/auto/Article_3402.md,Corrosion behaviour of plasma-sprayed baghdadite bioceramic coatings reinforced with carbon nanotubes
/home/sprice/coldspray_documents/documents/outputs/Article_1751/auto/Article_1751.md,Investigation on Microstructure and Properties of Cold-Sprayed Ni-Mo- $\mathbf{\bar{A}} \mathbf{l}_{2} \mathbf{O}_{3}$ Composite Coating
/home/sprice/coldspray_documents/documents/outputs/Article_3370/auto/Article_3370.md,Calcium phosphates for biomedical applications
/home/sprice/coldspray_documents/documents/outputs/Article_5362/auto/Article_5362.md,High speed impact and solid-state deposition of alumina particles: A molecular dynamics study
/home/sprice/coldspray_documents/documents/outputs/Article_5752/auto/Article_5752.md,18 Superficial Thermal Modalities
/home/sprice/coldspray_documents/documents/outputs/Article_3346/auto/Article_3346.md,Understanding the microstructural evolution of high entropy alloy coatings manufactured by atmospheric plasma spray processing
/home/sprice/coldspray_documents/documents/outputs/Article_5719/auto/Article_5719.md,Effect of Al and Cd sacrificial coatings on the wear of steel substrates
/home/sprice/coldspray_documents/documents/outputs/Article_6053/auto/Article_6053.md,Effects of proton irradiation on microstructures and Cr/Zr interface mechanics of Cr-coated Zr-1Nb cladding
/home/sprice/coldspray_documents/documents/outputs/Article_3140/auto/Article_3140.md,On the surface and system performance of thermally sprayed carbide coatings produced under controlled residual stresses
/home/sprice/coldspray_documents/documents/outputs/Article_2519/auto/Article_2519.md,Enhancing the tensile properties of laser repairing Ti-6Al-4V alloys: Optimization of strain distribution based on composition fine-turning
/home/sprice/coldspray_documents/documents/outputs/Article_5787/auto/Article_5787.md,Lightning strike damage on carbon fiber-reinforced composites: Prediction and protection
/home/sprice/coldspray_documents/documents/outputs/Article_596/auto/Article_596.md,Computational modeling and analysis of the interfacial debonding in copper/copper and copper/polyether-ether-ketone coatings deposited by cold spraying
/home/sprice/coldspray_documents/documents/outputs/Article_1048/auto/Article_1048.md,Interfacial microstructure and mechanical properties of Al/steel joints fabricated via thermo-compensated resistance brazing welding with cold spray Zn interlayer
/home/sprice/coldspray_documents/documents/outputs/Article_1744/auto/Article_1744.md,Numerical Investigation of the Metal–Ceramic Coating Mechanism Through Cold Spray
/home/sprice/coldspray_documents/documents/outputs/Article_5074/auto/Article_5074.md,Cold sprayed Cu–Ni–Fe anode for Al production
/home/sprice/coldspray_documents/documents/outputs/Article_2575/auto/Article_2575.md,Investigation of Impact Behavior of Cold-Sprayed Large Annealed Copper Particles and Characterization of Coatings
/home/sprice/coldspray_documents/documents/outputs/Article_2915/auto/Article_2915.md,Effects of frequency on the fretting wear behavior of aluminum bronze coatings
/home/sprice/coldspray_documents/documents/outputs/Article_3277/auto/Article_3277.md,Effect of particle size distribution on the flowability of plasma atomized Ti-6Al-4V powders
/home/sprice/coldspray_documents/documents/outputs/Article_2444/auto/Article_2444.md,Defects in additive manufactured metals and their effect on fatigue performance: A state-of-the-art review
/home/sprice/coldspray_documents/documents/outputs/Article_2327/auto/Article_2327.md,Development of Erosion-Corrosion-Resistant Cold-Spray Nanostructured Ni-20Cr Coating for Coal-Fired Boiler Applications
/home/sprice/coldspray_documents/documents/outputs/Article_1488/auto/Article_1488.md,Development of axial and ring hoop tension testing methods for nuclear fuel cladding tubes
/home/sprice/coldspray_documents/documents/outputs/Article_55/auto/Article_55.md,"Effect of Surface Preparation on the Microstructure, Adhesion, and Tensile Properties of Cold-Sprayed Aluminum Coatings on AA2024 Substrates"
/home/sprice/coldspray_documents/documents/outputs/Article_5108/auto/Article_5108.md,A review on the performance and lifetime improvement of thermal barrier coatings
/home/sprice/coldspray_documents/documents/outputs/Article_1879/auto/Article_1879.md,Numerical and Experimental Analysis of the Deformation Behavior of CoCrFeNiMn High Entropy Alloy Particles onto Various Substrates During Cold Spraying
/home/sprice/coldspray_documents/documents/outputs/Article_6074/auto/Article_6074.md,Quantitative phase prediction in a eutectic AlCoCrFeNi2.1 high-entropy alloy HVOF coating using Scheil simulation
/home/sprice/coldspray_documents/documents/outputs/Article_1404/auto/Article_1404.md,"Relationships between feedstock structure, particle parameter, coating deposition, microstructure and properties for thermally sprayed conventional and nanostructured WC–Co"
/home/sprice/coldspray_documents/documents/outputs/Article_3645/auto/Article_3645.md,Elevated temperature tribological assessment of Ni-based cermet self-lubricating coatings deposited by cold spray
/home/sprice/coldspray_documents/documents/outputs/Article_1567/auto/Article_1567.md,"Microstructure, mechanical property and wear performance of cold sprayed Al5056/SiCp composite coatings: Effect of reinforcement content"
/home/sprice/coldspray_documents/documents/outputs/Article_5808/auto/Article_5808.md,"Inverse Material Characterization through Finite Element Simulation of Mat2e01ri7,alViTgoe(sPtosntaenved aN),uSpmaienrical Optimization"
/home/sprice/coldspray_documents/documents/outputs/Article_3250/auto/Article_3250.md,Heat treatment induced intermetallic phase transition of arc-sprayed coating prepared by the wires combination of aluminum-cathode and steel-anode
/home/sprice/coldspray_documents/documents/outputs/Article_2517/auto/Article_2517.md,Recent advances in additive manufacturing of refractory high entropy alloys (RHEAs): A critical review
/home/sprice/coldspray_documents/documents/outputs/Article_839/auto/Article_839.md,A method for characterizing the quasi-static mechanical behavior of powders for the cold spray process
/home/sprice/coldspray_documents/documents/outputs/Article_634/auto/Article_634.md,A review on aluminum matrix composites’ characteristics and applications for automotive sector
/home/sprice/coldspray_documents/documents/outputs/Article_3147/auto/Article_3147.md,Microstructures and oxidation behavior of Al-CrMnFeCoMoW composite coatings on Ti-6Al-4V alloy substrate via high-energy mechanical alloying method
/home/sprice/coldspray_documents/documents/outputs/Article_3388/auto/Article_3388.md,Characterization of Thermally Treated Gas-Atomized Al 5056 Powder
/home/sprice/coldspray_documents/documents/outputs/Article_5158/auto/Article_5158.md,Multidimensional Design of Micro-Nano Ceramic Coatings
/home/sprice/coldspray_documents/documents/outputs/Article_3318/auto/Article_3318.md,Residual stress and adhesion of thermal spray coatings: Microscopic view by solidification and crystallisation analysis in the epitaxial CoNiCrAlY single splat
/home/sprice/coldspray_documents/documents/outputs/Article_3130/auto/Article_3130.md,Tribology behavior of double-glow discharge Mo layers on titanium alloy in aviation kerosene environment
/home/sprice/coldspray_documents/documents/outputs/Article_921/auto/Article_921.md,"Spray forming: alloys, products and markets"
/home/sprice/coldspray_documents/documents/outputs/Article_2379/auto/Article_2379.md,Hybrid heat-source solid-state additive manufacturing: A method to fabricate high performance AA6061 deposition
/home/sprice/coldspray_documents/documents/outputs/Article_1535/auto/Article_1535.md,Optimization of Microstructure and Mechanical Properties of 2219 Al Alloy Cold-Sprayed Coating by Heat Treatment
/home/sprice/coldspray_documents/documents/outputs/Article_3639/auto/Article_3639.md,"MICROSTRUCTURE, RESIDUAL STRESS AND WEAR BEHAVIOUR OF ADDITIVELY MANUFACTURED MATERIALS: COLD SPRAY L605 AND DMLD IN718 AND MARAGING STEEL FOR GAS TURBINE FUEL NOZZLE REPAIR"
/home/sprice/coldspray_documents/documents/outputs/Article_2437/auto/Article_2437.md,Advances in lightweight composite structures and manufacturing technologies: A comprehensive review
/home/sprice/coldspray_documents/documents/outputs/Article_3141/auto/Article_3141.md,Review on study of internal load transfer in metal matrix composites using diffraction techniques
/home/sprice/coldspray_documents/documents/outputs/Article_2976/auto/Article_2976.md,A review on the synergism between corrosion and fatigue of magnesium alloys: Mechanisms and processes on the micro-scale
/home/sprice/coldspray_documents/documents/outputs/Article_3013/auto/Article_3013.md,Al-Sn Miscibility Gap Alloy produced by Power Bed Laser Melting for application as Phase Change Material
/home/sprice/coldspray_documents/documents/outputs/Article_2885/auto/Article_2885.md,Effect of Nb₀.₅ and Mo₀.₇₅ addition on in-vitro corrosion and wear resistance of high-speed laser metal deposited •Al₀.₃CrFeCoNi high-entropy alloy coatings
/home/sprice/coldspray_documents/documents/outputs/Article_2047/auto/Article_2047.md,On the Importance of Secondary Component Properties for Cold Spray Metallization of Carbon Fiber Reinforced Polymers
/home/sprice/coldspray_documents/documents/outputs/Article_3369/auto/Article_3369.md,Optimization and prediction of AZ91D stellite-6 coated magnesium alloy using Box Behnken design and hybrid deep belief network
/home/sprice/coldspray_documents/documents/outputs/Article_3505/auto/Article_3505.md,Corrosion behavior and surface treatment of superlight Mg−Li alloys
/home/sprice/coldspray_documents/documents/outputs/Article_5507/auto/Article_5507.md,Synthesis of $\mathrm { T i } _ { 2 } \mathrm { A l C }$ & $\mathrm { T i } _ { 3 } \mathrm { A l C } _ { 2 }$ MAX phases by Arc-PVD using Ti–Al target in $\mathrm { C _ { 2 } H _ { 2 } / A r }$ gas mixture and subsequent annealing
/home/sprice/coldspray_documents/documents/outputs/Article_2823/auto/Article_2823.md,"A critical review on functionally graded coatings: Methods, properties, and challenges"
/home/sprice/coldspray_documents/documents/outputs/Article_851/auto/Article_851.md,PROCESSING OF DISCONTINUOUSLY-REINFORCED METAL MATRIX COMPOSITES BY RAPID SOLIDIFICATION
/home/sprice/coldspray_documents/documents/outputs/Article_788/auto/Article_788.md,Optimization and microstructure analysis of Corten steel joint in mag welding by post heat treatment
/home/sprice/coldspray_documents/documents/outputs/Article_1299/auto/Article_1299.md,Influence of laser irradiation on deposition characteristics of cold sprayed Stellite-6 coatings
/home/sprice/coldspray_documents/documents/outputs/Article_3411/auto/Article_3411.md,Surface Composites by FSP
/home/sprice/coldspray_documents/documents/outputs/Article_5806/auto/Article_5806.md,"Experimental investigation of novel dry liquids with aqueous potassium Solution $\varpi \mathrm { N a n o - } \mathrm { S i O } _ { 2 }$ for the suppression of liquid fuel fires: Preparation, application, and stability"
/home/sprice/coldspray_documents/documents/outputs/Article_33/auto/Article_33.md,The use of $\mathsf { A l - A l _ { 2 } O _ { 3 } }$ cold spray coatings to improve the surface properties of magnesium alloys
/home/sprice/coldspray_documents/documents/outputs/Article_5055/auto/Article_5055.md,Building up WC-Co coatings by cold spray: A finite element simulation
/home/sprice/coldspray_documents/documents/outputs/Article_584/auto/Article_584.md,Microstructure and mechanical property of Ti and Ti6Al4V prepared by an in-situ shot peening assisted cold spraying
/home/sprice/coldspray_documents/documents/outputs/Article_5179/auto/Article_5179.md,Maxillomandibular Fixation Using Intraoral Cortical Bone Screws and Specially Designed Metal Hooks (Ottenhaken) in the Conservative Treatment of Mandibular Fractures
/home/sprice/coldspray_documents/documents/outputs/Article_5256/auto/Article_5256.md,Residual stresses induced by Inconel 718 cold gas repair spray of large cavities — On the influence of the sample geometry
/home/sprice/coldspray_documents/documents/outputs/Article_5289/auto/Article_5289.md,Isothermal oxidation and thermal cyclic behaviors of YSZ and doublelayered $\mathrm{YSZ/La_{2}Zr_{2}O_{7}}$ thermal barrier coatings (TBCs)
/home/sprice/coldspray_documents/documents/outputs/Article_5100/auto/Article_5100.md,Influence of microstructure on the wear and corrosion behavior of detonation sprayed $\mathrm{Cr}_2\mathrm{O}_3\cdot\mathrm{Al}_2\mathrm{O}_3$ and plasma sprayed $\mathrm{Cr}_2\mathrm{O}_3$ coatings
/home/sprice/coldspray_documents/documents/outputs/Article_2255/auto/Article_2255.md,"Mechanics of Additive and Advanced Manufacturing, Volume 8"
/home/sprice/coldspray_documents/documents/outputs/Article_5402/auto/Article_5402.md,Multi-component thin films and coatings
/home/sprice/coldspray_documents/documents/outputs/Article_5640/auto/Article_5640.md,Microstructure and properties of 1Cr12Ni2WMoVNb (GX-8) steel bored barrels with and without QPQ treatment
/home/sprice/coldspray_documents/documents/outputs/Article_2168/auto/Article_2168.md,Thermal Oxidation of Cold Sprayed Titanium-Based Coating Deposited on Co-Cr Alloy
/home/sprice/coldspray_documents/documents/outputs/Article_5392/auto/Article_5392.md,Experimental validation of FE predicted fracture behaviour in thermally sprayed coatings
/home/sprice/coldspray_documents/documents/outputs/Article_2274/auto/Article_2274.md,Effect of pulse current treatment on interface structure and mechanical behavior of TA1/304 clad plates
/home/sprice/coldspray_documents/documents/outputs/Article_5628/auto/Article_5628.md,Microstructure and properties of Cu-Cr-SiC in-situ composite coatings by laser cladding
/home/sprice/coldspray_documents/documents/outputs/Article_5049/auto/Article_5049.md,Contribution in optimization of Zn Cold-sprayed coating dedicated to corrosion applications
/home/sprice/coldspray_documents/documents/outputs/Article_3323/auto/Article_3323.md,Fatigue life enhancement in alpha/beta Ti–6Al–4V after shot peening: An EBSD and TEM crystallographic orientation mapping study of surface layer
/home/sprice/coldspray_documents/documents/outputs/Article_1999/auto/Article_1999.md,Characteristics and bonding behavior of Stellite 6 alloy coating processed with supersonic laser deposition
/home/sprice/coldspray_documents/documents/outputs/Article_894/auto/Article_894.md,Characterizations and anisotropy of cold-spraying additive-manufactured copper bulk
/home/sprice/coldspray_documents/documents/outputs/Article_3003/auto/Article_3003.md,Tribological properties of wear-resistant coatings obtained by cold gas dynamic spray
/home/sprice/coldspray_documents/documents/outputs/Article_1533/auto/Article_1533.md,Investigation of coatings of austenitic steels produced by supersonic laser deposition
/home/sprice/coldspray_documents/documents/outputs/Article_151/auto/Article_151.md,Repeatability and reproducibility of liquid-phase sintered Al-bronze 3D-printed parts using cold spray additive manufacturing
/home/sprice/coldspray_documents/documents/outputs/Article_5095/auto/Article_5095.md,A theoretical model for prediction of deposition efficiency in cold spraying
/home/sprice/coldspray_documents/documents/outputs/Article_1146/auto/Article_1146.md,Enhancement of Downward-Facing Saturated Boiling Heat Transfer by the Cold Spray Technique
/home/sprice/coldspray_documents/documents/outputs/Article_847/auto/Article_847.md,"An investigation into microstructure, tribological and mechanical properties of cold sprayed Inconel 625 coatings"
/home/sprice/coldspray_documents/documents/outputs/Article_1329/auto/Article_1329.md,Effect of Heat Treatment on the Microstructure and Mechanical Properties of Stainless Steel 316L Coatings Produced by Cold Spray for Biomedical Applications
/home/sprice/coldspray_documents/documents/outputs/Article_2390/auto/Article_2390.md,"Coating formation, fracture mode and cavitation performance of Fe40Al deposited by cold gas spraying"
/home/sprice/coldspray_documents/documents/outputs/Article_2099/auto/Article_2099.md,Enhanced corrosion resistance and surface bioactivity of AZ31B Mg alloy by high pressure cold sprayed monolayer Ti and bilayer Ta/Ti coatings in simulated body fluid
/home/sprice/coldspray_documents/documents/outputs/Article_3112/auto/Article_3112.md,"Hydroxyapatite – $\mathrm { { A l } } _ { 2 } \mathrm { { O } } _ { 3 }$ reinforced poly– (lactic acid) hybrid coatings on magnesium: Characterization, mechanical and in-vitro bioactivity properties"
/home/sprice/coldspray_documents/documents/outputs/Article_589/auto/Article_589.md,A comprehensive review on the analysis of adhesion strength of cold spray deposits
/home/sprice/coldspray_documents/documents/outputs/Article_5641/auto/Article_5641.md,Stabilization of antioxidant thyme-leaves extract (Thymus vulgaris) within biopolymers and its application in functional bread formulation
/home/sprice/coldspray_documents/documents/outputs/Article_6126/auto/Article_6126.md,A facile method for fabrication of nano-structured ${ \mathrm { N i } }{ - }{ \mathrm { A l } } _ { 2 } { \mathrm { O } } _ { 3 }$ graded coatings: Structural characterization
/home/sprice/coldspray_documents/documents/outputs/Article_505/auto/Article_505.md,A comprehensive review on effect of cold metal transfer welding parameters on dissimilar and similar metal welding
/home/sprice/coldspray_documents/documents/outputs/Article_1459/auto/Article_1459.md,Closed loop image aided optimization for cold spray process based on molecular dynamics
/home/sprice/coldspray_documents/documents/outputs/Article_5398/auto/Article_5398.md,Comparative accuracy of artificial intelligence chatbots in pulpal and periradicular diagnosis: A cross-sectional study
/home/sprice/coldspray_documents/documents/outputs/Article_2676/auto/Article_2676.md,Mechanical properties and fatigue crack growth in tungsten deposited by RF-plasma
/home/sprice/coldspray_documents/documents/outputs/Article_262/auto/Article_262.md,Microstructural and tribological properties of high-performance Inconel 625 alloy- ${ \cdot } { \mathsf { W } } { \mathsf { S } } _ { 2 }$ self-lubricious composite coating by laser assisted cold spray
/home/sprice/coldspray_documents/documents/outputs/Article_6050/auto/Article_6050.md,Role of $\mathrm { C e O } _ { 2 }$ doping on tribological behavior of ${ \mathrm { A l } } _ { 2 } { \mathrm { O } } _ { 3 }$ coated AZ91 alloy
/home/sprice/coldspray_documents/documents/outputs/Article_2871/auto/Article_2871.md,Corrosion testing needs and considerations for additively manufactured materials in nuclear reactors
/home/sprice/coldspray_documents/documents/outputs/Article_5320/auto/Article_5320.md,Microstructure and properties of CrB₂·Cr₃C₂ composite coatings prepared by plasma spraying
/home/sprice/coldspray_documents/documents/outputs/Article_627/auto/Article_627.md,Second phase particles and mechanical properties of 2219 aluminum alloys processed by an improved ring manufacturing process
/home/sprice/coldspray_documents/documents/outputs/Article_5527/auto/Article_5527.md,The influence of sulphide on the ultrasonic cavitation erosion-corrosion behaviors of HVOF-sprayed WC- $\mathrm { . c r } _ { 3 } \mathrm { C } _ { 2 }$ -Ni coating
/home/sprice/coldspray_documents/documents/outputs/Article_2498/auto/Article_2498.md,Improvement of fatigue performance of low-alloy steels with a sulfurized layer using fine particle peening as pre-treatment under rotating bending
/home/sprice/coldspray_documents/documents/outputs/Article_2549/auto/Article_2549.md,Effect of build height on the properties of large format stainless steel 316L fabricated via directed energy deposition
/home/sprice/coldspray_documents/documents/outputs/Article_2799/auto/Article_2799.md,Microstructure and mechanical performance of nickel coating on copper sheet via laser shock processing
/home/sprice/coldspray_documents/documents/outputs/Article_5290/auto/Article_5290.md,Physical models for vacuum-induced multistage atomization of high-entropy FeCoCrNiMo alloy powder for 3D printing
/home/sprice/coldspray_documents/documents/outputs/Article_2397/auto/Article_2397.md,Investigation on in-situ tensile behaviors of 6061 aluminum alloy fabricated by wire additive friction stir deposition
/home/sprice/coldspray_documents/documents/outputs/Article_1560/auto/Article_1560.md,A novel approach for fabricating Ni-coated FeSiAl soft magnetic composite via cold spraying
/home/sprice/coldspray_documents/documents/outputs/Article_10/auto/Article_10.md,Surface states of gas-atomized Al 6061 powders – Effects of heat treatment
/home/sprice/coldspray_documents/documents/outputs/Article_5513/auto/Article_5513.md,Recent advances in metal oxide reinforced polymer composites for efficient piezoelectric energy harvesting applications
/home/sprice/coldspray_documents/documents/outputs/Article_5068/auto/Article_5068.md,"Molecular DynamicCsoSaitimnuglsatdiuorninStguCdoylodnSpErffaeyctPorfocPersoscess Parameters on rCinogaStioncigestydInutreirnagt oCnoaldCoSnpfreraeyncPer2o0c1e7s,s"
/home/sprice/coldspray_documents/documents/outputs/Article_2348/auto/Article_2348.md,Development and Characterization of Cr3C2–NiCr Coated Superalloy by Novel Cold Spray Process
/home/sprice/coldspray_documents/documents/outputs/Article_79/auto/Article_79.md,Evaluating the damage tolerant behavior of cold spray repaired aluminum alloys
/home/sprice/coldspray_documents/documents/outputs/Article_887/auto/Article_887.md,Segregated nanofiller: Recent development in polymer-based composites and its applications
/home/sprice/coldspray_documents/documents/outputs/Article_5330/auto/Article_5330.md,Relating porosity to fatigue failure in additively manufactured alloy 718
/home/sprice/coldspray_documents/documents/outputs/Article_3016/auto/Article_3016.md,Cathodic corrosion protection
/home/sprice/coldspray_documents/documents/outputs/Article_3187/auto/Article_3187.md,Tensile deformation of NiTi shape memory alloy thermally loaded under applied stress
/home/sprice/coldspray_documents/documents/outputs/Article_1628/auto/Article_1628.md,Validation of Methods to Measure the Hardness and Elastic Modulus of Cold-Sprayed Al-ZN Composite Coatings
/home/sprice/coldspray_documents/documents/outputs/Article_1538/auto/Article_1538.md,Effect of build orientation and post-build heat treatment on the mechanical properties of cold spray additively manufactured copper parts
/home/sprice/coldspray_documents/documents/outputs/Article_5202/auto/Article_5202.md,The mechanical behavior and fracture of chromium film-zirconium alloy substrate systems
/home/sprice/coldspray_documents/documents/outputs/Article_1582/auto/Article_1582.md,Development of IN718 Coating for Repair Applications by High-Pressure Cold Spraying Followed by Heat Treatment
/home/sprice/coldspray_documents/documents/outputs/Article_1481/auto/Article_1481.md,Tensile property and fracture mechanism of a neutron absorbing B4Cp/Al composite at elevated temperatures
/home/sprice/coldspray_documents/documents/outputs/Article_950/auto/Article_950.md,Adhesion of cold sprayed soft coatings: Effect of substrate roughness and hardness
/home/sprice/coldspray_documents/documents/outputs/Article_5167/auto/Article_5167.md,Ultrasound assisted sol-gel TiO₂ powders and thin films for photocatalytic removal of toxic pollutants
/home/sprice/coldspray_documents/documents/outputs/Article_1669/auto/Article_1669.md,Enhancement Duplex Stainless Steel Surface by Spin Cold Spraying Multilayers for Biomedical Applications
/home/sprice/coldspray_documents/documents/outputs/Article_3457/auto/Article_3457.md,POWDER CHARACTERIZATION FOR THROUGH-PROCESS MODELING OF COLD SPRAY AL ALLOYS
/home/sprice/coldspray_documents/documents/outputs/Article_6082/auto/Article_6082.md,Coupling effect of delamination cracks and vertical cracks on local phase transition of ceramic topcoat in thermal barrier coatings
/home/sprice/coldspray_documents/documents/outputs/Article_1532/auto/Article_1532.md,"Laser powder bed fusion of oxidized microscale SiC-particle-reinforced AlSi10Mg matrix composites: Microstructure, porosity, and mechanical properties"
/home/sprice/coldspray_documents/documents/outputs/Article_914/auto/Article_914.md,"Bond coat assisted enhancement in microstructural, mechanical and corrosion behavior of AZ91 magnesium alloy cold spray coated with aluminum alloys"
/home/sprice/coldspray_documents/documents/outputs/Article_3213/auto/Article_3213.md,In situ nanostructured ceramic matrix composite coating prepared by reactive plasma spraying micro-sized ${ \sf A l - F e } _ { 2 } { \sf O } _ { 3 }$ composite powders
/home/sprice/coldspray_documents/documents/outputs/Article_3265/auto/Article_3265.md,Machine learning-assisted in-situ adaptive strategies for the control of defects and anomalies in metal additive manufacturing
/home/sprice/coldspray_documents/documents/outputs/Article_3405/auto/Article_3405.md,A Through-Process Model for Cold Sprayed Aluminum Alloys
/home/sprice/coldspray_documents/documents/outputs/Article_2108/auto/Article_2108.md,Synthesis of carbon nanotube reinforced Al matrix composite coatings via cold spray deposition
/home/sprice/coldspray_documents/documents/outputs/Article_5299/auto/Article_5299.md,Effect of pre-coating annealing on plasma electrolytic oxidation of aluminum alloy substrate
/home/sprice/coldspray_documents/documents/outputs/Article_1095/auto/Article_1095.md,"Deposition behaviour of FeCrMnNiCo coatings deposited using mechanically alloyed powder: Comparing Cold Spray, HVOF, HVAF, and Laser Cladding processes"
/home/sprice/coldspray_documents/documents/outputs/Article_1169/auto/Article_1169.md,"Morphological, structural and mechanical characterization of cold sprayed hydroxyapatite coating"
/home/sprice/coldspray_documents/documents/outputs/Article_5596/auto/Article_5596.md,Influence of mesh parameters on FE simulation of severe shot peening (SSP) aimed at generating a nanocrystallized surface layer
/home/sprice/coldspray_documents/documents/outputs/Article_80/auto/Article_80.md,Research on Micro-nanoscale SiCp/6061Al Composite Coating Using High-Pressure Cold Spray
/home/sprice/coldspray_documents/documents/outputs/Article_685/auto/Article_685.md,Influence of annealing temperature on the mechanical properties and corrosion behavior of Ti-5.5Al-2.0Zr-1.5Sn-0.5Mo-1.5Nb alloy
/home/sprice/coldspray_documents/documents/outputs/Article_2291/auto/Article_2291.md,"Friction-stir processing of a cold sprayed AA7075 coating layer on the AZ31B substrate: Structural homogeneity, microstructures and hardness"
/home/sprice/coldspray_documents/documents/outputs/Article_1153/auto/Article_1153.md,Advanced brass-based composites via cold-spray additive-manufacturing and its potential in component repairing
/home/sprice/coldspray_documents/documents/outputs/Article_1173/auto/Article_1173.md,Cold-spray deposition of Ti2AlC coatings
/home/sprice/coldspray_documents/documents/outputs/Article_2550/auto/Article_2550.md,Effect of the Ti addition on the corrosion behavior of newly developed AA7075-Ti alloys
/home/sprice/coldspray_documents/documents/outputs/Article_113/auto/Article_113.md,Towards Improved Plasticity in Cold-Sprayed Amorphous/ Nanocrystalline Aluminum Alloy Deposits: The Role of Heat Treatment on the Microstructure and Mechanical Anisotropy
/home/sprice/coldspray_documents/documents/outputs/Article_2273/auto/Article_2273.md,"Review of selective laser melting of magnesium alloys: advantages, microstructure and mechanical characterizations, defects, challenges, and applications"
/home/sprice/coldspray_documents/documents/outputs/Article_1209/auto/Article_1209.md,Application of supersonic cold spray for solid-state battery manufacturing
/home/sprice/coldspray_documents/documents/outputs/Article_2110/auto/Article_2110.md,Effect of rolling temperature on microstructure and mechanical properties of Ti/steel clad plates fabricated by cold spraying and hot-rolling
/home/sprice/coldspray_documents/documents/outputs/Article_5307/auto/Article_5307.md,Current-carrying friction behavior and wear mechanism of Ag coatings by rotary spray deposition
/home/sprice/coldspray_documents/documents/outputs/Article_2060/auto/Article_2060.md,Influence of parameters on the cold spraying FeCoCrMoBCY amorphous coatings
/home/sprice/coldspray_documents/documents/outputs/Article_2542/auto/Article_2542.md,"Enhancing microstructural, mechanical, and tribological behavior of AZ31B magnesium alloy through friction stir processing"
/home/sprice/coldspray_documents/documents/outputs/Article_3638/auto/Article_3638.md,On the deposition of cold-sprayed hydroxyapatite coatings
/home/sprice/coldspray_documents/documents/outputs/Article_1653/auto/Article_1653.md,Deformation behavior of the oxide film on the surface of cold sprayed powder particle
/home/sprice/coldspray_documents/documents/outputs/Article_3499/auto/Article_3499.md,Dry sliding friction and wear behaviors of Mg₂B₂O₅ whisker reinforced 6061Al matrix composites
/home/sprice/coldspray_documents/documents/outputs/Article_5626/auto/Article_5626.md,Thermal spray coatings in environmental barrier coatings
/home/sprice/coldspray_documents/documents/outputs/Article_2783/auto/Article_2783.md,Review of Fe-6.5 wt%Si high silicon steel—A promising soft magnetic material for sub-kHz application
/home/sprice/coldspray_documents/documents/outputs/Article_3175/auto/Article_3175.md,Diversity of intergranular corrosion and stress corrosion cracking for 5083 Al alloy with different grain sizes
/home/sprice/coldspray_documents/documents/outputs/Article_5809/auto/Article_5809.md,Plasma-Enhanced Chemical Vapor Deposition of Functional Coatings
/home/sprice/coldspray_documents/documents/outputs/Article_74/auto/Article_74.md,Characterization Of In-Situ Peened Aluminum 6061 Nitrogen Sprayed Cold Spray Depositions
/home/sprice/coldspray_documents/documents/outputs/Article_1373/auto/Article_1373.md,"Microstructure, microhardness and dry friction behavior of cold-sprayed tin bronze coatings"
/home/sprice/coldspray_documents/documents/outputs/Article_5120/auto/Article_5120.md,Adhesion of thermal barrier coatings: Influence of the bond coat application technique☆
/home/sprice/coldspray_documents/documents/outputs/Article_5579/auto/Article_5579.md,Woodhead Publishing Series in Metals and Surface Engineering
/home/sprice/coldspray_documents/documents/outputs/Article_1210/auto/Article_1210.md,On the evolution of substrate's residual stress during cold spray process: A parametric study
/home/sprice/coldspray_documents/documents/outputs/Article_1909/auto/Article_1909.md,Optimisation of properties of $\mathrm { T i } _ { 3 } \mathrm { S i C } _ { 2 }$ reinforced copper matrix composites
/home/sprice/coldspray_documents/documents/outputs/Article_5578/auto/Article_5578.md,A new strategy to fabricate Ti2AlC MAX coatings by the two-step laser method
/home/sprice/coldspray_documents/documents/outputs/Article_735/auto/Article_735.md,Nickel titanium alloys as orthodontic archwires: A narrative review
/home/sprice/coldspray_documents/documents/outputs/Article_121/auto/Article_121.md,Effect of laser power on the microstructure and mechanical properties of laser-assisted cold sprayed 7075 aluminum alloy deposits
/home/sprice/coldspray_documents/documents/outputs/Article_574/auto/Article_574.md,Microstructure and mechanical properties of heat-treated cold spray additively manufactured titanium metal matrix composites
/home/sprice/coldspray_documents/documents/outputs/Article_6024/auto/Article_6024.md,Rapid healing of micro-pores in cold sprayed Cu-based composite coating via a novel ultrasonic micro-healing treatment
/home/sprice/coldspray_documents/documents/outputs/Article_1595/auto/Article_1595.md,Improvement of Tool Steel Powder Cold Sprayability Via Softening and Agglomeration Heat Treatments
/home/sprice/coldspray_documents/documents/outputs/Article_2927/auto/Article_2927.md,Addressing challenges in high-temperature oxidation of ultra-supercritical boiler tubes via FeCoNiCrMo high-entropy alloy coatings
/home/sprice/coldspray_documents/documents/outputs/Article_2631/auto/Article_2631.md,Young’s modulus of low-pressure cold sprayed composites: an analysis based on a minimum contact area model
/home/sprice/coldspray_documents/documents/outputs/Article_1090/auto/Article_1090.md,Microstructure optimization of cold sprayed Ti-6Al-4V using post-process heat treatment for improved mechanical properties
/home/sprice/coldspray_documents/documents/outputs/Article_1121/auto/Article_1121.md,Correlating particle impact condition with microstructure and properties of the cold-sprayed metallic deposits
/home/sprice/coldspray_documents/documents/outputs/Article_5497/auto/Article_5497.md,Surface modifications and coatings to improve osseointegration and antimicrobial activity on titanium surfaces: A statistical review over the last decade
/home/sprice/coldspray_documents/documents/outputs/Article_1950/auto/Article_1950.md,AlMgScZr alloys for laser powder bed fusion additive manufacturing. A review☆
/home/sprice/coldspray_documents/documents/outputs/Article_278/auto/Article_278.md,Interfacial Contact and Deformation: From All Solid State Li Batteries to the Cold Spray of Refractory Ta Powders
/home/sprice/coldspray_documents/documents/outputs/Article_110/auto/Article_110.md,Characterization of Microstructural Evolution and Bond Formation In Cold Sprayed Aluminum Alloy Splats and Substrates
/home/sprice/coldspray_documents/documents/outputs/Article_2147/auto/Article_2147.md,Effect of particle shape on mechanics of impact in the deposition of titanium nanoparticles on a titanium substrate
/home/sprice/coldspray_documents/documents/outputs/Article_1986/auto/Article_1986.md,Solid-state fabrication of $\mathsf{W C}_{\mathrm{p}}$-reinforced Stellite-6 composite coatings with supersonic laser deposition
/home/sprice/coldspray_documents/documents/outputs/Article_738/auto/Article_738.md,Secondary phases effects on microstructure and mechanical properties of lanthanum-doped titanium-zirconium-molybdenum alloy
/home/sprice/coldspray_documents/documents/outputs/Article_2636/auto/Article_2636.md,Oxidation resistance of TiAl3–Al composite coating on orthorhombic Ti2AlNb based alloy
/home/sprice/coldspray_documents/documents/outputs/Article_3440/auto/Article_3440.md,"On the Elemental Impact Factor, a Method to Determine an Alloy’s Compositional Influences upon Phase Stability and Metallurgical Material Properties"
/home/sprice/coldspray_documents/documents/outputs/Article_1398/auto/Article_1398.md,"Development of functionally graded films and coatings for biomaterials: Methods, properties, and challenges – A comprehensive review"
/home/sprice/coldspray_documents/documents/outputs/Article_683/auto/Article_683.md,Microstructures and mechanical properties of titanium-reinforced magnesium matrix composites: Review and perspective
/home/sprice/coldspray_documents/documents/outputs/Article_6014/auto/Article_6014.md,Numerical evaluation of ${ \mathrm { N i } }{ \mathrm { - } }{ \mathrm { A l } } _ { 2 } { \mathrm { O } } _ { 3 }$ particles deposition during cold spraying
/home/sprice/coldspray_documents/documents/outputs/Article_998/auto/Article_998.md,Fundamentals of additive manufacturing of metallic components by cold spray technology
/home/sprice/coldspray_documents/documents/outputs/Article_3308/auto/Article_3308.md,Analysis of the impact velocity of powder particles in the cold-gas dynamic-spray process
/home/sprice/coldspray_documents/documents/outputs/Article_1119/auto/Article_1119.md,On the mechanical and electrical properties of copper-silver and copper-silver-zirconium alloys deposits manufactured by cold spray
/home/sprice/coldspray_documents/documents/outputs/Article_1388/auto/Article_1388.md,Microstructural optimization and anti-wear performance of supersonic atmospheric plasma sprayed nickel based self-lubricating coatings under heavy load
/home/sprice/coldspray_documents/documents/outputs/Article_1689/auto/Article_1689.md,Corrosion Behaviour of Heat-Treated Cold Spray Nickel Chromium/Chromium Carbides
/home/sprice/coldspray_documents/documents/outputs/Article_3534/auto/Article_3534.md,Laser deposition of high-entropy alloys: A comprehensive review
/home/sprice/coldspray_documents/documents/outputs/Article_2848/auto/Article_2848.md,Experimental and numerical investigation of Al–16Si alloy friction surfacing on AA1050 aluminum substrate: Effect of axial feeding rate
/home/sprice/coldspray_documents/documents/outputs/Article_1098/auto/Article_1098.md,Addressing challenges in deposition efficiency and material compatibility in low-pressure cold spray systems
/home/sprice/coldspray_documents/documents/outputs/Article_5512/auto/Article_5512.md,Towards underwater additive manufacturing via additive friction stir deposition
/home/sprice/coldspray_documents/documents/outputs/Article_2600/auto/Article_2600.md,Metal Matrix Composite Coatings Manufactured by Thermal Spraying: Influence of the Powder Preparation on the Coating Properties
/home/sprice/coldspray_documents/documents/outputs/Article_3047/auto/Article_3047.md,Effect of α–Λ Al₂O₃ on the properties of cold sprayed Al/α–Al₂O₃ composite coatings on AZ91D magnesium alloy
/home/sprice/coldspray_documents/documents/outputs/Article_826/auto/Article_826.md,Electromagnetic treatment enhancing performance of metal materials: A review
/home/sprice/coldspray_documents/documents/outputs/Article_3421/auto/Article_3421.md,A comparative study on the microstructure and surface property evaluation of coatings produced from nanostructured and conventional WC–Co powders HVOF-sprayed on Al7075
/home/sprice/coldspray_documents/documents/outputs/Article_2591/auto/Article_2591.md,Microstructure and Microhardness of Cold-Sprayed CuNiIn Coating
/home/sprice/coldspray_documents/documents/outputs/Article_3623/auto/Article_3623.md,Investigation of the feedstock deposition behavior in a cold sprayed 316L/Fe composite coating
/home/sprice/coldspray_documents/documents/outputs/Article_295/auto/Article_295.md,FINITE ELEMENT IMPLEMENTATION OF THE PRESTON-TONKS-WALLACE PLASTICITY MODEL AND ENERGY BASED BONDING PARAMETER FOR THE COLD SPRAY PROCESS
/home/sprice/coldspray_documents/documents/outputs/Article_5400/auto/Article_5400.md,Subject index of volume 417
/home/sprice/coldspray_documents/documents/outputs/Article_1958/auto/Article_1958.md,Improving the tribological properties of radial shaft seal countersurfaces using experimental micro peening and classical shot peening processes
/home/sprice/coldspray_documents/documents/outputs/Article_300/auto/Article_300.md,Realizing the tribological feasibility of novel laser surface texturing techniques for cold spray kinetically metallized stainless steel
/home/sprice/coldspray_documents/documents/outputs/Article_1914/auto/Article_1914.md,High temperature performance of a dual self-diffusion coating on TA9 alloy
/home/sprice/coldspray_documents/documents/outputs/Article_3256/auto/Article_3256.md,In-situ synthesis of Ti–Al intermetallic compounds coating on Ti alloy by magnetron sputtering deposition followed by vacuum annealing
/home/sprice/coldspray_documents/documents/outputs/Article_3360/auto/Article_3360.md,"Surface modification of Ti6Al4V alloy via advanced coatings: Mechanical, tribological, corrosion, wetting, and biocompatibility studies"
/home/sprice/coldspray_documents/documents/outputs/Article_1591/auto/Article_1591.md,Rapid elimination of porosity and brittleness in cold spray additive manufactured grade 2 titanium via in situ electro-plastic treatment
/home/sprice/coldspray_documents/documents/outputs/Article_2862/auto/Article_2862.md,Atmospheric-pressure plasma-assisted powder jet deposition for thick hydroxyapatite film formation —Effect of atmospheric-pressure plasma jet
/home/sprice/coldspray_documents/documents/outputs/Article_3408/auto/Article_3408.md,CALPHAD XXXV 2006 conference proceedings
/home/sprice/coldspray_documents/documents/outputs/Article_2738/auto/Article_2738.md,The influence of process parameters and heat treatment on the properties of cold sprayed silver coatings
/home/sprice/coldspray_documents/documents/outputs/Article_1400/auto/Article_1400.md,Electrochemical corrosion behaviour of electrodeposited nickel coating subjected to ultrasonic shot peening treatment
/home/sprice/coldspray_documents/documents/outputs/Article_5173/auto/Article_5173.md,Synthesis and characterization of Al/SiC and Ni/Al2O3 functionally graded materials
/home/sprice/coldspray_documents/documents/outputs/Article_761/auto/Article_761.md,Refractory high-entropy alloys: A focused review of preparation methods and properties
/home/sprice/coldspray_documents/documents/outputs/Article_549/auto/Article_549.md,Optimizing strength and fatigue crack propagation resistance of in-situ TiB2/Al-Cu-Mg composite sheet
/home/sprice/coldspray_documents/documents/outputs/Article_2357/auto/Article_2357.md,Decomposition behavior of yttria-stabilized zirconia and its effect on directed energy deposited Ti-based composite material
/home/sprice/coldspray_documents/documents/outputs/Article_1162/auto/Article_1162.md,Influence of coating thickness on residual stress and adhesion‐strength of cold‐sprayed Inconel 718 coatings
/home/sprice/coldspray_documents/documents/outputs/Article_3606/auto/Article_3606.md,基于 Ni、Ti 中间层的 316L 不锈钢冷喷涂银涂层结合性能提升研究
/home/sprice/coldspray_documents/documents/outputs/Article_5151/auto/Article_5151.md,Zinc aluminum-layered double hydroxide(LDH)-graphene oxide(GO) lubricating and corrosion-resistant composite coating on the surface of magnesium alloy
/home/sprice/coldspray_documents/documents/outputs/Article_3048/auto/Article_3048.md,Effect of Ceramic Particles on Properties of Cold-Sprayed Ni-20Cr+Al2O3 Coatings
/home/sprice/coldspray_documents/documents/outputs/Article_3456/auto/Article_3456.md,Prevention of Fomite Transmission of SARS-CoV-2 with Copper Cold Spray Coatings
/home/sprice/coldspray_documents/documents/outputs/Article_5209/auto/Article_5209.md,The effect of paired associative stimulation on fatigue resistance
/home/sprice/coldspray_documents/documents/outputs/Article_3011/auto/Article_3011.md,Thermally sprayed multi-principal element Cr40Co40Ni20 coatings – Oxidation upon coatings’ build-up and electrochemical corrosion
/home/sprice/coldspray_documents/documents/outputs/Article_1679/auto/Article_1679.md,Post heat treatment optimization of cold spray additive manufactured Inconel 718
/home/sprice/coldspray_documents/documents/outputs/Article_728/auto/Article_728.md,Strength-ductility trade-off deviation in a pre-deformed metastable b titanium alloy
/home/sprice/coldspray_documents/documents/outputs/Article_6058/auto/Article_6058.md,ACTA MATERIALIA CONTENTS OF VOLUME 56
/home/sprice/coldspray_documents/documents/outputs/Article_926/auto/Article_926.md,Microstructural evolutions and mechanical characteristics of roll-bonding Mg/Al clad plate regulated by cold spraying micron particle interlayer
/home/sprice/coldspray_documents/documents/outputs/Article_1423/auto/Article_1423.md,Laser modification of the microstructure and mechanical properties of ( $\mathrm { \mathop { C r } } _ { 3 } \mathrm { \mathsf { C } } _ { 2 }$ -25(Ni20Cr))-5(Ni25C) cermet coatings containing a solid lubricant
/home/sprice/coldspray_documents/documents/outputs/Article_3282/auto/Article_3282.md,Functionally graded materials: A review of fabrication and properties
/home/sprice/coldspray_documents/documents/outputs/Article_722/auto/Article_722.md,"Innovations in additive manufacturing of shape memory alloys: Alloys, microstructures, treatments, applications"
/home/sprice/coldspray_documents/documents/outputs/Article_3182/auto/Article_3182.md,"Microstructure, wear and corrosion behavior of AZ91D magnesium alloys fabricated by laser surface-modification"
/home/sprice/coldspray_documents/documents/outputs/Article_6071/auto/Article_6071.md,Additive friction stir deposition of aluminum alloys: A critical review
/home/sprice/coldspray_documents/documents/outputs/Article_1847/auto/Article_1847.md,"Experimental investigation of WC-12Co cold sprayed: Substrate hardness, bonding mechanism, powder type"
/home/sprice/coldspray_documents/documents/outputs/Article_2457/auto/Article_2457.md,Mechanical and Tribological Properties of Cold-Sprayed Ti Coatings on Ti-6Al-4V Substrates
/home/sprice/coldspray_documents/documents/outputs/Article_1311/auto/Article_1311.md,Cold spray deposition characteristic and bonding of CrMnCoFeNi high entropy alloy
/home/sprice/coldspray_documents/documents/outputs/Article_6037/auto/Article_6037.md,3D volume construction methodology for cold spray additive manufacturing
/home/sprice/coldspray_documents/documents/outputs/Article_5706/auto/Article_5706.md,Assessment of duplex coating combining plasma electrolytic oxidation and polymer layer on AZ31 magnesium alloy
/home/sprice/coldspray_documents/documents/outputs/Article_1668/auto/Article_1668.md,Influence of Sulfide Concentration on the Properties of $\mathbf{Cr}_{3}\mathbf{C}_{2}$-25(Ni20Cr) Cermet Coating on Al7075 Substrate
/home/sprice/coldspray_documents/documents/outputs/Article_3085/auto/Article_3085.md,A comparison of electrochemical behavior of coated nanostructured Ta on Ti substrate with pure uncoated Ta in Ringer’s physiological solution
/home/sprice/coldspray_documents/documents/outputs/Article_579/auto/Article_579.md,Cold spray coating: A review of material systems and future perspectives
/home/sprice/coldspray_documents/documents/outputs/Article_537/auto/Article_537.md,Mechanical properties of Cold Spray deposited NARloy-Z copper alloy
/home/sprice/coldspray_documents/documents/outputs/Article_2092/auto/Article_2092.md,"Towards optimization of thickness, hardness, and porosity of low-pressure cold sprayed WC-Ni coatings"
/home/sprice/coldspray_documents/documents/outputs/Article_1761/auto/Article_1761.md,Investigation of Microstructure and Mechanical Properties of Ni-Al Energetic Structural Materials Prepared by Cold Spraying
/home/sprice/coldspray_documents/documents/outputs/Article_1204/auto/Article_1204.md,Cold spray deposition of Cr2AlC MAX phase for coatings and bond-coat layers
/home/sprice/coldspray_documents/documents/outputs/Article_2940/auto/Article_2940.md,Synthesis of functionalized $\mathrm { T i O } _ { 2 }$-loaded HAp-coating by ball-burnishing assisted electric discharge cladding process
/home/sprice/coldspray_documents/documents/outputs/Article_139/auto/Article_139.md,Cold Spray Deposition of Nanocrystalline Aluminum Alloys
/home/sprice/coldspray_documents/documents/outputs/Article_1701/auto/Article_1701.md,"AISI 316L Stainless Steel Tribological Behavior under Sliding and Erosive Conditions: A Comparison between Spark Plasma Sintering, Laser Metal Deposition, and Cold Spraying"
/home/sprice/coldspray_documents/documents/outputs/Article_3525/auto/Article_3525.md,Hybrid additive and subtractive machine tools – Research and industrial developments
/home/sprice/coldspray_documents/documents/outputs/Article_2433/auto/Article_2433.md,Investigation on mechanical properties of cold sprayed Ni–Ni3Al composites
/home/sprice/coldspray_documents/documents/outputs/Article_3103/auto/Article_3103.md,Intelligent lubricating materials: A review
/home/sprice/coldspray_documents/documents/outputs/Article_5047/auto/Article_5047.md,Semi-integral LOCA test of cold-spray chromium coated zircaloy-4 accident tolerant fuel cladding
/home/sprice/coldspray_documents/documents/outputs/Article_3215/auto/Article_3215.md,"Microstructure, composition and hardness of laser-assisted hydroxyapatite and Ti-6Al-4V composite coatings"
/home/sprice/coldspray_documents/documents/outputs/Article_1665/auto/Article_1665.md,Cold Spray Using a Phase-Change Propellant Fluid Approach: Proof of Concept and Potential Benefits
/home/sprice/coldspray_documents/documents/outputs/Article_2691/auto/Article_2691.md,Sliding wear behavior of in-situ FeAl₂O₄ matrix nanocomposite coating fabricated by plasma spraying
/home/sprice/coldspray_documents/documents/outputs/Article_1614/auto/Article_1614.md,"An Investigation of Microstructural Evolution, Tensile Properties and Work-Hardening Behavior of Nanosized TiB2/Al-Cu-Mn Composites"
/home/sprice/coldspray_documents/documents/outputs/Article_1511/auto/Article_1511.md,Hybrid Additive Manufacturing Technology: Induction Heating Cold Spray—Part II: Coating Mechanical Properties
/home/sprice/coldspray_documents/documents/outputs/Article_3071/auto/Article_3071.md,Induction of a Remarkable Conformational Change in a Human Telomeric Sequence by the Binding of Naphthyridine Dimer: Inhibition of the Elongation of a Telomeric Repeat by Telomerase
/home/sprice/coldspray_documents/documents/outputs/Article_3431/auto/Article_3431.md,Plasma treatment for a sticky problem
/home/sprice/coldspray_documents/documents/outputs/Article_5317/auto/Article_5317.md,Debonding of porous coating of a threaded acetabular component: Retrieval analysis
/home/sprice/coldspray_documents/documents/outputs/Article_134/auto/Article_134.md,Integrated characterization of cold sprayed aluminum coatings
/home/sprice/coldspray_documents/documents/outputs/Article_3514/auto/Article_3514.md,Synergistic effect of graphene and carbon nanotubes on wear behaviour of alumina-zirconia nanocomposites
/home/sprice/coldspray_documents/documents/outputs/Article_5383/auto/Article_5383.md,Microstructure and corrosion performance of AlCoCrFeNi2.1 high-entropy alloy coating on AZ31B magnesium alloy via friction stir processing
/home/sprice/coldspray_documents/documents/outputs/Article_645/auto/Article_645.md,Experimental investigation and design of slip resistant aluminium alloy–stainless steel connections
/home/sprice/coldspray_documents/documents/outputs/Article_1884/auto/Article_1884.md,Properties of Cold Sprayed Coatings Produced from Boron-Based Ball-Milled Powder Mixture
/home/sprice/coldspray_documents/documents/outputs/Article_1002/auto/Article_1002.md,Deposition of graphene–copper composite film by cold spray from particles with graphene grown on copper particles
/home/sprice/coldspray_documents/documents/outputs/Article_2859/auto/Article_2859.md,Effect of ${ \mathrm { N a } } _ { 2 } { \mathrm { M o O } } _ { 4 }$ on bond strength of adhesive-bonded phosphate coated magnesium AZ31 sheets
/home/sprice/coldspray_documents/documents/outputs/Article_5802/auto/Article_5802.md,Worldwide Review of Metal Powder Producers
/home/sprice/coldspray_documents/documents/outputs/Article_1200/auto/Article_1200.md,Corrosion in additively manufactured cold spray metallic deposits
/home/sprice/coldspray_documents/documents/outputs/Article_2336/auto/Article_2336.md,Characterization of Cold-Sprayed IN625 and NiCr Coatings
/home/sprice/coldspray_documents/documents/outputs/Article_923/auto/Article_923.md,Effects of a hybrid post-treatment on microstructure and mechanical properties of cold sprayed AA7050 deposits
/home/sprice/coldspray_documents/documents/outputs/Article_1137/auto/Article_1137.md,Effects of substrate roughness and spray-angle on deposition behavior of cold-sprayed Inconel 718
/home/sprice/coldspray_documents/documents/outputs/Article_5082/auto/Article_5082.md,Enhanced fatigue properties of large-scale ultrafine-grained copper fabricated by friction stir additive manufacturing and subsequent cold rolling
/home/sprice/coldspray_documents/documents/outputs/Article_3653/auto/Article_3653.md,A new process for preparing rolled Mg/Al clad plates assisted by cold spraying ultra-thin Al particle interlayer
/home/sprice/coldspray_documents/documents/outputs/Article_1467/auto/Article_1467.md,"Experimental investigation into microstructure, mechanical properties, and cracking mechanism of IN713LC processed by laser powder bed fusion"
/home/sprice/coldspray_documents/documents/outputs/Article_2408/auto/Article_2408.md,Consideration of the criteria for successful deposition in cermet kinetic spraying using WC-17Co powder
/home/sprice/coldspray_documents/documents/outputs/Article_1996/auto/Article_1996.md,Impact of copper addition and calcium phosphate coating on Mg alloys for biomedical applications
/home/sprice/coldspray_documents/documents/outputs/Article_3504/auto/Article_3504.md,Recent advances and strategies for high-performance coatings
/home/sprice/coldspray_documents/documents/outputs/Article_2992/auto/Article_2992.md,Traction motors for electric vehicles: Maximization of mechanical efficiency – A review
/home/sprice/coldspray_documents/documents/outputs/Article_1312/auto/Article_1312.md,Deposition behavior of a CuZr metallic glass particle on amorphous-crystalline composites
/home/sprice/coldspray_documents/documents/outputs/Article_3169/auto/Article_3169.md,JK-2 loaded electrospun membrane for promoting bone regeneration
/home/sprice/coldspray_documents/documents/outputs/Article_516/auto/Article_516.md,Tensile properties of carbon nanotube reinforced aluminum nanocomposite fabricated by plasma spray forming
/home/sprice/coldspray_documents/documents/outputs/Article_1777/auto/Article_1777.md,Fabrication of the Cu/AgCuTi/Nb composite for superconducting radio-frequency material under extreme service conditions based on electroplating additive manufacturing
/home/sprice/coldspray_documents/documents/outputs/Article_3190/auto/Article_3190.md,Microstructure and mechanical properties of ZrC coating on zirconium fabricated by interstitial carburization
/home/sprice/coldspray_documents/documents/outputs/Article_6103/auto/Article_6103.md,Adhesion strength improvement of thermally sprayed metallic coating on carbon-fiber-reinforced polymer composite
/home/sprice/coldspray_documents/documents/outputs/Article_918/auto/Article_918.md,Ductility and fracture behavior of cold spray additive manufactured zinc
/home/sprice/coldspray_documents/documents/outputs/Article_1637/auto/Article_1637.md,Deposition effects of WC particle size on cold sprayed WC–Co coatings
/home/sprice/coldspray_documents/documents/outputs/Article_5652/auto/Article_5652.md,Strengthening surface generation mechanism of carburizing-assisted grinding
/home/sprice/coldspray_documents/documents/outputs/Article_1143/auto/Article_1143.md,Embedment of copper particles into polymers by cold spray
/home/sprice/coldspray_documents/documents/outputs/Article_2639/auto/Article_2639.md,Recent Developments in Surface Engineering of Materials
/home/sprice/coldspray_documents/documents/outputs/Article_771/auto/Article_771.md,Depth-sensing indentation for assessing the mechanical properties of cold-sprayed Ta
/home/sprice/coldspray_documents/documents/outputs/Article_3258/auto/Article_3258.md,Mechanical properties and microstructure of annealed Ni/CrC-NiCr metal matrix composite prepared by cold sprayed deposition
/home/sprice/coldspray_documents/documents/outputs/Article_3502/auto/Article_3502.md,Chitosan-based bionanocomposites in medical textile
/home/sprice/coldspray_documents/documents/outputs/Article_1027/auto/Article_1027.md,"Structural repair using cold spray technology for enhanced esriunsgtSaoicnieatbyiIlnitterynaotifonhailgChonfvearelnuce 2a0s1s7e, tMs"
/home/sprice/coldspray_documents/documents/outputs/Article_2800/auto/Article_2800.md,Thermal spray metallisation of carbon fibre reinforced polymer composites: Effect of top surface modification on coating adhesion and mechanical properties
/home/sprice/coldspray_documents/documents/outputs/Article_2352/auto/Article_2352.md,Optimization of Cold Spray Deposition of High-Density Polyethylene Powders
/home/sprice/coldspray_documents/documents/outputs/Article_2496/auto/Article_2496.md,Subject Index
/home/sprice/coldspray_documents/documents/outputs/Article_3563/auto/Article_3563.md,Effect of shielding gas on the microstructural characteristics and mechanical properties of HY80 steel produced by additive friction surfacing
/home/sprice/coldspray_documents/documents/outputs/Article_3241/auto/Article_3241.md,An overview of photocatalyst immobilization methods for air pollution remediation
/home/sprice/coldspray_documents/documents/outputs/Article_5285/auto/Article_5285.md,Surface reinforcement of magnesium alloy achieved via high entropy alloys/ Al₂O₃ composite coating manufactured by middle-low temperature micro-particles deposition
/home/sprice/coldspray_documents/documents/outputs/Article_5701/auto/Article_5701.md,"Comprehensive review for zinc powder anodes: Significance, optimizing design, and industrial feasibility in zinc-ion batteries"
/home/sprice/coldspray_documents/documents/outputs/Article_532/auto/Article_532.md,Design and selection of metal matrix composites reinforced with high entropy alloys – Functionality appraisal and applicability in service: A critical review
/home/sprice/coldspray_documents/documents/outputs/Article_3635/auto/Article_3635.md,Low-pressure cold spraying of suspension TiO₂ in a single pass – Process optimization
/home/sprice/coldspray_documents/documents/outputs/Article_758/auto/Article_758.md,Constructing chitosan microcapsules using hydroxypropyl methylcellulose for self-healing antibacterial wood coating
/home/sprice/coldspray_documents/documents/outputs/Article_1920/auto/Article_1920.md,Strength-ductility synergic enhancement in friction stir welded AA2024 alloy and copper joints: Unravelling the role of Zn interlayer's thickness
/home/sprice/coldspray_documents/documents/outputs/Article_741/auto/Article_741.md,Research and development of advanced copper matrix composites
/home/sprice/coldspray_documents/documents/outputs/Article_2458/auto/Article_2458.md,Mechanical properties of Inconel 625 laser cladded coatings: Depth sensing indentation analysis
/home/sprice/coldspray_documents/documents/outputs/Article_5005/auto/Article_5005.md,Adhesion mechanism of cold-sprayed Sn coatings on carbon fiber reinforced plastics
/home/sprice/coldspray_documents/documents/outputs/Article_1402/auto/Article_1402.md,Comparison of calcium–magnesium-alumina-silicate (CMAS) resistance behavior of produced with electron beam physical vapor deposition (EB-PVD) method YSZ and $\mathrm{Gd_{2}Zr_{2}O_{7}/YSZ}$ thermal barrier coatings systems
/home/sprice/coldspray_documents/documents/outputs/Article_2726/auto/Article_2726.md,A current state of metal additive manufacturing methods: A review
/home/sprice/coldspray_documents/documents/outputs/Article_2715/auto/Article_2715.md,"Investigating the diffusion behavior in the Ti-Fe, Ni-Ti, Ti-Al, and Ni-Al binary systems during solid-state synthesis of intermetallic compounds via mechanical alloying"
/home/sprice/coldspray_documents/documents/outputs/Article_1408/auto/Article_1408.md,Microstructure and mechanical properties of 34CrNiMo6 steel repaired by laser remelting
/home/sprice/coldspray_documents/documents/outputs/Article_5011/auto/Article_5011.md,Beneficial role of the continuous powder oxide film in establishing chemical bonding at cold sprayed Al coating/PEEK substrate interface
/home/sprice/coldspray_documents/documents/outputs/Article_1651/auto/Article_1651.md,The effects of powder properties on in-flight particle velocity and deposition process during low pressure cold spray process
/home/sprice/coldspray_documents/documents/outputs/Article_1005/auto/Article_1005.md,Cold spraying on polymer-based composites: Understanding the single-particle adhesion
/home/sprice/coldspray_documents/documents/outputs/Article_5755/auto/Article_5755.md,Design and direct additive manufacturing of three-dimensional surface micro-structures using material jetting technologies
/home/sprice/coldspray_documents/documents/outputs/Article_1789/auto/Article_1789.md,Nano-dispersion strengthened and twinning-mediated CoCrNi medium entropy alloy with excellent strength and ductility prepared by laser powder bed fusion
/home/sprice/coldspray_documents/documents/outputs/Article_2315/auto/Article_2315.md,Elastic moduli and elastic anisotropy of cold sprayed metallic coatings
/home/sprice/coldspray_documents/documents/outputs/Article_2403/auto/Article_2403.md,The pre-corrosion fatigue behavior of 321 steel coated by laser additively manufactured FeCoNiCrMn high-entropy alloy
/home/sprice/coldspray_documents/documents/outputs/Article_2492/auto/Article_2492.md,Effect of a Ni interlayer on microstructure and mechanical properties of WC12Co cermet / SC45 steel friction stir welds
/home/sprice/coldspray_documents/documents/outputs/Article_1052/auto/Article_1052.md,Plasma electrolytic oxidation of cold spray kinetically metallized CNT-Al coating on AZ91-Mg alloy: Evaluation of mechanical and surficial characteristics
/home/sprice/coldspray_documents/documents/outputs/Article_3289/auto/Article_3289.md,Surface remelting treated high velocity arc sprayed FeNiCrAlBRE coating by Tungsten Inert Gas
/home/sprice/coldspray_documents/documents/outputs/Article_774/auto/Article_774.md,Bonded and additively manufactured crack retarders: A comparative study of damage tolerance properties
/home/sprice/coldspray_documents/documents/outputs/Article_5194/auto/Article_5194.md,Subject index of volume 433
/home/sprice/coldspray_documents/documents/outputs/Article_5388/auto/Article_5388.md,Review and comparison of thin and thick FGM plate theories using a unified buckling formulation
/home/sprice/coldspray_documents/documents/outputs/Article_1007/auto/Article_1007.md,A review on surface protective coating using cold spray cladding technique
/home/sprice/coldspray_documents/documents/outputs/Article_2334/auto/Article_2334.md,"Deposition of composite coatings by cold spray using stainless steel 316L, copper and Tribaloy T-700 powder mixtures"
/home/sprice/coldspray_documents/documents/outputs/Article_2629/auto/Article_2629.md,Mechanical Properties of WC/Co Coatings Prepared by Cold Spraying
/home/sprice/coldspray_documents/documents/outputs/Article_3328/auto/Article_3328.md,"Microstructure, corrosion resistance and oxidation behavior of Cr-coatings on Zircaloy-4 prepared by vacuum arc plasma deposition"
/home/sprice/coldspray_documents/documents/outputs/Article_1555/auto/Article_1555.md,Residual stresses in single particle splat of metal cold spray process – Numerical simulation and direct measurement
/home/sprice/coldspray_documents/documents/outputs/Article_5338/auto/Article_5338.md,Parameters optimization for laser-cladding CoCrFeNiMn high-entropy alloy layer based on GRNN and NSGA-II
/home/sprice/coldspray_documents/documents/outputs/Article_5065/auto/Article_5065.md,"High temperature oxidation behavior of Ti(Al,Si)3 diffusion coating on γ-TiAl by cold spray"
/home/sprice/coldspray_documents/documents/outputs/Article_2258/auto/Article_2258.md,The effects of hot forging on the preform additive manufactured 316 stainless steel parts
/home/sprice/coldspray_documents/documents/outputs/Article_882/auto/Article_882.md,Enhanced arc erosion resistance via constructing W particle network structure in cold sprayed CuCrZreW coating: Implication for electromagnetic launching system
/home/sprice/coldspray_documents/documents/outputs/Article_2278/auto/Article_2278.md,Effect of substrate surface roughness on properties of cold-sprayed copper coatings on SS316L steel
/home/sprice/coldspray_documents/documents/outputs/Article_1413/auto/Article_1413.md,Microstructure and fatigue performance of hard Al alloy repaired by supersonic laser deposition with laser shock peening treatment
/home/sprice/coldspray_documents/documents/outputs/Article_2692/auto/Article_2692.md,"The influence of building parameters on residual stress, interfacial structure, and cracking control of laser powder bed fusion processed Ti6Al4V/AlMgScZr multi-material parts"
/home/sprice/coldspray_documents/documents/outputs/Article_2152/auto/Article_2152.md,Improving Wear and Corrosion Properties of Magnesium Alloy by Cold Sprayed Nano WC-17Co Coating
/home/sprice/coldspray_documents/documents/outputs/Article_1419/auto/Article_1419.md,Influence of the deposition parameters on the tribological behavior of cold gas sprayed FeMnCrSi alloy coatings
/home/sprice/coldspray_documents/documents/outputs/Article_3442/auto/Article_3442.md,2.45 GHz microwave plasma system for high-velocity thermal spraying
/home/sprice/coldspray_documents/documents/outputs/Article_2268/auto/Article_2268.md,Solid-particle erosion of a dual-phase AlCoFeNi2 high-entropy alloy
/home/sprice/coldspray_documents/documents/outputs/Article_2413/auto/Article_2413.md,"Effect of high Fe content on the microstructure, mechanical and corrosion properties of AlCoCrFeNi high-entropy alloy coatings prepared by gas tungsten arc cladding"
/home/sprice/coldspray_documents/documents/outputs/Article_1358/auto/Article_1358.md,Laser post annealing of cold-sprayed Al/alumina–Ni composite coatings
/home/sprice/coldspray_documents/documents/outputs/Article_3446/auto/Article_3446.md,Polymer nanocomposite films and coatings for solar energy applications
/home/sprice/coldspray_documents/documents/outputs/Article_3155/auto/Article_3155.md,Nanomechanical testing of third bodies
/home/sprice/coldspray_documents/documents/outputs/Article_1625/auto/Article_1625.md,Improved strength-ductility synergy in a novel CrCoNiFe/Cu composite via metallurgical bonding interfaces
/home/sprice/coldspray_documents/documents/outputs/Article_5314/auto/Article_5314.md,The oxidation performance of plasma-sprayed NiAl bond coat: Effect of Hf addition in bond coat and substrate
/home/sprice/coldspray_documents/documents/outputs/Article_2797/auto/Article_2797.md,Early studies on Cr-Coated Zircaloy-4 as enhanced accident tolerant nuclear fuel claddings for light water reactors
/home/sprice/coldspray_documents/documents/outputs/Article_29/auto/Article_29.md,Inter-particle bonding in cold spray deposition of a gasatomised and a solution heat-treated Al 6061 powder
/home/sprice/coldspray_documents/documents/outputs/Article_5745/auto/Article_5745.md,Strontium doped calcium phosphate coatings on poly(etheretherketone) (PEEK) by pulsed electron deposition
/home/sprice/coldspray_documents/documents/outputs/Article_5456/auto/Article_5456.md,An experimental investigation on nanomechanical and nanotribological behavior of tantalum nitride coating deposited on Ti6Al7Nb alloy
/home/sprice/coldspray_documents/documents/outputs/Article_763/auto/Article_763.md,Interfacial bonding and microstructural evolution in Inconel-copper bimetallic structures fabricated by directed energy deposition-arc
/home/sprice/coldspray_documents/documents/outputs/Article_1656/auto/Article_1656.md,Alloying of cold-sprayed Al–Ni composite coatings by post-annealing
/home/sprice/coldspray_documents/documents/outputs/Article_3557/auto/Article_3557.md,Calculation and experimentation on the formation sequence of compounds at Al/Ti interface in pure Al antioxidant coatings
/home/sprice/coldspray_documents/documents/outputs/Article_3125/auto/Article_3125.md,Recent status of application of nanocarbon composite materials for electric energy storage and conversion: A mini review
/home/sprice/coldspray_documents/documents/outputs/Article_2722/auto/Article_2722.md,Powder metallurgy of titanium alloys
/home/sprice/coldspray_documents/documents/outputs/Article_5331/auto/Article_5331.md,Microstructure and wear resistance of FeAl/Al₂O₃ intermetallic composite coating prepared by atmospheric plasma spraying
/home/sprice/coldspray_documents/documents/outputs/Article_1234/auto/Article_1234.md,Nanostructured ${ \mathrm { N i } } ( { \mathrm { Z n } } ) { \mathrm { - A l } } _ { 2 } { \mathrm { O } } _ { 3 }$ cermet particle synthesis in high-energy mechanical alloying method (CG-3:IL07)
/home/sprice/coldspray_documents/documents/outputs/Article_32/auto/Article_32.md,"Effect of Cold-Spray Parameters on Surface Roughness, Thickness and Adhesion of Copper-Based Composite Coating on Aluminum Alloy 6061 T6 Substrate"
/home/sprice/coldspray_documents/documents/outputs/Article_1680/auto/Article_1680.md,Influence of thermal process parameters on the properties of material jetted CuSn8 components
/home/sprice/coldspray_documents/documents/outputs/Article_1014/auto/Article_1014.md,Effect of metal powder properties on the deposition characteristics of cold-sprayed Ti6Al4V-TiC coatings: An experimental and finite element study
/home/sprice/coldspray_documents/documents/outputs/Article_1063/auto/Article_1063.md,Effect of heat treatment on wear resistance of cold-sprayed Ti-diamond composite coating
/home/sprice/coldspray_documents/documents/outputs/Article_1435/auto/Article_1435.md,Preparation and characterization of magnesium coating deposited by cold spraying
/home/sprice/coldspray_documents/documents/outputs/Article_5302/auto/Article_5302.md,Effect of the laser-wire relative position on the wire-based laser-directed energy deposition of in-situ synthesis Ti/TiB/TiC composite coatings
/home/sprice/coldspray_documents/documents/outputs/Article_1549/auto/Article_1549.md,Study of Multi-Splat Layer Formation in the Cold Spray Process
/home/sprice/coldspray_documents/documents/outputs/Article_5239/auto/Article_5239.md,"Microstructural, mechanical and high-temperature tribological performance of Fe-based fully amorphous and amorphous/ crystalline coatings"
/home/sprice/coldspray_documents/documents/outputs/Article_3222/auto/Article_3222.md,Preparation of cBNp/NiCrAl nanostructured composite powders by a step-fashion mechanical alloying process
/home/sprice/coldspray_documents/documents/outputs/Article_5619/auto/Article_5619.md,Titanium-based photocatalytic coatings for bacterial disinfection: The shift from suspended powders to catalytic interfaces
/home/sprice/coldspray_documents/documents/outputs/Article_3423/auto/Article_3423.md,The effect of the standoff distance on the microstructure and mechanical properties of cold sprayed $\mathrm { C r } _ { 3 } \mathrm { C } _ { 2 } { \cdot } 2 5 ( \mathrm { N i } 2 0 \mathrm { C r } )$ coatings
/home/sprice/coldspray_documents/documents/outputs/Article_2304/auto/Article_2304.md,Analysis of Al₂O₃ Nano Particles and Its Deposition on Steel by Cold Spray Process
/home/sprice/coldspray_documents/documents/outputs/Article_5023/auto/Article_5023.md,Adhesion strength of titanium particles to alumina substrates: A combined cold spray and LIPIT study☆
/home/sprice/coldspray_documents/documents/outputs/Article_552/auto/Article_552.md,"Investigation of sliding wear, electrochemical corrosion, and biocompatibility of Ti-Nb alloys for biomedical applications"
/home/sprice/coldspray_documents/documents/outputs/Article_5052/auto/Article_5052.md,Electrochemical characterization and microstructure of cold sprayed AA5083/Al2O3 composite coatings
/home/sprice/coldspray_documents/documents/outputs/Article_2869/auto/Article_2869.md,Wear and corrosion behavior of clay containing coating on AM 50 magnesium alloy produced by aluminate-based plasma electrolytic oxidation
/home/sprice/coldspray_documents/documents/outputs/Article_1948/auto/Article_1948.md,Microstructure and properties of Cu−2Cr−1Nb alloy fabricated by spark plasma sintering
/home/sprice/coldspray_documents/documents/outputs/Article_1580/auto/Article_1580.md,Wear behavior of corroded Al-Al₂O₃ composite coatings prepared by cold spray
/home/sprice/coldspray_documents/documents/outputs/Article_2608/auto/Article_2608.md,Effect of heat treatment on the intermetallic layer of cold sprayed aluminum coatings on magnesium alloy
/home/sprice/coldspray_documents/documents/outputs/Article_2225/auto/Article_2225.md,Effect of Laser Remelting on Friction-Wear Behaviors of Cold Sprayed Al Coatings in 3.5% NaCl Solution
/home/sprice/coldspray_documents/documents/outputs/Article_5298/auto/Article_5298.md,DFT-assisting experimental insights into interfacial inter-diffusion of TBCs with $\mathrm { C r _ { 2 } A l C }$ as the bond coat
/home/sprice/coldspray_documents/documents/outputs/Article_1505/auto/Article_1505.md,Effect of vacuum heat treatment on tensile strength and fracture performance of cold-sprayed Cu-4Cr-2Nb coatings
/home/sprice/coldspray_documents/documents/outputs/Article_2654/auto/Article_2654.md,Corrosion behavior of steel parts repaired using additive manufacturing: Overview and research perspective
/home/sprice/coldspray_documents/documents/outputs/Article_1838/auto/Article_1838.md,Communication Effect of Ball-Milled Feedstock Powder on Microstructure and Mechanical Properties of Cu-Ni-Al-Al₂O₃ Composite Coatings by Cold Spraying
/home/sprice/coldspray_documents/documents/outputs/Article_1287/auto/Article_1287.md,Cold Spray for Repair of Magnesium Gearboxes
/home/sprice/coldspray_documents/documents/outputs/Article_5821/auto/Article_5821.md,Fluxless brazing of aluminium
/home/sprice/coldspray_documents/documents/outputs/Article_1531/auto/Article_1531.md,Influence of nanoceramic interlayer on polymer consolidation during cold-spray coating formation
/home/sprice/coldspray_documents/documents/outputs/Article_863/auto/Article_863.md,An innovative and flexible approach to fabricate Mg/Al composite plates: Cold spraying and hot rolling post-treatment
/home/sprice/coldspray_documents/documents/outputs/Article_124/auto/Article_124.md,Preparation of high-tensile-ductility and high-conductivity alumina dispersion-strengthened copper via a cold spray additive manufacturing-friction stir processing composite process
/home/sprice/coldspray_documents/documents/outputs/Article_2178/auto/Article_2178.md,"Unveiling the latest progresses in chromium-coated Zircaloy cladding ATF materials: Fabrication techniques, performance metrics, and beyond"
/home/sprice/coldspray_documents/documents/outputs/Article_2853/auto/Article_2853.md,A review on the surface topography and corrosion behavior of Mg-alloy coatings for biomedical implants
/home/sprice/coldspray_documents/documents/outputs/Article_2926/auto/Article_2926.md,1D strain rate-dependent constitutive model of UHMWPE: From crystalline network to fibrillar structure behavior
/home/sprice/coldspray_documents/documents/outputs/Article_1959/auto/Article_1959.md,Investigation of Cu coatings deposited by kinetic metallization
/home/sprice/coldspray_documents/documents/outputs/Article_130/auto/Article_130.md,MAF process for aluminum 6060: An analytical temperature modelling and chemo-mechanical analysis
/home/sprice/coldspray_documents/documents/outputs/Article_917/auto/Article_917.md,Dense and fine grained IN718 superalloy additively manufactured by cold spraying with ${ \bf N } _ { 2 }$ gas at 10 MPa
/home/sprice/coldspray_documents/documents/outputs/Article_854/auto/Article_854.md,A practical approach to fabrication of nano- ${ \mathrm { A l } } _ { 2 } { \mathrm { O } } _ { 3 }$ reinforced MMC coatings by cold spray: Characterization of nanomechanical and tribological performance
/home/sprice/coldspray_documents/documents/outputs/Article_2216/auto/Article_2216.md,Fatigue behaviour of fastener holes in high strength aluminium plates repaired by cold spray deposition
/home/sprice/coldspray_documents/documents/outputs/Article_2944/auto/Article_2944.md,Evaluation of chromium coatings deposited by standard and bipolar high-power impulse magnetron sputtering (HiPIMS & B-HiPIMS) for nuclear power applications
/home/sprice/coldspray_documents/documents/outputs/Article_1757/auto/Article_1757.md,Application of cold spray technology in design and manufacturing of complex geometries
/home/sprice/coldspray_documents/documents/outputs/Article_739/auto/Article_739.md,"Advances in wire-arc additive manufacturing of nickel-based superalloys: Heat sources, DfAM principles, material evaluation, process parameters, defect management, corrosion evaluation and post-processing techniques"
/home/sprice/coldspray_documents/documents/outputs/Article_3467/auto/Article_3467.md,Microstructure and mechanical properties of Mg-to-Al dissimilar welded joints with an Ag interlayer using ultrasonic spot welding
/home/sprice/coldspray_documents/documents/outputs/Article_1141/auto/Article_1141.md,"Dependency of deposition behavior, microstructure and properties of cold sprayed Cu on morphology and porosity of the powder"
/home/sprice/coldspray_documents/documents/outputs/Article_2959/auto/Article_2959.md,Additive manufacturing of soft magnets for electrical machinesda review
/home/sprice/coldspray_documents/documents/outputs/Article_2935/auto/Article_2935.md,Effect of Fabrication Methods on Mechanical Properties and Machining Parameters of Aluminium Matrix Composites-A Review.
/home/sprice/coldspray_documents/documents/outputs/Article_5201/auto/Article_5201.md,Atmospheric plasma-sprayed CuNiInB coatings of high fretting wear performance enabled by oxide-free metallic droplet deposition
/home/sprice/coldspray_documents/documents/outputs/Article_912/auto/Article_912.md,Review on magnesium and magnesium-based alloys as biomaterials for bone immobilization
/home/sprice/coldspray_documents/documents/outputs/Article_3211/auto/Article_3211.md,Microstructural characteristics and oxidation behavior of the modified MCrAlX coatings: A critical review
/home/sprice/coldspray_documents/documents/outputs/Article_5510/auto/Article_5510.md,Performance assessment of thick W/Cu graded interlayer for DEMO divertor target
/home/sprice/coldspray_documents/documents/outputs/Article_777/auto/Article_777.md,Characterization of different size reinforcement effects on microstructural failure mechanism in carbon nanotube-reinforced aluminum composites
/home/sprice/coldspray_documents/documents/outputs/Article_2172/auto/Article_2172.md,Multilayered WC–Co/Cu coatings by warm spray deposition
/home/sprice/coldspray_documents/documents/outputs/Article_2188/auto/Article_2188.md,Fundamental Investigation into the Effects of In-process Heat Treatment in Cold Spray
/home/sprice/coldspray_documents/documents/outputs/Article_2697/auto/Article_2697.md,Laser powder bed fusion of a Magnesium-SiC metal matrix composite
/home/sprice/coldspray_documents/documents/outputs/Article_1564/auto/Article_1564.md,Hybrid additive manufacturing of Al-Ti6Al4V functionally graded materials with selective laser melting and cold spraying
/home/sprice/coldspray_documents/documents/outputs/Article_2727/auto/Article_2727.md,Research status and quality improvement of wire arc additive manufacturing of metals
/home/sprice/coldspray_documents/documents/outputs/Article_1109/auto/Article_1109.md,Fast strength-ductility synergistically adjusting of cold spray additive manufactured Cu deposits via electric pulse processing
/home/sprice/coldspray_documents/documents/outputs/Article_3218/auto/Article_3218.md,"Vision on metal additive manufacturing: Developments, challenges and future trends"
/home/sprice/coldspray_documents/documents/outputs/Article_5622/auto/Article_5622.md,Metallurgical bond between magnesium AZ91 alloy and aluminium plasma sprayed coatings
/home/sprice/coldspray_documents/documents/outputs/Article_1497/auto/Article_1497.md,Effect of Powder Oxidation on Microstructures and Mechanical Properties of Cold-Sprayed Nickel Coatings and Improvement by Post-spray Heat Treatment
/home/sprice/coldspray_documents/documents/outputs/Article_993/auto/Article_993.md,Two laser beam modulation of microstructure and residual stress field in cold sprayed Al alloy for recovering fatigue performance
/home/sprice/coldspray_documents/documents/outputs/Article_809/auto/Article_809.md,Post fabrication thermomechanical processing of additive manufactured metals: A review
/home/sprice/coldspray_documents/documents/outputs/Article_1733/auto/Article_1733.md,Comparative Analysis of Microstructural and Mechanical Attributes in Low-Pressure Cold-Spray Coatings: Impact of Varied Cu Feedstock Powders
/home/sprice/coldspray_documents/documents/outputs/Article_302/auto/Article_302.md,The Emergence of Cold Spray as a Tool for Surface Modification
/home/sprice/coldspray_documents/documents/outputs/Article_646/auto/Article_646.md,Pure copper components fabricated by cold spray (CS) and selective laser melting (SLM) technology
/home/sprice/coldspray_documents/documents/outputs/Article_2839/auto/Article_2839.md,Electrochemical corrosion and solid particle erosion response of $\Upsilon _ { 2 } 0 _ { 3 }$ dispersed FeAl coatings deposited by detonation spray
/home/sprice/coldspray_documents/documents/outputs/Article_2355/auto/Article_2355.md,Cold-Spray Coatings Recent Trends and Future Perspectives
/home/sprice/coldspray_documents/documents/outputs/Article_3034/auto/Article_3034.md,Effect of Ball Milling of Feedstock Powder on Microstructure and Properties of TiN Particle-Reinforced Al Alloy-Based Composites Fabricated by Cold Spraying
/home/sprice/coldspray_documents/documents/outputs/Article_864/auto/Article_864.md,TITANIUM ALLOYS
/home/sprice/coldspray_documents/documents/outputs/Article_1324/auto/Article_1324.md,"Effects of eutectic silicon particles on tensile properties and fracture toughness of A356 aluminum alloys fabricated by low-pressure-casting, casting-forging, and squeeze-casting processes"
/home/sprice/coldspray_documents/documents/outputs/Article_2986/auto/Article_2986.md,A wear-resistant Al85Cu6Fe3Cr6 spray-formed quasicrystalline composite
/home/sprice/coldspray_documents/documents/outputs/Article_2680/auto/Article_2680.md,Grain refinement and its effect of polycrystalline metals during high strain rate deformation: Crystal plasticity modeling
/home/sprice/coldspray_documents/documents/outputs/Article_956/auto/Article_956.md,Microstructure evolution and mechanical properties of maraging steel 300 fabricated by cold spraying
/home/sprice/coldspray_documents/documents/outputs/Article_2134/auto/Article_2134.md,Manufacturing Oxide Dispersion-Strengthened (ODS) Steel Fuel Cladding Tubes Using the Cold Spray Process
/home/sprice/coldspray_documents/documents/outputs/Article_535/auto/Article_535.md,Combining pre-rolling with retrogression and re-aging treatment to balance strength and corrosion resistance of 7A99 Al alloy
/home/sprice/coldspray_documents/documents/outputs/Article_2455/auto/Article_2455.md,Investigation of high temperature oxidation behavior and tribological performance on cold sprayed nickel–alumina composite coating
/home/sprice/coldspray_documents/documents/outputs/Article_9/auto/Article_9.md,Quantitative Nondestructive Evaluation of Cold Spray Manufactured Aluminum Alloy 6061 and Copper Samples
/home/sprice/coldspray_documents/documents/outputs/Article_3168/auto/Article_3168.md,Highly conductive SiC ceramics containing $\mathrm{Ti}_2\mathrm{CN}$
/home/sprice/coldspray_documents/documents/outputs/Article_3640/auto/Article_3640.md,Stress corrosion cracking mechanism of cold spray coating on a galvanically similar substrate
/home/sprice/coldspray_documents/documents/outputs/Article_2891/auto/Article_2891.md,Investigation of deformation mechanism of SiC–CuNi composite thin film material nanochannels by molecular dynamics simulation
/home/sprice/coldspray_documents/documents/outputs/Article_3149/auto/Article_3149.md,Combustion of mechanically activated Ni/Al reactive composites with microstructural refinement tailored using two-step milling
/home/sprice/coldspray_documents/documents/outputs/Article_30/auto/Article_30.md,Laser Assisted Cold Spray of Aluminum Alloy 6061
/home/sprice/coldspray_documents/documents/outputs/Article_2370/auto/Article_2370.md,Key techniques in parts repair and remanufacturing based on laser cladding: A review
/home/sprice/coldspray_documents/documents/outputs/Article_813/auto/Article_813.md,Additive manufacturing in the aerospace and automotive industries: Recent trends and role in achieving sustainable development goals
/home/sprice/coldspray_documents/documents/outputs/Article_3372/auto/Article_3372.md,Nanocoatings for tribological applications
/home/sprice/coldspray_documents/documents/outputs/Article_817/auto/Article_817.md,Progression in manufacturing of functionally graded materials and impact of thermal treatment—A critical review
/home/sprice/coldspray_documents/documents/outputs/Article_2022/auto/Article_2022.md,Effect of $\mathsf { \pmb { B _ { 4 } C } }$ content on microhardness and sliding wear behavior of cold sprayed aluminum matrix coatings $\textcircled { \scriptsize { \times } }$
/home/sprice/coldspray_documents/documents/outputs/Article_3564/auto/Article_3564.md,Main Equipment
/home/sprice/coldspray_documents/documents/outputs/Article_5614/auto/Article_5614.md,Conditions and mechanisms for the bonding of a molten ceramic droplet to a substrate after high-speed impact
/home/sprice/coldspray_documents/documents/outputs/Article_2305/auto/Article_2305.md,Substrate pre-treatment by dry-ice blasting and cold spraying of titanium
/home/sprice/coldspray_documents/documents/outputs/Article_1491/auto/Article_1491.md,Effects of dendrite size on dynamic tensile deformation behavior in Zr-based amorphous alloys containing ductile dendrites
/home/sprice/coldspray_documents/documents/outputs/Article_3100/auto/Article_3100.md,Dynamic deformation mechanism in submicro-laminated copper with interlamellar graphene multilayers
/home/sprice/coldspray_documents/documents/outputs/Article_5155/auto/Article_5155.md,Alumina-graphene nanocomposite coatings fabricated by suspension high velocity oxy-fuel thermal spraying for ultra-low-wear
/home/sprice/coldspray_documents/documents/outputs/Article_3136/auto/Article_3136.md,Contents of Volume 1
/home/sprice/coldspray_documents/documents/outputs/Article_2112/auto/Article_2112.md,Development of cold spray chromium coatings for improved accident tolerant zirconium-alloy cladding
/home/sprice/coldspray_documents/documents/outputs/Article_1936/auto/Article_1936.md,Effect of process parameters on the properties of Stellite-6 coatings deposited by Cold Gas Dynamic Spray
/home/sprice/coldspray_documents/documents/outputs/Article_1355/auto/Article_1355.md,Influence of annealing treatment on microstructure and magnetic properties of cold sprayed Ni-coated FeSiAl soft magnetic composite coating
/home/sprice/coldspray_documents/documents/outputs/Article_2181/auto/Article_2181.md,Production and properties of aluminum-based composites modified with carbon nanotubes
/home/sprice/coldspray_documents/documents/outputs/Article_1421/auto/Article_1421.md,Elimination of liquid metal embrittlement cracks during arc cladding of tin bronze on steel sheet
/home/sprice/coldspray_documents/documents/outputs/Article_755/auto/Article_755.md,Tribological performance and mechanism of the titanium fiber-SiC whisker hybrid reinforced aluminum matrix composites prepared by pressure infiltration
/home/sprice/coldspray_documents/documents/outputs/Article_1813/auto/Article_1813.md,Microstructure and Properties of Nickel-Based Gradient Coatings Prepared Using Cold Spraying Combined with Laser Cladding Methods
/home/sprice/coldspray_documents/documents/outputs/Article_1808/auto/Article_1808.md,Thick Cu-hBN Coatings Using Pulsed Gas Dynamic Spray Process: Coating Formation Analysis and Characterization
/home/sprice/coldspray_documents/documents/outputs/Article_3625/auto/Article_3625.md,Substrate-dependent deposition behavior of graphite particles dry-sprayed at room temperature using a nano-particle deposition system
/home/sprice/coldspray_documents/documents/outputs/Article_818/auto/Article_818.md,Development of low-cost high entropy alloys composite coating with gradient structures on Mg alloys manufactured by supersonic solid-state cold spray
/home/sprice/coldspray_documents/documents/outputs/Article_2711/auto/Article_2711.md,Normal high velocity solid dust impacts on tiles of tokamak-relevant temperature
/home/sprice/coldspray_documents/documents/outputs/Article_5033/auto/Article_5033.md,Corrosion characteristics and wear performance of cold sprayed coatings of reinforced Al deposited onto friction stir welded AA2024-T3 joints
/home/sprice/coldspray_documents/documents/outputs/Article_821/auto/Article_821.md,Carbon fiber reinforced metal matrix composites: Fabrication processes and properties
/home/sprice/coldspray_documents/documents/outputs/Article_3196/auto/Article_3196.md,Preparation and testing of microstructure of the SPS zirconium with the addition of manganese
/home/sprice/coldspray_documents/documents/outputs/Article_2721/auto/Article_2721.md,Key technologies and research progress in robotic arc additive remanufacturing
/home/sprice/coldspray_documents/documents/outputs/Article_5449/auto/Article_5449.md,"Microstructure, reaction mechanism, and properties of in-situ submicron TiC and nano- $\mathrm { \ T i _ { x } O }$ particle-reinforced Cu-based composite coatings prepared through simultaneous solid-solid and solid-gas reactive plasma spraying"
/home/sprice/coldspray_documents/documents/outputs/Article_1869/auto/Article_1869.md,Properties of Al-Based Amorphous Coatings Prepared by Lowtemperature HVOF Spraying
/home/sprice/coldspray_documents/documents/outputs/Article_654/auto/Article_654.md,Review on titanium and titanium based alloys as biomaterials for orthopaedic applications
/home/sprice/coldspray_documents/documents/outputs/Article_5676/auto/Article_5676.md,Clinical and Radiographic Assessments of Potassium Nitrate in Polycarboxylate Versus Mineral Trioxide Aggregate as Pulp
/home/sprice/coldspray_documents/documents/outputs/Article_2361/auto/Article_2361.md,Laser Consolidation—A Rapid Manufacturing Process for Making Net-Shape Functional Components
/home/sprice/coldspray_documents/documents/outputs/Article_2311/auto/Article_2311.md,Statistically Guided Development of Laser-Assisted Cold Spray for Microstructural Control of Ti-6Al-4V
/home/sprice/coldspray_documents/documents/outputs/Article_1554/auto/Article_1554.md,Formation of interfacial compounds and the effects on stripping behaviors of a cold-sprayed Zn–Al coating on interstitial-free steel
/home/sprice/coldspray_documents/documents/outputs/Article_261/auto/Article_261.md,Heating Behavior of Cold Spray Particles in Laser
/home/sprice/coldspray_documents/documents/outputs/Article_644/auto/Article_644.md,Improvements of strength and ductility in aluminum alloy joints via rapid cooling during friction stir welding
/home/sprice/coldspray_documents/documents/outputs/Article_3562/auto/Article_3562.md,Wear performance of TiC/Fe cermet electrical discharge coatings
/home/sprice/coldspray_documents/documents/outputs/Article_1211/auto/Article_1211.md,"Abrasion, sliding wear, corrosion, and cavitation erosion characteristics of a duplex coating formed on AZ31 Mg alloy by sequential application of cold spray and plasma electrolytic oxidation techniques"
/home/sprice/coldspray_documents/documents/outputs/Article_5552/auto/Article_5552.md,Wing twist angle predictions using finite element model unit load cases
/home/sprice/coldspray_documents/documents/outputs/Article_1759/auto/Article_1759.md,Microstructure and wear resistance of cold sprayed CoCrFeNi HEA coatings: Influence of powder particle size and spraying temperature
/home/sprice/coldspray_documents/documents/outputs/Article_1199/auto/Article_1199.md,Investigation on mechanical property of annealed copper particles and cold sprayed copper coating by a micro-indentation testing
/home/sprice/coldspray_documents/documents/outputs/Article_2187/auto/Article_2187.md,Suitable Cu Leadframe Material and Design to Achieve High Reliability Requirement and Good Manufacturability
/home/sprice/coldspray_documents/documents/outputs/Article_2678/auto/Article_2678.md,"Effect of heat treatment on mechanical properties, wear and corrosion resistance of HVAF sprayed FeCoNiCrMo high-entropy alloy coating"
/home/sprice/coldspray_documents/documents/outputs/Article_2394/auto/Article_2394.md,Additive manufacturing of superconductors: Opportunities and challenges
/home/sprice/coldspray_documents/documents/outputs/Article_2210/auto/Article_2210.md,Microstructural study of plasma sprayed hydroxyapatite coatings
/home/sprice/coldspray_documents/documents/outputs/Article_6025/auto/Article_6025.md,Cold spray niobium metallization of carbon fiber reinforced thermoset composite enabled by hybrid bond layer
/home/sprice/coldspray_documents/documents/outputs/Article_1165/auto/Article_1165.md,Application of a cold spray technique to the fabrication of a copper canister for the geological disposal of CANDU spent fuels
/home/sprice/coldspray_documents/documents/outputs/Article_2683/auto/Article_2683.md,Structure and properties of detonation gun sprayed coatings from the synthesized FeAlSi/ ΔAl₂O₃ powder
/home/sprice/coldspray_documents/documents/outputs/Article_2818/auto/Article_2818.md,"Additive manufacturing materials, methods and applications: A review"
/home/sprice/coldspray_documents/documents/outputs/Article_1791/auto/Article_1791.md,Impact and adhesion mechanics of block copolymer micro-particles with a silicon substrate
/home/sprice/coldspray_documents/documents/outputs/Article_5367/auto/Article_5367.md,Comprehensive process maps to synthesize high density plasma sprayed aluminum oxide composite coatings with varying carbon nanotube content
/home/sprice/coldspray_documents/documents/outputs/Article_2649/auto/Article_2649.md,Fatigue crack propagating behavior from inner surface crack on bent sheet of ultra-high strength steel
/home/sprice/coldspray_documents/documents/outputs/Article_2750/auto/Article_2750.md,Effect of carbide ceramics and coke on the properties of dispersion strengthened aluminium-silicon7-magnesium hybrid composites
/home/sprice/coldspray_documents/documents/outputs/Article_844/auto/Article_844.md,Manufacturing Oxide Dispersion Strengthened (ODS) steel plate via cold spray and friction stir processing
/home/sprice/coldspray_documents/documents/outputs/Article_791/auto/Article_791.md,Recent advances in wear-resistant steel matrix composites: A review of reinforcement particle selection and preparation processes
/home/sprice/coldspray_documents/documents/outputs/Article_944/auto/Article_944.md,"Cold spraying of Al-5Si/ ΔAl₂O₃ composite coatings on AZ31 Mg alloy: Microstructure, adhesion strength, and tribological properties"
/home/sprice/coldspray_documents/documents/outputs/Article_2098/auto/Article_2098.md,Effect of WC-Ni Powder Composition and Preparation on Cold Spray Performance
/home/sprice/coldspray_documents/documents/outputs/Article_2577/auto/Article_2577.md,Cold Spray Fabrication of Refractory Materials for Gun Barrel Liner Applications
/home/sprice/coldspray_documents/documents/outputs/Article_5186/auto/Article_5186.md,Enhanced nucleate pool boiling on copper-diamond textured surfaces
/home/sprice/coldspray_documents/documents/outputs/Article_1295/auto/Article_1295.md,Future trends in cold spray techniques
/home/sprice/coldspray_documents/documents/outputs/Article_5557/auto/Article_5557.md,Effects of Distraction on Reducing Pain During Invasive Procedures in Children with Cancer: A Systematic Review and Meta-Analysis
/home/sprice/coldspray_documents/documents/outputs/Article_5760/auto/Article_5760.md,Introduction to unit operations and process description in the food industry
/home/sprice/coldspray_documents/documents/outputs/Article_2870/auto/Article_2870.md,Investigations of oxidation behavior and establishment of life-cycle model during the steam oxidation of Cr-coated Zry-4 at $1 2 0 0~^\circ\mathrm{C}$
/home/sprice/coldspray_documents/documents/outputs/Article_2324/auto/Article_2324.md,Interfacial Mechanical Behavior and Electrochemical Corrosion Characteristics of Cold-Sprayed and Hot-Rolled Titanium/Stainless-Steel Couples
/home/sprice/coldspray_documents/documents/outputs/Article_1469/auto/Article_1469.md,Microstructure and mechanical behavior of magnesium rare earth alloy nanocomposite fabricated by hybrid casting method
/home/sprice/coldspray_documents/documents/outputs/Article_5620/auto/Article_5620.md,Rapid attainment of full wettability through surface PEGylation of hydrophobic polyvinylidene fluoride membranes via spray-coating for enhanced anti-biofouling performances
/home/sprice/coldspray_documents/documents/outputs/Article_3584/auto/Article_3584.md,Review of pool boiling enhancement by surface modification
/home/sprice/coldspray_documents/documents/outputs/Article_2180/auto/Article_2180.md,Macroscale property assessment and indentation characteristics of thick section friction stir welded AA 5083
/home/sprice/coldspray_documents/documents/outputs/Article_2135/auto/Article_2135.md,Study on Properties of Cold-Sprayed Al-Zn Coating on S135 Drill Pipe Steel
/home/sprice/coldspray_documents/documents/outputs/Article_2499/auto/Article_2499.md,Advances in ballistic protection
/home/sprice/coldspray_documents/documents/outputs/Article_3626/auto/Article_3626.md,High densification and anti-corrosion of graphene-coated aluminum coating deposited on AZ31B magnesium by low-pressure cold spray
/home/sprice/coldspray_documents/documents/outputs/Article_5611/auto/Article_5611.md,Investigation of corrosion and wear performance of TiNbTaZr/Cr-Mo PVD coatings on 316L SS in Hanks’s solution for improved biomedical applications
/home/sprice/coldspray_documents/documents/outputs/Article_5035/auto/Article_5035.md,Enhanced corrosion resistance of cold-sprayed and shot-peened aluminum coatings on LA43M magnesium alloy
/home/sprice/coldspray_documents/documents/outputs/Article_1978/auto/Article_1978.md,A novel non-skid composite coating with higher corrosion resistance
/home/sprice/coldspray_documents/documents/outputs/Article_880/auto/Article_880.md,Repair of Inconel 718 parts by Cold Spray Additive Manufacturing: The effect of substrate preheating on thick coatings properties
/home/sprice/coldspray_documents/documents/outputs/Article_5384/auto/Article_5384.md,2020 Acta Award Recipients
/home/sprice/coldspray_documents/documents/outputs/Article_2148/auto/Article_2148.md,Depositing Al-Based Metallic Coatings onto Polymer Substrates by Cold Spray
/home/sprice/coldspray_documents/documents/outputs/Article_6047/auto/Article_6047.md,Synergistic integration of FFF and electroless plating towards a simplistic selective metallization process for electronic applications
/home/sprice/coldspray_documents/documents/outputs/Article_1003/auto/Article_1003.md,An optimisation method for the cold-spray process: On the nozzle geometry
/home/sprice/coldspray_documents/documents/outputs/Article_2769/auto/Article_2769.md,"Advancements in particle-reinforced high-entropy alloy coatings: Microstructure, mechanical properties and mechanisms"
/home/sprice/coldspray_documents/documents/outputs/Article_1929/auto/Article_1929.md,Solid-state additive manufacturing of porous Ti-6Al-4V by supersonic impact
/home/sprice/coldspray_documents/documents/outputs/Article_5371/auto/Article_5371.md,Strain rate dependence of flow stress under ultrahigh strain rate conditions: A practical estimation method based on ball impact and indentation
/home/sprice/coldspray_documents/documents/outputs/Article_2640/auto/Article_2640.md,Process optimisation of cold spray Al coating on AZ91 alloy
/home/sprice/coldspray_documents/documents/outputs/Article_3123/auto/Article_3123.md,PBF-LB of CuZn42 – Process development and material analysis
/home/sprice/coldspray_documents/documents/outputs/Article_1766/auto/Article_1766.md,Quenching behavior of high temperature Cr-coated Zr-alloy cladding during bottom reflood condition
/home/sprice/coldspray_documents/documents/outputs/Article_3208/auto/Article_3208.md,"Microstructure, deposition mechanism and tribological performance of graphene oxide reinforced Fe composite coatings by electro-brush plating technique"
/home/sprice/coldspray_documents/documents/outputs/Article_2860/auto/Article_2860.md,"Additive manufacturing of oxide-dispersion strengthened alloys: Materials, synthesis and manufacturing"
/home/sprice/coldspray_documents/documents/outputs/Article_5157/auto/Article_5157.md,Simultaneous strengthening and toughening effects in WC–(nanoWC–Co)
/home/sprice/coldspray_documents/documents/outputs/Article_981/auto/Article_981.md,Cold spray particle deposition for improved wear resistance
/home/sprice/coldspray_documents/documents/outputs/Article_591/auto/Article_591.md,"Friction stir powder additive manufacturing of Al 6061/FeCoNi and Al 6061/Ni metal matrix composites: Reinforcement distribution, microstructure, residual stresses, and mechanical properties"
/home/sprice/coldspray_documents/documents/outputs/Article_1997/auto/Article_1997.md,Computational analysis of the interfacial bonding between feed-powder particles and the substrate in the cold-gas dynamic-spray process
/home/sprice/coldspray_documents/documents/outputs/Article_5524/auto/Article_5524.md,Growth kinetics and microstructure characteristics of the Zr-Cr interlayer in a Cr-coated Zry-4 alloy exposed to high-temperature steam
/home/sprice/coldspray_documents/documents/outputs/Article_3309/auto/Article_3309.md,High temperature diffusion behavior between Ta-10W coating and CP-Ti and TC4 alloy
/home/sprice/coldspray_documents/documents/outputs/Article_3348/auto/Article_3348.md,International Journal of Condition Monitoring and Diagnostic Engineering Management
/home/sprice/coldspray_documents/documents/outputs/Article_5393/auto/Article_5393.md,Mechanistic insights into intermolecular and surface interactions for nanoscale metal–carbon-based coating heterostructures
/home/sprice/coldspray_documents/documents/outputs/Article_723/auto/Article_723.md,"The potential of Ti-6Al-7Nb, and design for manufacturing considerations in mitigating failure of hip implants in service"
/home/sprice/coldspray_documents/documents/outputs/Article_762/auto/Article_762.md,A two-decade odyssey in fusion-based additive manufacturing of titanium alloys and composites
/home/sprice/coldspray_documents/documents/outputs/Article_1157/auto/Article_1157.md,Effects of substrate heat accumulation on the cold sprayed Ni coating quality: Microstructure evolution and tribological performance
/home/sprice/coldspray_documents/documents/outputs/Article_3001/auto/Article_3001.md,An overview of recent trends and challenges of post treatments on magnesium alloys
/home/sprice/coldspray_documents/documents/outputs/Article_2855/auto/Article_2855.md,"Research on microstructure, mechanical property and wear mechanism of AlCoCrFeNi/WC composite coating fabricated by HVOF"
/home/sprice/coldspray_documents/documents/outputs/Article_3665/auto/Article_3665.md,Molecular dynamics investigation of temperature effect and surface configurations on multiple impacts plastic deformation in a palladiumcopper composite metal membrane (CMM): A cold gas dynamic spray (CGDS) process
/home/sprice/coldspray_documents/documents/outputs/Article_5721/auto/Article_5721.md,On thermal and electrical properties of multiwalled carbon nanotubes/copper matrix nanocomposites
/home/sprice/coldspray_documents/documents/outputs/Article_5084/auto/Article_5084.md,Computer simulation of cold sprayed deposition using smoothed particle hydrodynamics
/home/sprice/coldspray_documents/documents/outputs/Article_282/auto/Article_282.md,Generative adversarial network (GAN) enabled Statistically equivalent virtual microstructures (SEVM) for modeling cold spray formed bimodal polycrystals
/home/sprice/coldspray_documents/documents/outputs/Article_2027/auto/Article_2027.md,Sliding wear behavior of cold-sprayed Ni-WC composite coatings: Influence OF WC content
/home/sprice/coldspray_documents/documents/outputs/Article_148/auto/Article_148.md,Softening Behavior of Cold-Sprayed Aluminum-Based Coatings AA1200 and AA7075 During Annealing
/home/sprice/coldspray_documents/documents/outputs/Article_3580/auto/Article_3580.md,Production technique structure relationship in bioceramic-coated scaffold applications
/home/sprice/coldspray_documents/documents/outputs/Article_3272/auto/Article_3272.md,Hybrid additive manufacturing of biocompatible Ti–Ta composite structures for biomedical applications
/home/sprice/coldspray_documents/documents/outputs/Article_1135/auto/Article_1135.md,Cold sprayed superhydrophilic porous metallic coating for enhancing the critical heat flux of the pressurized water-cooled reactor vessel in nuclear power plants
/home/sprice/coldspray_documents/documents/outputs/Article_5723/auto/Article_5723.md,Enhancing flotation separation of chalcopyrite and galena by the surface synergism between sodium sulfite and sodium lignosulfonate
/home/sprice/coldspray_documents/documents/outputs/Article_2924/auto/Article_2924.md,Enhancing surface chemistry and wetting behavior of laser-modified Ti–6Al–4V surgical titanium alloy surfaces through wet deposition of biogenic hydroxyapatite
/home/sprice/coldspray_documents/documents/outputs/Article_3143/auto/Article_3143.md,Uncertainty analysis of ATF Cr-coated-Zircaloy on BWR in-vessel accident progression during a station blackout
/home/sprice/coldspray_documents/documents/outputs/Article_3148/auto/Article_3148.md,Flame spraying of Al/Fe3Al-Fe3AlCx composites powders obtained by vertical ball milling
/home/sprice/coldspray_documents/documents/outputs/Article_2184/auto/Article_2184.md,"A comprehensive review on advances in high entropy alloys: Fabrication and surface modification methods, properties, applications, and future prospects"
/home/sprice/coldspray_documents/documents/outputs/Article_2218/auto/Article_2218.md,Investigation on the cold rolling and structuring of cold sprayed copper-coated steel sheets
/home/sprice/coldspray_documents/documents/outputs/Article_5188/auto/Article_5188.md,A Review of Additive Manufacturing Post-Treatment Techniques for Surface Quality Enhancement
/home/sprice/coldspray_documents/documents/outputs/Article_778/auto/Article_778.md,Multi-scaled heterostructure enables superior strength–ductility combination of a CoCrFeMnN compositionally-complex alloy
/home/sprice/coldspray_documents/documents/outputs/Article_563/auto/Article_563.md,"Sheet-based friction stir additive manufactured 6061 aluminium alloy: Microstructure, texture evolution and mechanical properties"
/home/sprice/coldspray_documents/documents/outputs/Article_2410/auto/Article_2410.md,"A comprehensive review on laser powder bed fusion of steels: Processing, microstructure, defects and control methods, mechanical properties, current challenges and future trends"
/home/sprice/coldspray_documents/documents/outputs/Article_2854/auto/Article_2854.md,A critical review on thermal spray based manufacturing technologies
/home/sprice/coldspray_documents/documents/outputs/Article_5570/auto/Article_5570.md,Microstructure characterization and mechanical properties of Albased coating on magnesium alloy prepared by Supersonic Particles Deposition
/home/sprice/coldspray_documents/documents/outputs/Article_5177/auto/Article_5177.md,Deposition mechanism of dry sprayed ceramic particles at room temperature using a nano-particle deposition system
/home/sprice/coldspray_documents/documents/outputs/Article_5160/auto/Article_5160.md,Introduction
/home/sprice/coldspray_documents/documents/outputs/Article_843/auto/Article_843.md,Production of Refractory Metal Powders
/home/sprice/coldspray_documents/documents/outputs/Article_5218/auto/Article_5218.md,Review of advances and challenges in machining of metal matrix composites
/home/sprice/coldspray_documents/documents/outputs/Article_62/auto/Article_62.md,Modelling the anisotropic fracture behaviour of cold spray additive manufactured 6061 aluminium alloy deposits based on the phase field method
/home/sprice/coldspray_documents/documents/outputs/Article_3570/auto/Article_3570.md,Nanostructured Ni(Zn)-Al2O3 cermet particle synthesis in high-energy mechanical alloying method (CG-3:IL07)
/home/sprice/coldspray_documents/documents/outputs/Article_607/auto/Article_607.md,Influence of inter-splat bonding state of cold sprayed IN625 and IN718 coatings on mechanical and corrosion performance
/home/sprice/coldspray_documents/documents/outputs/Article_1220/auto/Article_1220.md,"Crack growth in conventionally manufactured pure nickel, titanium and aluminum and the cold spray additively manufactured equivalents"
/home/sprice/coldspray_documents/documents/outputs/Article_5231/auto/Article_5231.md,Ultrasonic shot peening (USSP) post-treatment of Ni laser cladding on mild steel
/home/sprice/coldspray_documents/documents/outputs/Article_2923/auto/Article_2923.md,Effect of ball milling process on the mechanical and thermal properties of the nanodiamond/2024Al composites
/home/sprice/coldspray_documents/documents/outputs/Article_3435/auto/Article_3435.md,Development and application of self-healing materials in smart batteries and supercapacitors
/home/sprice/coldspray_documents/documents/outputs/Article_3031/auto/Article_3031.md,"Deposition efficiency, mechanical properties and coating roughness in cold-sprayed titanium"
/home/sprice/coldspray_documents/documents/outputs/Article_2616/auto/Article_2616.md,Influence of oxide chemistry of feedstock on cold sprayed Cu coatings
/home/sprice/coldspray_documents/documents/outputs/Article_731/auto/Article_731.md,Effect of deformation amount on microstructure and properties of spray formed Al-12.3Zn-2.2Mg-1.5Cu alloy with secondary aging
/home/sprice/coldspray_documents/documents/outputs/Article_3670/auto/Article_3670.md,Effect of electroplated interlayers on bonding mechanism of cold-sprayed copper on SS316L steel substrate
/home/sprice/coldspray_documents/documents/outputs/Article_1228/auto/Article_1228.md,Simulation of cold spray coating for powder pre-heat and impact velocity
/home/sprice/coldspray_documents/documents/outputs/Article_3453/auto/Article_3453.md,ICM11 Foreword
/home/sprice/coldspray_documents/documents/outputs/Article_5509/auto/Article_5509.md,Enhancement of oxidation resistance in Al0.7CrFeCoNi high-entropy coating through gradient composition design for $1 2 0 0 ^ { \circ } \mathrm { C }$ applications
/home/sprice/coldspray_documents/documents/outputs/Article_5603/auto/Article_5603.md,Tuning the microstructure and mechanical properties in nanocrystalline Cr coatings by sputtering power
/home/sprice/coldspray_documents/documents/outputs/Article_2196/auto/Article_2196.md,"A state-of-the-art review on SiC and MWCNTs reinforced hybrid metal matrix composites: Processing, properties, and applications"
/home/sprice/coldspray_documents/documents/outputs/Article_1377/auto/Article_1377.md,The influence of ultrasonic shot peening on the microstructure and mechanical properties of the ultra-lightweight LA103Z alloy
/home/sprice/coldspray_documents/documents/outputs/Article_830/auto/Article_830.md,A review of reinforcements and process parameters for powder metallurgy-processed metal matrix composites
/home/sprice/coldspray_documents/documents/outputs/Article_2256/auto/Article_2256.md,Powder Development and Qualification for High-Performance Cold Spray Copper Coatings on Steel Substrates
/home/sprice/coldspray_documents/documents/outputs/Article_1332/auto/Article_1332.md,Exploring the bonding mechanism in cold spray deposition of engineered graphene nanoplates-Ni nanocomposite powder
/home/sprice/coldspray_documents/documents/outputs/Article_5250/auto/Article_5250.md,"Microstructure, mechanical and thermo-physical properties of Al/Al−27%Si laminated composites"
/home/sprice/coldspray_documents/documents/outputs/Article_2351/auto/Article_2351.md,Mechanical and Microstructural Behavior of Cold-Sprayed Titanium- and Nickel-Based Coatings
/home/sprice/coldspray_documents/documents/outputs/Article_1050/auto/Article_1050.md,3D modelling of the deposit profile in cold spray additive manufacturing
/home/sprice/coldspray_documents/documents/outputs/Article_3455/auto/Article_3455.md,"A review of “3D concrete printing”: Materials and process characterization, economic considerations and environmental sustainability"
/home/sprice/coldspray_documents/documents/outputs/Article_3025/auto/Article_3025.md,Characterization of microstructure and properties of nanostructured Fe-Al/WC intermetallic composite coating deposited by cold spraying
/home/sprice/coldspray_documents/documents/outputs/Article_3119/auto/Article_3119.md,"Wearable heater composites comprising traditional Hanji cellulose fibers coated with graphene, silver nanowires, and PEDOT:PSS via scalable supersonic spraying"
/home/sprice/coldspray_documents/documents/outputs/Article_2367/auto/Article_2367.md,Additive manufacturing of functionally graded materials: A review
/home/sprice/coldspray_documents/documents/outputs/Article_2030/auto/Article_2030.md,Laser Applications in Surface Modification
/home/sprice/coldspray_documents/documents/outputs/Article_1688/auto/Article_1688.md,Effect of laser power on microstructure and properties of laser assisted cold sprayed copper coatings on steel
/home/sprice/coldspray_documents/documents/outputs/Article_2418/auto/Article_2418.md,High-resolution metal 3D printing via digital light processing
/home/sprice/coldspray_documents/documents/outputs/Article_1649/auto/Article_1649.md,Cold spray deposition of a WC-25Co cermet onto Al7075-T6 and carbon steel substrates
/home/sprice/coldspray_documents/documents/outputs/Article_2920/auto/Article_2920.md,Joule heating fabrics
/home/sprice/coldspray_documents/documents/outputs/Article_5746/auto/Article_5746.md,Interfacial insights into 3D plasmonic multijunction nanoarchitecture toward efficient photocatalytic performance
/home/sprice/coldspray_documents/documents/outputs/Article_2399/auto/Article_2399.md,Mechanical and morphological analysis of laser transmission welded dissimilar plastics using metal absorber
/home/sprice/coldspray_documents/documents/outputs/Article_1596/auto/Article_1596.md,Effect of Post-Deposition Solution Treatment and Ageing on Improving Interfacial Adhesion Strength of Cold Sprayed Ti6Al4V Coatings
/home/sprice/coldspray_documents/documents/outputs/Article_3472/auto/Article_3472.md,Comparison of Stellite coatings on low carbon steel produced by CGS and HVOF spraying
/home/sprice/coldspray_documents/documents/outputs/Article_2776/auto/Article_2776.md,Research and application of machine learning for additive manufacturing
/home/sprice/coldspray_documents/documents/outputs/Article_2167/auto/Article_2167.md,Friction stir powder additive manufacturing of Al 6061 alloy: Enhancing microstructure and mechanical properties by reducing thermal gradient
/home/sprice/coldspray_documents/documents/outputs/Article_2529/auto/Article_2529.md,A systematic review of additive manufacturing-based remanufacturing techniques for component repair and restoration
/home/sprice/coldspray_documents/documents/outputs/Article_1956/auto/Article_1956.md,"Mechanical and thermal properties of stainless steel parts, manufactured by various technologies, in relation to their microstructure"
/home/sprice/coldspray_documents/documents/outputs/Article_964/auto/Article_964.md,Bonding probabilities in cold spray deposition of composite blends
/home/sprice/coldspray_documents/documents/outputs/Article_2264/auto/Article_2264.md,Coating developments towards enabling aluminum as a bipolar plate material for PEM fuel cells
/home/sprice/coldspray_documents/documents/outputs/Article_2063/auto/Article_2063.md,Influence of preliminary heat treatment and ball milling of copper powder on cold spray process
/home/sprice/coldspray_documents/documents/outputs/Article_1151/auto/Article_1151.md,Cold sprayed metal-ceramic coatings using satellited powders
/home/sprice/coldspray_documents/documents/outputs/Article_640/auto/Article_640.md,Cold spray additive manufacturing and repair: Fundamentals and applications
/home/sprice/coldspray_documents/documents/outputs/Article_886/auto/Article_886.md,Formative manufacturing of heterogeneous composite plates: a review
/home/sprice/coldspray_documents/documents/outputs/Article_951/auto/Article_951.md,"Influence of hot isostatic pressing on the properties of 316L stainless steel, Al-Mg-Sc-Zr alloy, titanium and Ti6Al4V cold spray deposits"
/home/sprice/coldspray_documents/documents/outputs/Article_1111/auto/Article_1111.md,Cold sprayed Cu/Invar alloy composite
/home/sprice/coldspray_documents/documents/outputs/Article_2170/auto/Article_2170.md,Introduction to Supersonic Particle Deposition
/home/sprice/coldspray_documents/documents/outputs/Article_2894/auto/Article_2894.md,Antimicrobial and drug delivery aspect of environment-friendly polymer nanocomposites
/home/sprice/coldspray_documents/documents/outputs/Article_6125/auto/Article_6125.md,Rapid formation of titanium nitride coating by atmospheric-controlled induction-heating fine particle peening and investigation of its wear and corrosion resistance
/home/sprice/coldspray_documents/documents/outputs/Article_2301/auto/Article_2301.md,Aluminium to steel resistance spot welding with cold sprayed interlayer
/home/sprice/coldspray_documents/documents/outputs/Article_2238/auto/Article_2238.md,Investigations on mechanical and surface properties of friction stir welded dissimilar joints of 2507 SDSS and 317L ASS
/home/sprice/coldspray_documents/documents/outputs/Article_5693/auto/Article_5693.md,Formation of Ti-Al intermetallics on a surface of titanium by non-vacuum electron beam treatment
/home/sprice/coldspray_documents/documents/outputs/Article_2562/auto/Article_2562.md,Status of European reduced activation ferritic/martensitic steel EUROFER97
/home/sprice/coldspray_documents/documents/outputs/Article_1429/auto/Article_1429.md,Micro-Nanostructured Cermet Coatings
/home/sprice/coldspray_documents/documents/outputs/Article_3067/auto/Article_3067.md,Microstructural characteristics of cold-sprayed nanostructured WC–Co coatings
/home/sprice/coldspray_documents/documents/outputs/Article_1899/auto/Article_1899.md,Long-term oxidation behavior of silicon-aluminizing coating with an in-situ formed Ti5Si3 diffusion barrier on γ-TiAl alloy
/home/sprice/coldspray_documents/documents/outputs/Article_5506/auto/Article_5506.md,Effect of laser cladding speed on microstructure and properties of titanium alloy coating on low carbon steel
/home/sprice/coldspray_documents/documents/outputs/Article_5669/auto/Article_5669.md,Discrete element method simulations of mechanical plating of composite coatings on aluminum substrates
/home/sprice/coldspray_documents/documents/outputs/Article_2084/auto/Article_2084.md,COLD SPRAY DEPOSITION OF COMPOSITE COPPER-TUNGSTEN COATINGS
/home/sprice/coldspray_documents/documents/outputs/Article_2858/auto/Article_2858.md,High-temperature mechanical and thermochemical properties of NbMoTaW refractory high-entropy alloy coatings produced via Nano Particle Deposition System (NPDS)
/home/sprice/coldspray_documents/documents/outputs/Article_3605/auto/Article_3605.md,Fatigue Strength of Wire Arc Additive Manufactured Nano-Particle Enhanced AA7075 Material
/home/sprice/coldspray_documents/documents/outputs/Article_5807/auto/Article_5807.md,Radiofrequency electromagnetic radiation from cell phone causes defective testicular function in male Wistar rats
/home/sprice/coldspray_documents/documents/outputs/Article_3066/auto/Article_3066.md,Magnesium Repair by Cold Spray
/home/sprice/coldspray_documents/documents/outputs/Article_1710/auto/Article_1710.md,Adhesion of titanium coatings applied by cold spraying on selected metal substrates
/home/sprice/coldspray_documents/documents/outputs/Article_1587/auto/Article_1587.md,"Review Advancements in Cold Spray Additive Manufacturing: Process, Materials, Optimization, Applications, and Challenges"
/home/sprice/coldspray_documents/documents/outputs/Article_1896/auto/Article_1896.md,Behavior of an improved Zr fuel cladding with oxidation resistant coating under loss-of-coolant accident conditions
/home/sprice/coldspray_documents/documents/outputs/Article_1468/auto/Article_1468.md,Multifunctional cold-sprayed coatings as micro/nanobiointerfaces for biomedical applications
/home/sprice/coldspray_documents/documents/outputs/Article_5332/auto/Article_5332.md,Brazing Zircaloy-4 to $\mathrm{Ti}_3\mathrm{AlC}_2$ using Ti–Zr–Cu–Ni amorphous alloys: Microstructural evolution and mechanical properties
/home/sprice/coldspray_documents/documents/outputs/Article_2611/auto/Article_2611.md,Deposition Behavior and Characteristics of Cold-Sprayed Cu-Cr Composite Deposits
/home/sprice/coldspray_documents/documents/outputs/Article_3404/auto/Article_3404.md,Microstructure and lifetime of Hf or Zr doped sputtered NiAlCr bond coat/ 7YSZ EB-PVD TBC systems
/home/sprice/coldspray_documents/documents/outputs/Article_2804/auto/Article_2804.md,Additive manufacturing of magnetic materials
/home/sprice/coldspray_documents/documents/outputs/Article_1314/auto/Article_1314.md,Metallization of ceramic coatings: Effect of cold gas spray parameters and roughness of the ceramic substrate on metallic layer properties
/home/sprice/coldspray_documents/documents/outputs/Article_3546/auto/Article_3546.md,Microwave assisted coating of bioactive amorphous magnesium phosphate (AMP) on polyetheretherketone (PEEK)
/home/sprice/coldspray_documents/documents/outputs/Article_1490/auto/Article_1490.md,Mechanical and Microstructural Characterization of Cold-Sprayed Ti-6Al-4V After Heat Treatment
/home/sprice/coldspray_documents/documents/outputs/Article_1227/auto/Article_1227.md,Microstructuring of steel surfaces via cold spraying with 316L particles for studying the particle-wall collision behavior
/home/sprice/coldspray_documents/documents/outputs/Article_3367/auto/Article_3367.md,Submicron α-Fe/polyamide composite absorber coating by low temperature high velocity air fuel spray technique
/home/sprice/coldspray_documents/documents/outputs/Article_2875/auto/Article_2875.md,Exploring equilibrium conditions in liquid metal dealloying of powders by in situ synchrotron X-ray diffraction
/home/sprice/coldspray_documents/documents/outputs/Article_5217/auto/Article_5217.md,A
/home/sprice/coldspray_documents/documents/outputs/Article_5241/auto/Article_5241.md,Tailoring the microstructures of thermal barrier coatings by atmospheric plasma spray
/home/sprice/coldspray_documents/documents/outputs/Article_1987/auto/Article_1987.md,Deformation and damage mechanisms of multiwalled carbon nanotubes under high-velocity impact
/home/sprice/coldspray_documents/documents/outputs/Article_5490/auto/Article_5490.md,Influence of triangular texture composite MAO coating on the tribological properties of aluminum alloys
/home/sprice/coldspray_documents/documents/outputs/Article_3330/auto/Article_3330.md,Corrosion behavior of AA5083 produced by high-energy ball milling
/home/sprice/coldspray_documents/documents/outputs/Article_1674/auto/Article_1674.md,Microstructural dependence of spallation in kinetic and plasma sprayed refractory metal deposits Ⓧ
/home/sprice/coldspray_documents/documents/outputs/Article_1415/auto/Article_1415.md,Influence of nickel-plating on laser weldability of aluminium busbars for lithium-ion battery interconnects
/home/sprice/coldspray_documents/documents/outputs/Article_3577/auto/Article_3577.md,Additive friction stir deposition of Fe-Cr-Ni transformative alloy
/home/sprice/coldspray_documents/documents/outputs/Article_128/auto/Article_128.md,Study on temperature and hardness behaviors of Al-6060 alloy during magnetic abrasive finishing process using artificial neural networks
/home/sprice/coldspray_documents/documents/outputs/Article_5327/auto/Article_5327.md,Pre-treatment of Selective Laser Melting (SLM) surfaces for thermal spray coating
/home/sprice/coldspray_documents/documents/outputs/Article_1918/auto/Article_1918.md,Advances in additive manufacturing of SiC/Al composites: A review
/home/sprice/coldspray_documents/documents/outputs/Article_3495/auto/Article_3495.md,Nuclear waste canister materials: 13 corrosion behavior and long-term performance in geological repository systems
/home/sprice/coldspray_documents/documents/outputs/Article_5407/auto/Article_5407.md,An investigation on the effect of heat input to wear behavior and corrosion-cavitation erosion mechanism of Hastelloy C-276 coating by cold metal transfer
/home/sprice/coldspray_documents/documents/outputs/Article_2087/auto/Article_2087.md,Experimental and Numerical Investigations of Titanium Deposition for Cold Spray Additive Manufacturing as a Function of Standoff Distance
/home/sprice/coldspray_documents/documents/outputs/Article_5408/auto/Article_5408.md,Improvement of high velocity oxy-fuel spray coatings by thermal posttreatments: A critical review
/home/sprice/coldspray_documents/documents/outputs/Article_2643/auto/Article_2643.md,Development of quasicrystal morphology in gas-atomized icosahedral-phase-strengthened aluminum alloy powders
/home/sprice/coldspray_documents/documents/outputs/Article_5516/auto/Article_5516.md,Microstructure and energy release properties of W-Zr-Al energetic structural material fabricated by explosive consolidation
/home/sprice/coldspray_documents/documents/outputs/Article_2745/auto/Article_2745.md,9.03 Cold spray additive manufacturing
/home/sprice/coldspray_documents/documents/outputs/Article_612/auto/Article_612.md,"Microstructures, wear resistance and corrosion resistance of CoCrFeNi high entropy alloys coating on AZ91 Mg alloy prepared by cold spray"
/home/sprice/coldspray_documents/documents/outputs/Article_5630/auto/Article_5630.md,Laser cycling and thermal cycling exposure of thermal barrier coatings on copper substrates
/home/sprice/coldspray_documents/documents/outputs/Article_287/auto/Article_287.md,Artificial Neural Networks Approach for Hardness Prediction of Copper Cold Spray Laser Heat Treated Coatings
/home/sprice/coldspray_documents/documents/outputs/Article_2350/auto/Article_2350.md,Strengthening mechanism and metal/ceramic bonding interface of cold sprayed TiNp/Al5356 deposits
/home/sprice/coldspray_documents/documents/outputs/Article_5043/auto/Article_5043.md,A Brief Review on Cold Spray Coating Process
/home/sprice/coldspray_documents/documents/outputs/Article_814/auto/Article_814.md,Electrochemical corrosion characteristics of friction stir-reacted aluminum matrix hybrid nanocomposites
/home/sprice/coldspray_documents/documents/outputs/Article_5124/auto/Article_5124.md,Modified tensile adhesion test for evaluation of interfacial toughness of HVOF sprayed coatings
/home/sprice/coldspray_documents/documents/outputs/Article_5587/auto/Article_5587.md,Enhancement of electrical conductivity and corrosion resistance by silver shell-copper core coating of additively manufactured AlSi10Mg alloy
/home/sprice/coldspray_documents/documents/outputs/Article_1278/auto/Article_1278.md,Microstructuring of titanium surfaces with plasma-modified titanium particles by cold spraying
/home/sprice/coldspray_documents/documents/outputs/Article_3439/auto/Article_3439.md,In-situ $\mathsf { S i } _ { \mathrm { p } } / \mathsf { A } 3 8 0$ alloy nano/micro composite formation through cold spray additive manufacturing and subsequent hot rolling treatment: Microstructure and mechanical properties
/home/sprice/coldspray_documents/documents/outputs/Article_2004/auto/Article_2004.md,In-situ observation of twinning and grain rotation assisted deformation in wire-arc direct energy deposited (WDED) single phase titanium
/home/sprice/coldspray_documents/documents/outputs/Article_1066/auto/Article_1066.md,Deposition and fabrication of biomaterials using cold spray technique: A review on the application of biomedical-implants
/home/sprice/coldspray_documents/documents/outputs/Article_2048/auto/Article_2048.md,Mechanical and Fatigue Properties of Diamond-Reinforced Cu and Al Metal Matrix Composites Prepared by Cold Spray
/home/sprice/coldspray_documents/documents/outputs/Article_1590/auto/Article_1590.md,Mechanical Property Mapping of Cold Sprayed Ti Splats and Coatings
/home/sprice/coldspray_documents/documents/outputs/Article_5107/auto/Article_5107.md,Effect of WC on the residual stress in the laser treated HVOF coating
/home/sprice/coldspray_documents/documents/outputs/Article_1816/auto/Article_1816.md,Characterizations the deposition behavior and mechanical properties of detonation sprayed Fe-based amorphous coatings
/home/sprice/coldspray_documents/documents/outputs/Article_3378/auto/Article_3378.md,"Additive manufacturing in automotive and aerospace technologies: advancements, applications, and case studies"
/home/sprice/coldspray_documents/documents/outputs/Article_3074/auto/Article_3074.md,Characterization of micro grinding tools using optical profilometry
/home/sprice/coldspray_documents/documents/outputs/Article_5724/auto/Article_5724.md,In situ coating of low carbon steel with Ni\ Al\ Fe powder mixture via mechanical alloying
/home/sprice/coldspray_documents/documents/outputs/Article_811/auto/Article_811.md,Recent advancements in hybrid additive manufacturing of similar and dissimilar metals via laser powder bed fusion
/home/sprice/coldspray_documents/documents/outputs/Article_1129/auto/Article_1129.md,Generalised bonding criteria in cold spraying: Revisiting the influence of in-flight powder temperature
/home/sprice/coldspray_documents/documents/outputs/Article_5260/auto/Article_5260.md,Ultrahigh cavitation erosion resistant metal-matrix composites with biomimetic hierarchical structure
/home/sprice/coldspray_documents/documents/outputs/Article_2955/auto/Article_2955.md,Tribology and corrosion barriers of ${ \mathsf { W S } _ { 2 } } / { \mathsf { M o S } _ { 2 } } / { h }$-BN: Application in Ni-based coatings and simulated studies
/home/sprice/coldspray_documents/documents/outputs/Article_6092/auto/Article_6092.md,A sustainable and palladium-free approach for ABS surface metallization using low-temperature plasma technology
/home/sprice/coldspray_documents/documents/outputs/Article_641/auto/Article_641.md,Number of Passes and Thickness Effect on Mechanical Characteristics of Cold Spray Coating
/home/sprice/coldspray_documents/documents/outputs/Article_163/auto/Article_163.md,Effects of processing on microstructure evolution and fatigue crack growth mechanisms in cold-spray 6061 aluminum alloy
/home/sprice/coldspray_documents/documents/outputs/Article_5175/auto/Article_5175.md,Dissolution behaviour of WC particles and evolution of precipitated phases in the plasma transfer arc Ni-based composite coating reinforced by 30 wt % WC particles
/home/sprice/coldspray_documents/documents/outputs/Article_1764/auto/Article_1764.md,Cold gas dynamic additive spraying of functionally graded Cu matrix composites reinforced by high entropy oxides
/home/sprice/coldspray_documents/documents/outputs/Article_5645/auto/Article_5645.md,Developing high intensity ultrasonic cleaning (HIUC) for post-processing additively manufactured metal components
/home/sprice/coldspray_documents/documents/outputs/Article_721/auto/Article_721.md,Enhanced deep drawing formability and deformation mechanism of aluminum alloy at cryogenic temperature
/home/sprice/coldspray_documents/documents/outputs/Article_1476/auto/Article_1476.md,Improvement of tensile strength of cold sprayed Fe deposits via in-process powder preheating
/home/sprice/coldspray_documents/documents/outputs/Article_123/auto/Article_123.md,Modification of cold-sprayed high-entropy alloy particles reinforced aluminum matrix composites via friction stir processing
/home/sprice/coldspray_documents/documents/outputs/Article_5291/auto/Article_5291.md,Archives of Civil and Mechanical Engineering
/home/sprice/coldspray_documents/documents/outputs/Article_5748/auto/Article_5748.md,Measurement of particle velocity and characterization of deposition in aluminum alloy kinetic spraying process
/home/sprice/coldspray_documents/documents/outputs/Article_5559/auto/Article_5559.md,MS&T – the latest in metal powder research
/home/sprice/coldspray_documents/documents/outputs/Article_259/auto/Article_259.md,Some aspects on 3D numerical modeling of high velocity impact of particles in cold spraying by explicit finite element analysis
/home/sprice/coldspray_documents/documents/outputs/Article_1223/auto/Article_1223.md,Deposition and characterization of cold sprayed nanocrystalline NiTi
/home/sprice/coldspray_documents/documents/outputs/Article_1650/auto/Article_1650.md,Understanding deposition mechanism in cold sprayed ultra high molecular weight polyethylene coatings on metals by isolated particle deposition method
/home/sprice/coldspray_documents/documents/outputs/Article_746/auto/Article_746.md,Additive manufacturing of Invar 36 alloy
/home/sprice/coldspray_documents/documents/outputs/Article_876/auto/Article_876.md,Materials selection
/home/sprice/coldspray_documents/documents/outputs/Article_5422/auto/Article_5422.md,Atmospheric plasma sprayed silica–hydroxyapatite coatings on magnesium alloy substrates
/home/sprice/coldspray_documents/documents/outputs/Article_3528/auto/Article_3528.md,Ceramic coatings for wound healing applications
/home/sprice/coldspray_documents/documents/outputs/Article_61/auto/Article_61.md,"Factors governing static properties and fatigue, fatigue crack growth, and fracture mechanisms in cold spray alloys and coatings/repairs: A review"
/home/sprice/coldspray_documents/documents/outputs/Article_2036/auto/Article_2036.md,Mechanical and corrosion resistance of cold sprayed zinc (CSZ) nano composite coating enhanced by $\mathrm { S i O } _ { 2 }$ -GO hybrid material
/home/sprice/coldspray_documents/documents/outputs/Article_1360/auto/Article_1360.md,Laser-induced damage in cold-sprayed composite coatings
/home/sprice/coldspray_documents/documents/outputs/Article_5638/auto/Article_5638.md,Fast neutron surface strain scanning with high spatial resolution
/home/sprice/coldspray_documents/documents/outputs/Article_6009/auto/Article_6009.md,Effect of particle deposition location on interface bonding during cold spraying
/home/sprice/coldspray_documents/documents/outputs/Article_2632/auto/Article_2632.md,"Fracture and Fatigue, Volume 7"
/home/sprice/coldspray_documents/documents/outputs/Article_544/auto/Article_544.md,Cold spray deposition for additive manufacturing of freeform structural components compared to selective laser melting
/home/sprice/coldspray_documents/documents/outputs/Article_757/auto/Article_757.md,Effect of accelerating gas temperature on microstructure and properties of cold sprayed Al coating on polyether ether ketone (PEEK)
/home/sprice/coldspray_documents/documents/outputs/Article_1943/auto/Article_1943.md,Towards integrated anti-microbial capabilities: Novel bio-fouling resistant membranes by high velocity embedment of silver particles
/home/sprice/coldspray_documents/documents/outputs/Article_2622/auto/Article_2622.md,Effect of heat treatment on microstructure and mechanical properties of cold sprayed Ti coatings with relatively large powder particles
/home/sprice/coldspray_documents/documents/outputs/Article_2585/auto/Article_2585.md,23rd International Conference on High Pressure Science and Technology (AIRAPT-23)
/home/sprice/coldspray_documents/documents/outputs/Article_1684/auto/Article_1684.md,Microstructure optimization of cold sprayed M2052 alloy using post-processing heat treatment for tailoring damping capacity
/home/sprice/coldspray_documents/documents/outputs/Article_1940/auto/Article_1940.md,Study on the microstructure evolution performance improvement of Invar alloy repaired by laser cladding Aermet100 ultra-high strength steel
/home/sprice/coldspray_documents/documents/outputs/Article_2482/auto/Article_2482.md,Nanofunctionalized 3D printing
/home/sprice/coldspray_documents/documents/outputs/Article_1212/auto/Article_1212.md,"Significant influence of particle surface oxidation on deposition efficiency, interface microstructure and adhesive strength of cold-sprayed copper coatings"
/home/sprice/coldspray_documents/documents/outputs/Article_3614/auto/Article_3614.md,Understanding the Tribocorrosion Synergism of Laser Shock Peened Steel Depo
/home/sprice/coldspray_documents/documents/outputs/Article_2723/auto/Article_2723.md,Status and progress on fabricating automotive-based aluminium metal matrix composites using FSP technique
/home/sprice/coldspray_documents/documents/outputs/Article_1711/auto/Article_1711.md,Preparation of Cold Sprayed Titanium TA2 Coating by Irregular Powder and Evaluation of Its Corrosion Resistance
/home/sprice/coldspray_documents/documents/outputs/Article_1230/auto/Article_1230.md,Manufacturing and properties characterization of Ti patterned coatings for water electrolyzers by CSAM
/home/sprice/coldspray_documents/documents/outputs/Article_1131/auto/Article_1131.md,Effect of carrier gas species on the microstructure and compressive deformation behaviors of ultra-strong pure copper manufactured by cold spray additive manufacturing
/home/sprice/coldspray_documents/documents/outputs/Article_3264/auto/Article_3264.md,Probing the oxidation behavior of Ti2AlC MAX phase powders between 200 and 1000 °C
/home/sprice/coldspray_documents/documents/outputs/Article_1785/auto/Article_1785.md,Correlation between ${ \bf A l } _ { 2 } { \bf O } _ { 3 }$ particles and interface of $\mathrm { A l - A l } _ { 2 } \mathrm { O } _ { 3 }$ coatings by cold spray
/home/sprice/coldspray_documents/documents/outputs/Article_3473/auto/Article_3473.md,Polymer nanocomposite films and coatings for biomedical applications
/home/sprice/coldspray_documents/documents/outputs/Article_849/auto/Article_849.md,"A critical review on solid-state welding of high entropy alloyse processing, microstructural characteristics and mechanical properties of joints"
/home/sprice/coldspray_documents/documents/outputs/Article_5661/auto/Article_5661.md,Photocatalytic evaluation of ATO/TiO2 heterojunction films fabricated by a nanoparticle deposition system
/home/sprice/coldspray_documents/documents/outputs/Article_2956/auto/Article_2956.md,Microstructure and mechanical characterization of NiCrBSi alloy and NiCrBSi-WC composite coatings produced by flame spraying
/home/sprice/coldspray_documents/documents/outputs/Article_2717/auto/Article_2717.md,High-temperature oxidation of accident tolerant Cr-coated Zr alloy cladding: Model development and validation
/home/sprice/coldspray_documents/documents/outputs/Article_3466/auto/Article_3466.md,Enhanced antifouling capability of PDMS/Cu2O-anchored Fe-based amorphous coatings
/home/sprice/coldspray_documents/documents/outputs/Article_5588/auto/Article_5588.md,Cavitation erosion of plasma-sprayed CoMoCrSi coatings
/home/sprice/coldspray_documents/documents/outputs/Article_1288/auto/Article_1288.md,Cold-spray processing of titanium 22 and titanium alloys
/home/sprice/coldspray_documents/documents/outputs/Article_1829/auto/Article_1829.md,Microstructure and Properties of AlCrCoFexNiCu High-Entropy Alloy Coating Synthesized via Cold Spraying-Assisted Induction Remelting Method
/home/sprice/coldspray_documents/documents/outputs/Article_2467/auto/Article_2467.md,Laser Annealing for Gas-Dynamical Spraying of HA Coating upon a Titanium Surface
/home/sprice/coldspray_documents/documents/outputs/Article_1101/auto/Article_1101.md,A novel void healing mechanism in cold sprayed nanostructured coating via grain boundary migration under low-temperature sintering
/home/sprice/coldspray_documents/documents/outputs/Article_709/auto/Article_709.md,Investigating the microstructure and mechanical properties of 316L/TiB2 composites fabricated by laser cladding additive manufacturing
/home/sprice/coldspray_documents/documents/outputs/Article_2586/auto/Article_2586.md,Synthesis and deposition of Ni–20Cr powder using cold spraying
/home/sprice/coldspray_documents/documents/outputs/Article_5776/auto/Article_5776.md,Nanoenergetic Materials: A New Era in Combustion and Propulsion
/home/sprice/coldspray_documents/documents/outputs/Article_5342/auto/Article_5342.md,Microstructure and wear properties of carbide reinforced high-entropy alloy coatings on EA4T steel via vibration assisted TIG-cladding using WC core spiral AlCuNiCrTi-CWW
/home/sprice/coldspray_documents/documents/outputs/Article_2369/auto/Article_2369.md,Heat treating additive-manufactured alloys: A comprehensive review
/home/sprice/coldspray_documents/documents/outputs/Article_941/auto/Article_941.md,Cyclic behavior of FeCoCrNiMn high entropy alloy coatings produced through cold spray
/home/sprice/coldspray_documents/documents/outputs/Article_704/auto/Article_704.md,Advanced mechanical properties of nickel-aluminum bronze/steel composite structure prepared by wire-arc additive manufacturing
/home/sprice/coldspray_documents/documents/outputs/Article_105/auto/Article_105.md,THE POTENTIAL OF THE COLD SPRAY PROCESS FOR THE REPAIR AND MANUFACTURE OF ALUMINIUM ALLOY PARTS
/home/sprice/coldspray_documents/documents/outputs/Article_1570/auto/Article_1570.md,High temperature oxidation and microstructural evolution of cold spray chromium coatings on Zircaloy-4 in steam environments
/home/sprice/coldspray_documents/documents/outputs/Article_3400/auto/Article_3400.md,Electromechanical application of magnetite nanomaterials blended with single-walled carbon nanotubes
/home/sprice/coldspray_documents/documents/outputs/Article_1395/auto/Article_1395.md,Synchrotron X-ray diffraction studies of the phase-specific deformation in additively manufactured Ni–CrC composites
/home/sprice/coldspray_documents/documents/outputs/Article_5122/auto/Article_5122.md,Comparison of oxidation behavior of YSZ and $\mathbf { G } \mathbf { d } _ { 2 } \mathbf { Z } \mathbf { r } _ { 2 } \mathbf { O } _ { 7 }$ thermal barrier coatings (TBCs)
/home/sprice/coldspray_documents/documents/outputs/Article_5774/auto/Article_5774.md,Plasma enhanced paste aluminizing of Ti–45Al–2Nb–2Mn–1B with Al–Si alloys
/home/sprice/coldspray_documents/documents/outputs/Article_5646/auto/Article_5646.md,Laser processing of Ti6Al4V alloy: wetting state of surface and environmental dust effects
/home/sprice/coldspray_documents/documents/outputs/Article_1383/auto/Article_1383.md,A novel approach for manufacturing cellular metallic structures using pulsed gas dynamic spraying process
/home/sprice/coldspray_documents/documents/outputs/Article_2942/auto/Article_2942.md,Surface and tribology characterization of diamond-like carbon flakes reinforced oxide film by pulse anodizing
/home/sprice/coldspray_documents/documents/outputs/Article_1851/auto/Article_1851.md,Sliding wear behavior of high entropy alloy coatings deposited through cold spraying and flame spraying: A comparative assessment
/home/sprice/coldspray_documents/documents/outputs/Article_6043/auto/Article_6043.md,Defect engineering in development of low thermal conductivity materials: A review
/home/sprice/coldspray_documents/documents/outputs/Article_2554/auto/Article_2554.md,Mechanically alloyed high entropy alloys: existing challenges and opportunities
/home/sprice/coldspray_documents/documents/outputs/Article_2681/auto/Article_2681.md,"Surface modification, including polymerization, nanocoating, and microencapsulation"
/home/sprice/coldspray_documents/documents/outputs/Article_3551/auto/Article_3551.md,"Preparation, microstructure evolution and performance of laser-cladded titanium alloy coating on mild steel"
/home/sprice/coldspray_documents/documents/outputs/Article_2251/auto/Article_2251.md,Wear and erosion performance of flame sprayed rare earth element-doped AlCoCrFeMo high entropy alloy coatings
/home/sprice/coldspray_documents/documents/outputs/Article_5237/auto/Article_5237.md,"Effects of HVOF sprayed, laser cladding and laser remelted preparation process on wear and corrosion properties of Fe-based amorphous alloy coatings"
/home/sprice/coldspray_documents/documents/outputs/Article_5649/auto/Article_5649.md,Characterization of thermal flame sprayed coatings prepared from FeCr mechanically milled powder
/home/sprice/coldspray_documents/documents/outputs/Article_1411/auto/Article_1411.md,Current status and future directions of thermal spray coatings and techniques
/home/sprice/coldspray_documents/documents/outputs/Article_2131/auto/Article_2131.md,Comparison of a cold‐sprayed and plasma‐sprayed Fe25Cr20Mo1Si amorphous alloy coatings on 40Cr substrates
/home/sprice/coldspray_documents/documents/outputs/Article_784/auto/Article_784.md,Cold spray manufacturing of oxide-dispersion strengthened (ODS) steels using gas-atomized and ball-milled 14YWT powders
/home/sprice/coldspray_documents/documents/outputs/Article_2226/auto/Article_2226.md,Interfacial characterization and reaction mechanism of Ti/Al multi-material structure during laser powder bed fusion process
/home/sprice/coldspray_documents/documents/outputs/Article_3108/auto/Article_3108.md,Synthesis of Ni-Al-Ta composite coatings on Al alloy plates and the transfer of Al powder via mechanical milling technique
/home/sprice/coldspray_documents/documents/outputs/Article_2000/auto/Article_2000.md,Analysis of cold gas dynamically sprayed aluminium deposits
/home/sprice/coldspray_documents/documents/outputs/Article_5214/auto/Article_5214.md,Crack Growth From Naturally Occurring Material Discontinuities
/home/sprice/coldspray_documents/documents/outputs/Article_3490/auto/Article_3490.md,Review Coronary Stenting: Reflections on a 35-Year Journey
/home/sprice/coldspray_documents/documents/outputs/Article_2867/auto/Article_2867.md,Rate-dependent nanoindentation creep behavior of a Fe-based amorphous coating
/home/sprice/coldspray_documents/documents/outputs/Article_5027/auto/Article_5027.md,A study on the feasibility of laser annealing to relieve residual stresses in cold spray coatings
/home/sprice/coldspray_documents/documents/outputs/Article_6120/auto/Article_6120.md,Effect of ${ \mathrm { N a } } _ { 2 } { \mathrm { M o O } } _ { 4 }$ on bond strength of adhesive-bonded phosphate coated magnesium AZ31 sheets
/home/sprice/coldspray_documents/documents/outputs/Article_5269/auto/Article_5269.md,Microstructure evolution and reaction mechanism of plasma sprayed Ti–Al–TiC based MAX phase coatings under post annealing
/home/sprice/coldspray_documents/documents/outputs/Article_2016/auto/Article_2016.md,Development of high pressure cold spray coatings of tungsten carbide composites
/home/sprice/coldspray_documents/documents/outputs/Article_5428/auto/Article_5428.md,Nanocrystalline ${ \sf A l } _ { 2 } 0 _ { 3 } – { \sf N i } ( { \sf C r } )$ particle synthesis by high-energy mechanical alloying method
/home/sprice/coldspray_documents/documents/outputs/Article_2276/auto/Article_2276.md,Research status of laser additive manufacturing for metal: a review
